"id","uuid","title","url"
1,"oai:ojs.pkp.sfu.ca:article/238","Propuesta Uso de Metodologías Formales Combinadas con Metodologías Agiles para el Desarrollo de Software","https://journal.espe.edu.ec/ojs/index.php/geeks/article/view/238"
2,"oai:ojs.pkp.sfu.ca:article/239","Modelado Orientado a Objetos para evaluar Métodos Numéricos utilizando Interfaces Visuales.","https://journal.espe.edu.ec/ojs/index.php/geeks/article/view/239"
3,"oai:ojs.pkp.sfu.ca:article/240","Guía de Aplicación de la Técnica de Calidad Seis Sigma en el Proceso de Desarrollo de Software","https://journal.espe.edu.ec/ojs/index.php/geeks/article/view/240"
4,"oai:ojs.pkp.sfu.ca:article/241","Formulación de un modelo para evaluar herramientas de análisis de requerimientos, basado en la norma ISO 25000.","https://journal.espe.edu.ec/ojs/index.php/geeks/article/view/241"
5,"oai:ojs.pkp.sfu.ca:article/242","Estudio de la Metodología Midas y la Plataforma Rails para el Desarrollo de un Sistema Web de Control de Proyectos","https://journal.espe.edu.ec/ojs/index.php/geeks/article/view/242"
6,"oai:ojs.pkp.sfu.ca:article/243","“Evolution”, Aplicación Tridimensional Interactiva Visual basada en el Framework XNA.","https://journal.espe.edu.ec/ojs/index.php/geeks/article/view/243"
7,"oai:ojs.pkp.sfu.ca:article/244","Evaluación del Rendimiento  de Redes IP utilizando  Plataformas de Virtualización  y Métodos de Simulación","https://journal.espe.edu.ec/ojs/index.php/geeks/article/view/244"
8,"oai:ojs.pkp.sfu.ca:article/245","Evaluación y Mitigación de Ataques Reales a Redes IP utilizando Tecnologías de Virtualización de Libre Distribució","https://journal.espe.edu.ec/ojs/index.php/geeks/article/view/245"
9,"oai:ojs.pkp.sfu.ca:article/246","Gateway para el envío masivo de mensajes cortos de texto (SMS)","https://journal.espe.edu.ec/ojs/index.php/geeks/article/view/246"
10,"oai:ojs.pkp.sfu.ca:article/247","Sistema Multimedia para la Enseñanza de Lenguaje y Comunicación, Unidad de Ortografía y Redacción, para el Sexto Año de Educación Básica","https://journal.espe.edu.ec/ojs/index.php/geeks/article/view/247"
11,"oai:ojs.pkp.sfu.ca:article/248","Sistema de control y seguridad para casas inteligentes orientado a la Web 2.0 bajo Linux desarrollado con JEE de Java.","https://journal.espe.edu.ec/ojs/index.php/geeks/article/view/248"
12,"oai:ojs.pkp.sfu.ca:article/249","Evaluación de ataques de Denegación de servicio DoS y DDoS, y mecanismos de protección","https://journal.espe.edu.ec/ojs/index.php/geeks/article/view/249"
13,"oai:ojs.pkp.sfu.ca:article/250","Bolsa de Empleo para Discapacitados utilizando Respuesta Interactiva de Voz y Transformación de Texto a Audio","https://journal.espe.edu.ec/ojs/index.php/geeks/article/view/250"
14,"oai:ojs.pkp.sfu.ca:article/251","Uso de la Web 2.0 en el Proceso Educativo para mejorar el Rendimiento Académico del Idioma Inglés","https://journal.espe.edu.ec/ojs/index.php/geeks/article/view/251"
15,"oai:ojs.pkp.sfu.ca:article/252","Sistema Web de Asignación de Aulas de los Laboratorios de Computación de la ESPE, Aplicando la Metodología Agile Unified Process (AUP), utilizando el Framework Junit","https://journal.espe.edu.ec/ojs/index.php/geeks/article/view/252"
16,"oai:ojs.pkp.sfu.ca:article/253","Control y Verificación de asistencia para estudiantes de la Modalidad de Estudios a Distancia usando colectores de Datos y Tecnología de Código de Barras.","https://journal.espe.edu.ec/ojs/index.php/geeks/article/view/253"
17,"oai:ojs.pkp.sfu.ca:article/254","Prototipo de la Tecnología IPTV mediante un Servidor de Contenidos Multimedia en Linux","https://journal.espe.edu.ec/ojs/index.php/geeks/article/view/254"
18,"oai:ojs.pkp.sfu.ca:article/255","Diseño e Implementación de una Arquitectura de Datawarehouse Escalable","https://journal.espe.edu.ec/ojs/index.php/geeks/article/view/255"
19,"oai:ojs.pkp.sfu.ca:article/256","Desarrollo de una aplicación interactiva aplicando la metodología OpenUP/Basic como parte del Proyecto ESPE-GINGA","https://journal.espe.edu.ec/ojs/index.php/geeks/article/view/256"
20,"oai:ojs.pkp.sfu.ca:article/257","La importancia de la Gestión de la Configuración del Software, en una Empresa de Desarrollo.","https://journal.espe.edu.ec/ojs/index.php/geeks/article/view/257"
21,"oai:ojs.pkp.sfu.ca:article/258","Sistema Cero Papeles para la Revisión de Correspondencia del Banco COFIEC SA","https://journal.espe.edu.ec/ojs/index.php/geeks/article/view/258"
22,"oai:ojs.pkp.sfu.ca:article/262","Prototipo de una Red Social utilizando Micro-formatos y Ontologías para Virtual Learning & Business Solutions","https://journal.espe.edu.ec/ojs/index.php/geeks/article/view/262"
23,"oai:ojs.pkp.sfu.ca:article/263","Estudio Comparativo de Plataformas Virtualizadas sobre Linux","https://journal.espe.edu.ec/ojs/index.php/geeks/article/view/263"
24,"oai:ojs.pkp.sfu.ca:article/264","Generador de Código Fuente para Gestión de Información de MySQL, SQL Server y Access para JAVA, PHP y ASP","https://journal.espe.edu.ec/ojs/index.php/geeks/article/view/264"
25,"oai:ojs.pkp.sfu.ca:article/265","Museo Virtual en 3D para la Fundación Guayasamín utilizando el Framework XNA para Aplicaciones Desktop Multimedia","https://journal.espe.edu.ec/ojs/index.php/geeks/article/view/265"
26,"oai:ojs.pkp.sfu.ca:article/266","Sistema “Gestor Fiducia Fondos JEE” Mediante Servicios de Cloud Computing, Estudio de Factibilidad e Implementación","https://journal.espe.edu.ec/ojs/index.php/geeks/article/view/266"
27,"oai:ojs.pkp.sfu.ca:article/267","Modelo de Inteligencia de Negocios de Gestión de Consultoría para una Empresa Analítica","https://journal.espe.edu.ec/ojs/index.php/geeks/article/view/267"
28,"oai:ojs.pkp.sfu.ca:article/268","SISTEMA DE ADMINISTRACIÓN DE CALIFICACIONES CON INTEGRACIÓN DE AGENTE DELIBERATIVO PARA PREDICCIÓN DEL DESEMPEÑO ACADÉMICO EN ESTUDIANTES UNIVERSITARIOS","https://journal.espe.edu.ec/ojs/index.php/geeks/article/view/268"
29,"oai:ojs.pkp.sfu.ca:article/272","APLICACIONES  MÓVILES MULTIPLATAFORMA PARA  CONSULTAS ACADÉMICAS EN INSTITUCIONES DE  EDUCACIÓN SUPERIOR","https://journal.espe.edu.ec/ojs/index.php/geeks/article/view/272"
30,"oai:ojs.pkp.sfu.ca:article/273","Capacidad de Conmutación de los Equipos Activos para una Red LAN Corporativa","https://journal.espe.edu.ec/ojs/index.php/geeks/article/view/273"
31,"oai:ojs.pkp.sfu.ca:article/274","ANÁLISIS DE LOS INDICADORES DE CALIDAD SEO COMO HERRAMIENTA PARA DETERMINAR EL RANKING DE LAS UNIVERSIDADES","https://journal.espe.edu.ec/ojs/index.php/geeks/article/view/274"
32,"oai:ojs.pkp.sfu.ca:article/275","Marco de Referencia para la Gestión de Proyectos de Desarrollo de Software","https://journal.espe.edu.ec/ojs/index.php/geeks/article/view/275"
33,"oai:ojs.pkp.sfu.ca:article/277","Análisis, Diseño y Desarrollo del Sistema de Monitorización para el Servicio de Comunicaciones Unificadas en Elastix 2","https://journal.espe.edu.ec/ojs/index.php/geeks/article/view/277"
34,"oai:ojs.pkp.sfu.ca:article/278","Mitigación de Ataques DDoS en Base de Datos Mediante un Balanceador de Carga","https://journal.espe.edu.ec/ojs/index.php/geeks/article/view/278"
35,"oai:ojs.pkp.sfu.ca:article/279","Evaluación del Ataque ShellShock","https://journal.espe.edu.ec/ojs/index.php/geeks/article/view/279"
36,"oai:ojs.pkp.sfu.ca:article/281","Prácticas de Ingeniería de Requisitos en las Empresas de Desarrollo de Software, en la Ciudad de Quito - Ecuador","https://journal.espe.edu.ec/ojs/index.php/geeks/article/view/281"
37,"oai:ojs.pkp.sfu.ca:article/282","Detección y mitigación de ataques ARP Spoof empleando entornos virtualizados","https://journal.espe.edu.ec/ojs/index.php/geeks/article/view/282"
38,"oai:ojs.pkp.sfu.ca:article/2579","Las tecnologías Power Line Communications y LiFi como una alternativa de acceso a Internet para las zonas rurales de Ecuador.","https://journal.espe.edu.ec/ojs/index.php/geeks/article/view/2579"
39,"oai:ojs.pkp.sfu.ca:article/2732","Sensor de proximidad como prevención de problemas visuales en los niños","https://journal.espe.edu.ec/ojs/index.php/geeks/article/view/2732"
40,"oai:ojs.pkp.sfu.ca:article/2734","Prototipo de aplicación móvil, modular para el proceso de rehabilitación de personas con Afasia de Broca","https://journal.espe.edu.ec/ojs/index.php/geeks/article/view/2734"
41,"oai:ojs.pkp.sfu.ca:article/2821","Efectos de la musicoterapia en la ejercitación de adultos mayores a través de un dispositivo multimedial","https://journal.espe.edu.ec/ojs/index.php/geeks/article/view/2821"
42,"oai:ojs.pkp.sfu.ca:article/2844","Prototipo de aplicación para un sistema de gestión centralizado de caja común para medios de transporte público","https://journal.espe.edu.ec/ojs/index.php/geeks/article/view/2844"
43,"oai:ojs.pkp.sfu.ca:article/2847","Gestión de los residuos electrónicos y eléctricos: propuesta de creación de punto limpio para el óptimo manejo de los RAEE","https://journal.espe.edu.ec/ojs/index.php/geeks/article/view/2847"
44,"oai:ojs.pkp.sfu.ca:article/2848","Revisión Sistemática: Tipos de Ataques de Inyección SQL","https://journal.espe.edu.ec/ojs/index.php/geeks/article/view/2848"
45,"oai:ojs.pkp.sfu.ca:article/2849","Propuesta de aplicación móvil asociada a una pulsera sensorial como herramienta para contrarrestar los niveles de estrés y ansiedad en las personas","https://journal.espe.edu.ec/ojs/index.php/geeks/article/view/2849"
46,"oai:ojs.pkp.sfu.ca:article/2856","Desarrollo de un prototipo de medición de estrés por ondas cerebrales y su disminución aplicando musicoterapia a estudiantes universitarios","https://journal.espe.edu.ec/ojs/index.php/geeks/article/view/2856"
47,"oai:ojs.pkp.sfu.ca:article/3018","Incertidumbre de la interacción en el marketing digital realizado en Facebook en el mercado ecuatoriano: una aproximación usando Machine Learning.","https://journal.espe.edu.ec/ojs/index.php/geeks/article/view/3018"
48,"oai:ojs.pkp.sfu.ca:article/3163","Analysis of propagation models in open areas with measurement for LTE technology in Riobamba-Ecuador","https://journal.espe.edu.ec/ojs/index.php/geeks/article/view/3163"
49,"oai:ojs.pkp.sfu.ca:article/3208","Un Enfoque Innovador para Inferir Redes a partir de Hilos de Tweets en X","https://journal.espe.edu.ec/ojs/index.php/geeks/article/view/3208"
50,"oai:ojs.pkp.sfu.ca:article/3221","Una Metodología para Testing enfocada a Aplicativos Móviles: Metodología de Testing Móvil","https://journal.espe.edu.ec/ojs/index.php/geeks/article/view/3221"
51,"oai:ojs.pkp.sfu.ca:article/3243","Evaluación de la accesibilidad y usabilidad del portal web educativo para usuarios con discapacidad visual","https://journal.espe.edu.ec/ojs/index.php/geeks/article/view/3243"
52,"oai:ojs.pkp.sfu.ca:article/3597","Optimizar la entrada de vehículos durante las horas de mayor tráfico.","https://journal.espe.edu.ec/ojs/index.php/geeks/article/view/3597"
53,"oai:ojs.pkp.sfu.ca:article/3599","Aplicación móvil utilizando realidad aumentada para la orientación guiada de la comunidad universitaria","https://journal.espe.edu.ec/ojs/index.php/geeks/article/view/3599"
54,"oai:ojs.pkp.sfu.ca:article/365","La clasificación de universidades como herramienta de gestión universitaria","https://publicaciones.ucuenca.edu.ec/ojs/index.php/maskana/article/view/365"
55,"oai:ojs.pkp.sfu.ca:article/366","La aplicación del análisis inverso de deslizamientos como herramienta para la determinación de los parámetros geomecánicos del suelo","https://publicaciones.ucuenca.edu.ec/ojs/index.php/maskana/article/view/366"
56,"oai:ojs.pkp.sfu.ca:article/367","Homogenización computacional aplicada al estudio de suelos tipo conglomerado del austro ecuatoriano","https://publicaciones.ucuenca.edu.ec/ojs/index.php/maskana/article/view/367"
57,"oai:ojs.pkp.sfu.ca:article/368","Localización de sitios en mapas raster para minimizar impactos de flujo","https://publicaciones.ucuenca.edu.ec/ojs/index.php/maskana/article/view/368"
58,"oai:ojs.pkp.sfu.ca:article/369","Evaluación de un modelo hidrológico basado en datos para simular el escurrimiento de cuencas andinas de tamaño mediano","https://publicaciones.ucuenca.edu.ec/ojs/index.php/maskana/article/view/369"
59,"oai:ojs.pkp.sfu.ca:article/370","Modelación hidrológica de una microcuenca Altoandina ubicada en el Austro Ecuatoriano","https://publicaciones.ucuenca.edu.ec/ojs/index.php/maskana/article/view/370"
60,"oai:ojs.pkp.sfu.ca:article/371","Incorporación de la ecología acuática a la investigación hidrológica de ecosistemas en los altos Andes","https://publicaciones.ucuenca.edu.ec/ojs/index.php/maskana/article/view/371"
61,"oai:ojs.pkp.sfu.ca:article/372","Actitudes de los adolescentes escolarizados de Cuenca hacia la diversidad sexual","https://publicaciones.ucuenca.edu.ec/ojs/index.php/maskana/article/view/372"
62,"oai:ojs.pkp.sfu.ca:article/373","Metales pesados en humedales de arroz en la cuenca baja del río Guayas","https://publicaciones.ucuenca.edu.ec/ojs/index.php/maskana/article/view/373"
63,"oai:ojs.pkp.sfu.ca:article/374","Caracterización de las principales influencias climáticas externas en la precipitación y la temperatura del aire en la cuenca del río Paute - Andes del Sur del Ecuador","https://publicaciones.ucuenca.edu.ec/ojs/index.php/maskana/article/view/374"
64,"oai:ojs.pkp.sfu.ca:article/375","Sobre la evaluación de predicciones de un modelo de recursos hídricos","https://publicaciones.ucuenca.edu.ec/ojs/index.php/maskana/article/view/375"
65,"oai:ojs.pkp.sfu.ca:article/377","Evaluación hidráulica de estanques de estabilización de residuos: comparación de simulaciones de dinámica de fluidos computacional con datos de trazadores","https://publicaciones.ucuenca.edu.ec/ojs/index.php/maskana/article/view/377"
66,"oai:ojs.pkp.sfu.ca:article/378","Desempeño de modelos hidráulicos 1D y 2D para la simulación de inundaciones","https://publicaciones.ucuenca.edu.ec/ojs/index.php/maskana/article/view/378"
67,"oai:ojs.pkp.sfu.ca:article/379","Métodos para el análisis de la estabilidad de pendientes","https://publicaciones.ucuenca.edu.ec/ojs/index.php/maskana/article/view/379"
68,"oai:ojs.pkp.sfu.ca:article/380","Monitoreo de movimientos de ladera en el sector de San Pedro de Vilcabamba mediante procedimientos GPS","https://publicaciones.ucuenca.edu.ec/ojs/index.php/maskana/article/view/380"
69,"oai:ojs.pkp.sfu.ca:article/381","Análisis de los factores que influyen el emprendimiento y la sostenibilidad de las empresas del área urbana de la ciudad de Cuenca, Ecuador","https://publicaciones.ucuenca.edu.ec/ojs/index.php/maskana/article/view/381"
70,"oai:ojs.pkp.sfu.ca:article/382","Percepciones sobre la diversidad sexual en adolescentes escolarizados de la ciudad de Cuenca","https://publicaciones.ucuenca.edu.ec/ojs/index.php/maskana/article/view/382"
71,"oai:ojs.pkp.sfu.ca:article/383","Manejo de la hipertensión arterial desde los servicios de atención primaria","https://publicaciones.ucuenca.edu.ec/ojs/index.php/maskana/article/view/383"
72,"oai:ojs.pkp.sfu.ca:article/384","Evaluación de las emisiones de vapor mercurial en procesos de amalgamado artesanal: caso Cantón Ponce Enríquez, Provincia del Azuay","https://publicaciones.ucuenca.edu.ec/ojs/index.php/maskana/article/view/384"
73,"oai:ojs.pkp.sfu.ca:article/385","Modelización de las consecuencias hidrológicas del cambio climático y del uso de la tierra - Avances y desafíos","https://publicaciones.ucuenca.edu.ec/ojs/index.php/maskana/article/view/385"
74,"oai:ojs.pkp.sfu.ca:article/390","Prejuicios y estereotipos negativos que perciben los niños de emigrantes de sus compañeros de escuela","https://publicaciones.ucuenca.edu.ec/ojs/index.php/maskana/article/view/390"
75,"oai:ojs.pkp.sfu.ca:article/391","Retrasos del desarrollo psicomotriz en niños y niñas urbanos de 0 a 5 años: Estudio de caso en la zona urbana de Cuenca, Ecuador","https://publicaciones.ucuenca.edu.ec/ojs/index.php/maskana/article/view/391"
76,"oai:ojs.pkp.sfu.ca:article/392","Estudio comparativo entre la atención del alumbramiento activo modificado y el alumbramiento activo","https://publicaciones.ucuenca.edu.ec/ojs/index.php/maskana/article/view/392"
77,"oai:ojs.pkp.sfu.ca:article/393","Fluorosis dental: Prevalencia, grados de severidad y factores de riesgo en niños de 7 a 13 años del Cantón Cuenca","https://publicaciones.ucuenca.edu.ec/ojs/index.php/maskana/article/view/393"
78,"oai:ojs.pkp.sfu.ca:article/394","Un sistema de información para la gestión de la documentación patrimonial de la ciudad de Cuenca, Ecuador","https://publicaciones.ucuenca.edu.ec/ojs/index.php/maskana/article/view/394"
79,"oai:ojs.pkp.sfu.ca:article/395","Seguimiento 3D semi-autónomo","https://publicaciones.ucuenca.edu.ec/ojs/index.php/maskana/article/view/395"
80,"oai:ojs.pkp.sfu.ca:article/396","Mapeo del peligro de inundación en ríos de montaña, caso de estudio del río Burgay","https://publicaciones.ucuenca.edu.ec/ojs/index.php/maskana/article/view/396"
81,"oai:ojs.pkp.sfu.ca:article/397","Los profesores de inglés y su práctica docente: Un estudio de caso de los colegios fiscales de la ciudad de Cuenca, Ecuador","https://publicaciones.ucuenca.edu.ec/ojs/index.php/maskana/article/view/397"
82,"oai:ojs.pkp.sfu.ca:article/398","El femicidio: La manifestación mortal de la violencia contra la mujer","https://publicaciones.ucuenca.edu.ec/ojs/index.php/maskana/article/view/398"
83,"oai:ojs.pkp.sfu.ca:article/399","El desarrollo psicomotor y la calidad de la atención temprana","https://publicaciones.ucuenca.edu.ec/ojs/index.php/maskana/article/view/399"
84,"oai:ojs.pkp.sfu.ca:article/400","Efectos de la capacitación y registros electrónicos médicos en la calidad de las prácticas obstétricas: Un estudio exploratorio","https://publicaciones.ucuenca.edu.ec/ojs/index.php/maskana/article/view/400"
85,"oai:ojs.pkp.sfu.ca:article/401","El detalle como intensificación de la forma en el Library and Administration Building, del Illinois Institute of Technology, de Ludwig Mies van der Rohe","https://publicaciones.ucuenca.edu.ec/ojs/index.php/maskana/article/view/401"
86,"oai:ojs.pkp.sfu.ca:article/403","Estimación del riesgo de fallo en el suministro de agua como ayuda a la planificación y gestión de recursos hídricos","https://publicaciones.ucuenca.edu.ec/ojs/index.php/maskana/article/view/403"
87,"oai:ojs.pkp.sfu.ca:article/404","Identificación de las principales fuentes de agua que aportan a la generación de escorrentía en zonas Andinas de páramo húmedo: mediante el uso de los isótopos estables deuterio (δ2H) y oxígeno-18 (δ18O)","https://publicaciones.ucuenca.edu.ec/ojs/index.php/maskana/article/view/404"
88,"oai:ojs.pkp.sfu.ca:article/405","Conductas y preferencias de lectura de estudiantes en universidades públicas y privadas en Ecuador: Un estudio comparativo","https://publicaciones.ucuenca.edu.ec/ojs/index.php/maskana/article/view/405"
89,"oai:ojs.pkp.sfu.ca:article/406","Factores de riesgo asociados a la osteoporosis posmenopáusica: Estudio de casos de los Hospitales Vicente Corral y José Carrasco","https://publicaciones.ucuenca.edu.ec/ojs/index.php/maskana/article/view/406"
90,"oai:ojs.pkp.sfu.ca:article/407","Efecto de suplementos de zinc en la incidencia de caries y en la concentración de Inmunoglobulinas A salivales en niños escolares de talla baja","https://publicaciones.ucuenca.edu.ec/ojs/index.php/maskana/article/view/407"
91,"oai:ojs.pkp.sfu.ca:article/408","Detección por medio de la técnica RT-PCR de los virus CymMV y ORSV en el cultivo de orquídeas","https://publicaciones.ucuenca.edu.ec/ojs/index.php/maskana/article/view/408"
92,"oai:ojs.pkp.sfu.ca:article/409","Desarrollo de la composición óptima del pan de dulce y de sal utilizando ingredientes tradicionales","https://publicaciones.ucuenca.edu.ec/ojs/index.php/maskana/article/view/409"
93,"oai:ojs.pkp.sfu.ca:article/412","El detalle en la arquitectura construida del Illinois Institute of Technology de Mies van der Rohe","https://publicaciones.ucuenca.edu.ec/ojs/index.php/maskana/article/view/412"
94,"oai:ojs.pkp.sfu.ca:article/413","Modelación de flujo no saturado del suelo durante un evento de irrigación por inundación en una parcela de alfalfa","https://publicaciones.ucuenca.edu.ec/ojs/index.php/maskana/article/view/413"
95,"oai:ojs.pkp.sfu.ca:article/414","Análisis comparativo de modelos de flujo de ríos 1-D aplicando un enfoque cuasi 2D para la predicción de llanuras de inundación","https://publicaciones.ucuenca.edu.ec/ojs/index.php/maskana/article/view/414"
96,"oai:ojs.pkp.sfu.ca:article/416","Un análisis de la relación entre el desempeño de la educación superior y los indicadores socioeconómicos y tecnológicos: Estudio de caso de América Latina","https://publicaciones.ucuenca.edu.ec/ojs/index.php/maskana/article/view/416"
97,"oai:ojs.pkp.sfu.ca:article/417","Características de las relaciones románticas durante la adolescencia: Una revisión de la literatura anglo-occidental","https://publicaciones.ucuenca.edu.ec/ojs/index.php/maskana/article/view/417"
98,"oai:ojs.pkp.sfu.ca:article/418","El efecto de la innovación en las mipymes de Cuenca, Ecuador. Estudio observacional descriptivo transversal","https://publicaciones.ucuenca.edu.ec/ojs/index.php/maskana/article/view/418"
99,"oai:ojs.pkp.sfu.ca:article/419","Explorando los sentimientos de los padres, la familia y la sociedad a las personas con Síndrome de Down: Estudio observacional","https://publicaciones.ucuenca.edu.ec/ojs/index.php/maskana/article/view/419"
100,"oai:ojs.pkp.sfu.ca:article/420","Potencias de números enteros como suma de impares consecutivos","https://publicaciones.ucuenca.edu.ec/ojs/index.php/maskana/article/view/420"
101,"oai:ojs.pkp.sfu.ca:article/421","Sistema de registro de daños para determinar el estado constructivo en muros de adobe","https://publicaciones.ucuenca.edu.ec/ojs/index.php/maskana/article/view/421"
102,"oai:ojs.pkp.sfu.ca:article/422","Aplicabilidad de los modelos NAM y DBM para estimar caudales en subcuencas alto andinas de Ecuador","https://publicaciones.ucuenca.edu.ec/ojs/index.php/maskana/article/view/422"
103,"oai:ojs.pkp.sfu.ca:article/425","Factores de riesgo social en el desempeño escolar","https://publicaciones.ucuenca.edu.ec/ojs/index.php/maskana/article/view/425"
104,"oai:ojs.pkp.sfu.ca:article/426","Transformación universitaria y desarrollo regional","https://publicaciones.ucuenca.edu.ec/ojs/index.php/maskana/article/view/426"
105,"oai:ojs.pkp.sfu.ca:article/427","Eficacia de extracto etanólico de eucalipto (Eucalyptus globulus) en el control de Alternaria sp. en cultivos de col y patata","https://publicaciones.ucuenca.edu.ec/ojs/index.php/maskana/article/view/427"
106,"oai:ojs.pkp.sfu.ca:article/428","Síntesis y caracterización de nanopartículas magnéticas del tipo Fe3O4/TiO2, efecto del pH en la dispersión y estabilización en soluciones acuosas","https://publicaciones.ucuenca.edu.ec/ojs/index.php/maskana/article/view/428"
107,"oai:ojs.pkp.sfu.ca:article/429","Exposición, vulnerabilidad y perfil epidemiológico de trabajadores informales en el botadero a cielo abierto del cantón Portoviejo, Ecuador","https://publicaciones.ucuenca.edu.ec/ojs/index.php/maskana/article/view/429"
108,"oai:ojs.pkp.sfu.ca:article/430","Estudio de caso: Diseño de viviendas ambientales de bajo costo, Cuenca (Ecuador)","https://publicaciones.ucuenca.edu.ec/ojs/index.php/maskana/article/view/430"
109,"oai:ojs.pkp.sfu.ca:article/431","Evaluación de métodos de relleno para series temporales de precipitación y temperatura diarias: el caso de los Andes ecuatorianos","https://publicaciones.ucuenca.edu.ec/ojs/index.php/maskana/article/view/431"
110,"oai:ojs.pkp.sfu.ca:article/432","Influencia de las instituciones internacionales en el desarrollo del sistema educativo ecuatoriano durante el neoliberalismo","https://publicaciones.ucuenca.edu.ec/ojs/index.php/maskana/article/view/432"
111,"oai:ojs.pkp.sfu.ca:article/433","Explorando las conductas de lectura e investigación del profesorado en una universidad pública y privada: Estudio de caso Cuenca, Ecuador","https://publicaciones.ucuenca.edu.ec/ojs/index.php/maskana/article/view/433"
112,"oai:ojs.pkp.sfu.ca:article/435","Estimulación de los centros cerebrales del habla y el lenguaje en adquisición de lectoescritura en niños de 4 a 6 años","https://publicaciones.ucuenca.edu.ec/ojs/index.php/maskana/article/view/435"
113,"oai:ojs.pkp.sfu.ca:article/436","Diagnóstico de la relación entre el uso excesivo de las TICs y síntomas depresivos y ansiedad en estudiantes de medicina, Universidad de Cuenca, Ecuador","https://publicaciones.ucuenca.edu.ec/ojs/index.php/maskana/article/view/436"
114,"oai:ojs.pkp.sfu.ca:article/437","Remoción de la hemoglobina por adsorción sobre nanopartículas magnéticas de Fe3O4/TiO2","https://publicaciones.ucuenca.edu.ec/ojs/index.php/maskana/article/view/437"
115,"oai:ojs.pkp.sfu.ca:article/438","El desarrollo del Sistema Energético Solar-Hidrógeno en América Latina: Potencialidades, oportunidades y barreras","https://publicaciones.ucuenca.edu.ec/ojs/index.php/maskana/article/view/438"
116,"oai:ojs.pkp.sfu.ca:article/439","Inducción de la brotación in vitro de microplántulas de Nogal (Juglans neotropica) tratadas con Thidiazuron (TDZ) y 6-Bencilaminnopurina (BAP)","https://publicaciones.ucuenca.edu.ec/ojs/index.php/maskana/article/view/439"
117,"oai:ojs.pkp.sfu.ca:article/440","Uso de suero de leche líquido en la alimentación de cuyes (Cavia porcellus) en la etapa de crecimiento y engorde","https://publicaciones.ucuenca.edu.ec/ojs/index.php/maskana/article/view/440"
118,"oai:ojs.pkp.sfu.ca:article/441","Simplificación del proceso complejo de reducción de escala de los modelos climáticos globales por medio de la aplicación web SDW","https://publicaciones.ucuenca.edu.ec/ojs/index.php/maskana/article/view/441"
119,"oai:ojs.pkp.sfu.ca:article/442","Hombres y masculinidad ¿Un cambio de modelo?","https://publicaciones.ucuenca.edu.ec/ojs/index.php/maskana/article/view/442"
120,"oai:ojs.pkp.sfu.ca:article/443","¿Cómo salir de la pobreza? El capital humano frente a las capacidades humanas","https://publicaciones.ucuenca.edu.ec/ojs/index.php/maskana/article/view/443"
121,"oai:ojs.pkp.sfu.ca:article/444","Educación sexual: La asignatura pendiente","https://publicaciones.ucuenca.edu.ec/ojs/index.php/maskana/article/view/444"
122,"oai:ojs.pkp.sfu.ca:article/445","Evaluación preliminar de las competencias numéricas de los niños de un preescolar y un jardín de infantes públicos en Cuenca","https://publicaciones.ucuenca.edu.ec/ojs/index.php/maskana/article/view/445"
123,"oai:ojs.pkp.sfu.ca:article/475","El impacto de la capacitación a profesores fiscales de inglés de Cuenca","https://publicaciones.ucuenca.edu.ec/ojs/index.php/maskana/article/view/475"
124,"oai:ojs.pkp.sfu.ca:article/476","Prevalencia del síndrome Meares-Irlen/Estrés Visual que afecta la lectura en niños de tercer grado","https://publicaciones.ucuenca.edu.ec/ojs/index.php/maskana/article/view/476"
125,"oai:ojs.pkp.sfu.ca:article/477","Prevalencia de genotipos del papiloma virus humano en mujeres de la provincia del Azuay, Ecuador","https://publicaciones.ucuenca.edu.ec/ojs/index.php/maskana/article/view/477"
126,"oai:ojs.pkp.sfu.ca:article/478","Análisis preliminar de la fitotoxicidad del material particulado sedimentable de la zona urbana de Cuenca","https://publicaciones.ucuenca.edu.ec/ojs/index.php/maskana/article/view/478"
127,"oai:ojs.pkp.sfu.ca:article/479","La biodiversidad urbana como síntoma de una ciudad sostenible. Estudio de la zona del Yanuncay en Cuenca, Ecuador","https://publicaciones.ucuenca.edu.ec/ojs/index.php/maskana/article/view/479"
128,"oai:ojs.pkp.sfu.ca:article/480","Análisis histórico - constructivo de la iglesia de Santo Domingo de Guzmán (Pajarejos, Segovia) por medio del análisis estratigráfico constructivo","https://publicaciones.ucuenca.edu.ec/ojs/index.php/maskana/article/view/480"
129,"oai:ojs.pkp.sfu.ca:article/481","Evaluación de pavimentos en base a métodos no destructivos y análisis inverso","https://publicaciones.ucuenca.edu.ec/ojs/index.php/maskana/article/view/481"
130,"oai:ojs.pkp.sfu.ca:article/485","Dominios y facetas de la personalidad en estudiantes universitarios con patrón nocivo del consumo de alcohol","https://publicaciones.ucuenca.edu.ec/ojs/index.php/maskana/article/view/485"
131,"oai:ojs.pkp.sfu.ca:article/486","Modelos mentales aplicados en la evaluación de aprendizajes por docentes de la Facultad de Filosofía de la Universidad de Cuenca","https://publicaciones.ucuenca.edu.ec/ojs/index.php/maskana/article/view/486"
132,"oai:ojs.pkp.sfu.ca:article/487","Evaluación de los estilos educativos familiares en la ciudad de Cuenca","https://publicaciones.ucuenca.edu.ec/ojs/index.php/maskana/article/view/487"
133,"oai:ojs.pkp.sfu.ca:article/488","Las experiencias con programas de intercambio internacionales en la Universidad de Cuenca, Ecuador: Percepciones de participantes","https://publicaciones.ucuenca.edu.ec/ojs/index.php/maskana/article/view/488"
134,"oai:ojs.pkp.sfu.ca:article/489","Alumnos internacionales en la Universidad de Cuenca: un estudio de sus necesidades y percepciones.","https://publicaciones.ucuenca.edu.ec/ojs/index.php/maskana/article/view/489"
135,"oai:ojs.pkp.sfu.ca:article/490","Minería: de una actividad conflictiva a una colaborativa. Una revisión de la literatura.","https://publicaciones.ucuenca.edu.ec/ojs/index.php/maskana/article/view/490"
136,"oai:ojs.pkp.sfu.ca:article/491","La paridad en el mundo andino","https://publicaciones.ucuenca.edu.ec/ojs/index.php/maskana/article/view/491"
137,"oai:ojs.pkp.sfu.ca:article/492","Dislexia, déficit de atención/hiperactividad o Síndrome Irlen","https://publicaciones.ucuenca.edu.ec/ojs/index.php/maskana/article/view/492"
138,"oai:ojs.pkp.sfu.ca:article/493","Las relaciones de convivencia de los niños, niñas y adolescentes sordos o hipoacústicos: Estudio cualitativo exploratorio","https://publicaciones.ucuenca.edu.ec/ojs/index.php/maskana/article/view/493"
139,"oai:ojs.pkp.sfu.ca:article/494","Evaluación antropométrica de los preescolares de la zona urbana en Cuenca, Ecuador","https://publicaciones.ucuenca.edu.ec/ojs/index.php/maskana/article/view/494"
140,"oai:ojs.pkp.sfu.ca:article/495","Diagnóstico del uso de plaguicidas en el cultivo de tomate riñón en el Cantón Paute","https://publicaciones.ucuenca.edu.ec/ojs/index.php/maskana/article/view/495"
141,"oai:ojs.pkp.sfu.ca:article/496","Evidencia geológica y arqueológica de los eventos de El Niño en la costa de la Provincia de El Oro Ecuador: Excavaciones en La Emerenciana, centro ceremonial tardío de la cultura Valdivia (2200-1450 a. C.)","https://publicaciones.ucuenca.edu.ec/ojs/index.php/maskana/article/view/496"
142,"oai:revistas.ups.edu.ec:article/5","Disminución de contaminantes aéreos en una planta de balanceados mediante la propuesta de un sistema de extracción de polvo","https://revistas.ups.edu.ec/index.php/ingenius/article/view/12.2014.01"
143,"oai:revistas.ups.edu.ec:article/27","Editorial","https://revistas.ups.edu.ec/index.php/ingenius/article/view/27"
144,"oai:revistas.ups.edu.ec:article/28","Microrredes basadas en electrónica de potencia: características, operación y estabilidad","https://revistas.ups.edu.ec/index.php/ingenius/article/view/12.2014.02"
145,"oai:revistas.ups.edu.ec:article/29","Microrredes basadas en electrónica de potencia: parte II: control de potencia activa y reactiva","https://revistas.ups.edu.ec/index.php/ingenius/article/view/12.2014.03"
146,"oai:revistas.ups.edu.ec:article/30","Análisis y solución numérica de la proporción y variación de aire secundario en una cámara de combustión de bagazo","https://revistas.ups.edu.ec/index.php/ingenius/article/view/12.2014.04"
147,"oai:revistas.ups.edu.ec:article/31","Efecto de la interacción electromagnética de baja intensidad en la microestructura y propiedades mecánicas de soldaduras de acero inoxidable dúplex","https://revistas.ups.edu.ec/index.php/ingenius/article/view/12.2014.05"
148,"oai:revistas.ups.edu.ec:article/32","Análisis de la combustión de metano y una mezcla equimolar metano-syngas en un quemador de combustión estabilizada en la superficie: eficiencia y emisiones contaminantes","https://revistas.ups.edu.ec/index.php/ingenius/article/view/12.2014.06"
149,"oai:revistas.ups.edu.ec:article/33","Linear model for the identification of critical speeds in an MCIA turbocharger","https://revistas.ups.edu.ec/index.php/ingenius/article/view/12.2014.07"
150,"oai:revistas.ups.edu.ec:article/34","Estudio teórico y experimental de la velocidad de deflagración laminar de una mezcla glp/gas de síntesis","https://revistas.ups.edu.ec/index.php/ingenius/article/view/12.2014.08"
151,"oai:revistas.ups.edu.ec:article/35","Riesgo de Tsunami en Ecuador","https://revistas.ups.edu.ec/index.php/ingenius/article/view/12.2014.09"
152,"oai:revistas.ups.edu.ec:article/36","Editorial","https://revistas.ups.edu.ec/index.php/ingenius/article/view/36"
153,"oai:revistas.ups.edu.ec:article/37","Análisis de los efectos dispersivos y no lineales de un canal óptico empleando métodos numéricos","https://revistas.ups.edu.ec/index.php/ingenius/article/view/11.2014.01"
154,"oai:revistas.ups.edu.ec:article/38","Diseño y construcción de un escáner bifocal para la obtención de una nube de puntos a través de filtrado y adquisición de imágenes","https://revistas.ups.edu.ec/index.php/ingenius/article/view/11.2014.02"
155,"oai:revistas.ups.edu.ec:article/39","La radiación solar global en la provincia de Loja, evaluación preliminar utilizando el método de Hottel","https://revistas.ups.edu.ec/index.php/ingenius/article/view/11.2014.03"
156,"oai:revistas.ups.edu.ec:article/41","Propuesta de diseño estructural para buses de carroceria interporvincial","https://revistas.ups.edu.ec/index.php/ingenius/article/view/11.2014.05"
157,"oai:revistas.ups.edu.ec:article/114","Estudio de tecnologías innovadoras para sistemas de propulsión en aeronaves.","https://revistas.ups.edu.ec/index.php/ingenius/article/view/13.2015.01"
158,"oai:revistas.ups.edu.ec:article/115","Filtro de Kalman extendido aplicado en la navegación de un AUV","https://revistas.ups.edu.ec/index.php/ingenius/article/view/13.2015.02"
159,"oai:revistas.ups.edu.ec:article/116","Diseño y construcción de una máquina perforadora de suelo para anclajes de diámetro 32 x 12 000 mm de largo para la estabilización de taludes","https://revistas.ups.edu.ec/index.php/ingenius/article/view/13.2015.03"
160,"oai:revistas.ups.edu.ec:article/117","Simulación numérica de un horno tipo empujador para palanquillas con formación de óxido","https://revistas.ups.edu.ec/index.php/ingenius/article/view/13.2015.04"
161,"oai:revistas.ups.edu.ec:article/118","Penalización de ancho de banda en redes de acceso óptico que utilizan el formato de modulación DPSK","https://revistas.ups.edu.ec/index.php/ingenius/article/view/13.2015.05"
162,"oai:revistas.ups.edu.ec:article/119","Diseño, construcción y evaluación de dispositivos de estimulación periférica en extremidades inferiores, para ayuda a pacientes de párkinson con problemas de congelamiento de la marcha","https://revistas.ups.edu.ec/index.php/ingenius/article/view/13.2015.06"
163,"oai:revistas.ups.edu.ec:article/120","Editorial","https://revistas.ups.edu.ec/index.php/ingenius/article/view/120"
164,"oai:revistas.ups.edu.ec:article/261","Yanapay: Sistema de evacuación basado en tecnología RFID y dispositivos Android","https://revistas.ups.edu.ec/index.php/ingenius/article/view/14.2015.01"
165,"oai:revistas.ups.edu.ec:article/262","Emergency-route, buscador de rutas de evacuación para escenarios de emergencia y rescate","https://revistas.ups.edu.ec/index.php/ingenius/article/view/14.2015.02"
166,"oai:revistas.ups.edu.ec:article/265","Diseño y construcción de sensores automatizados de gases de efecto invernadero en la baja troposfera","https://revistas.ups.edu.ec/index.php/ingenius/article/view/14.2015.03"
167,"oai:revistas.ups.edu.ec:article/284","Efectividad de la codificación grey en la transmisión de datos en un canal digital AWGN","https://revistas.ups.edu.ec/index.php/ingenius/article/view/14.2015.04"
168,"oai:revistas.ups.edu.ec:article/286","Caracterización del flujo de aire en colinas para el emplazamiento de parques eólicos.","https://revistas.ups.edu.ec/index.php/ingenius/article/view/15.2016.02"
169,"oai:revistas.ups.edu.ec:article/287","Una propuesta de un ecosistema basado en herramientas TIC inteligentes para apoyar el diagnóstico y la intervención de pacientes con trastornos de la comunicación","https://revistas.ups.edu.ec/index.php/ingenius/article/view/14.2015.06"
170,"oai:revistas.ups.edu.ec:article/293","Editorial","https://revistas.ups.edu.ec/index.php/ingenius/article/view/293"
171,"oai:revistas.ups.edu.ec:article/311","Adaptación del algoritmo SchmidlL & Cox a sistemas de portadora única en un canal inalámbrico","https://revistas.ups.edu.ec/index.php/ingenius/article/view/14.2015.05"
172,"oai:revistas.ups.edu.ec:article/345","Solar manager: plataforma cloud de adquisición, tratamiento y visualización de información de sistemas fotovoltaicos aislados","https://revistas.ups.edu.ec/index.php/ingenius/article/view/15.2016.01"
173,"oai:revistas.ups.edu.ec:article/349","Control difuso adaptativo para un mecanismo no lineal de helicóptero","https://revistas.ups.edu.ec/index.php/ingenius/article/view/10.2013.01"
174,"oai:revistas.ups.edu.ec:article/350","Editorial","https://revistas.ups.edu.ec/index.php/ingenius/article/view/350"
175,"oai:revistas.ups.edu.ec:article/351","Reconocimiento de voz basado en MFCC, SBC y Espectrogramas","https://revistas.ups.edu.ec/index.php/ingenius/article/view/10.2013.02"
176,"oai:revistas.ups.edu.ec:article/353","Comunicaciones celulares para medición inteligente de energía eléctrica en sistemas de distribución","https://revistas.ups.edu.ec/index.php/ingenius/article/view/10.2013.03"
177,"oai:revistas.ups.edu.ec:article/356","Implementación de un sistema de monitoreo de área extendida WAMS en el Sistema Nacional Interconectado del Ecuador SNI","https://revistas.ups.edu.ec/index.php/ingenius/article/view/10.2013.04"
178,"oai:revistas.ups.edu.ec:article/357","Generación distribuida a partir de bicicletas estáticas y sistemas híbridos","https://revistas.ups.edu.ec/index.php/ingenius/article/view/10.2013.05"
179,"oai:revistas.ups.edu.ec:article/360","Implementación de un algoritmo de control predictivo en espacio de estados sobre una plataforma de simulación desarrollada en Matlab","https://revistas.ups.edu.ec/index.php/ingenius/article/view/9.2013.01"
180,"oai:revistas.ups.edu.ec:article/361","Análisis de controladores por realimentación de estados, control óptimo y lógica difusa, para un péndulo de Furuta","https://revistas.ups.edu.ec/index.php/ingenius/article/view/9.2013.02"
181,"oai:revistas.ups.edu.ec:article/363","Determinación del porcentaje de humedad, solubles e insolubles en agua de la fibra de Carludovica Palmata (paja toquilla)","https://revistas.ups.edu.ec/index.php/ingenius/article/view/9.2013.03"
182,"oai:revistas.ups.edu.ec:article/365","Experiencias en la obtención de compuestos poliméricos reforzados con fibra natural de Ecuador","https://revistas.ups.edu.ec/index.php/ingenius/article/view/9.2013.04"
183,"oai:revistas.ups.edu.ec:article/368","Modelo computacional para determinar el nivel óptimo de cargabilidad de los transformadores de potencia del sistema nacional interconectado","https://revistas.ups.edu.ec/index.php/ingenius/article/view/9.2013.05"
184,"oai:revistas.ups.edu.ec:article/369","Estudio del sistema para la gestión de interrupciones OMS, en redes de distribución eléctrica y de los requerimientos para su implementación","https://revistas.ups.edu.ec/index.php/ingenius/article/view/9.2013.06"
185,"oai:revistas.ups.edu.ec:article/377","Modelos de negocios para OMV en el Ecuador","https://revistas.ups.edu.ec/index.php/ingenius/article/view/9.2013.07"
186,"oai:revistas.ups.edu.ec:article/378","Estudio del estado del arte de las prótesis de mano","https://revistas.ups.edu.ec/index.php/ingenius/article/view/9.2013.08"
187,"oai:revistas.ups.edu.ec:article/379","Diseño e implementación de un laboratorio de instrumentación industrial","https://revistas.ups.edu.ec/index.php/ingenius/article/view/9.2013.09"
188,"oai:revistas.ups.edu.ec:article/380","Editorial","https://revistas.ups.edu.ec/index.php/ingenius/article/view/380"
189,"oai:revistas.ups.edu.ec:article/382","Editorial","https://revistas.ups.edu.ec/index.php/ingenius/article/view/382"
190,"oai:revistas.ups.edu.ec:article/383","Combinación de histogramas HSV y RGB y descriptor MPEG-7: resultados preliminares y trabajo futuro","https://revistas.ups.edu.ec/index.php/ingenius/article/view/8.2012.01"
191,"oai:revistas.ups.edu.ec:article/384","Evaluación y mitigación de ataques reales a redes ip utilizando tecnologías de virtualización de libre distribución","https://revistas.ups.edu.ec/index.php/ingenius/article/view/8.2012.02"
192,"oai:revistas.ups.edu.ec:article/385","Estructura en Cascada para Filtros de Respuesta de Impulso Finito y Predicción Lineal","https://revistas.ups.edu.ec/index.php/ingenius/article/view/8.2012.03"
193,"oai:revistas.ups.edu.ec:article/386","Análisis matemático al Método D'Hondt de asignación de escaños parlamentarios","https://revistas.ups.edu.ec/index.php/ingenius/article/view/8.2012.04"
194,"oai:revistas.ups.edu.ec:article/387","Sistema de identificación de objetos para personas invidentes usando la tecnología RFID","https://revistas.ups.edu.ec/index.php/ingenius/article/view/8.2012.05"
195,"oai:revistas.ups.edu.ec:article/390","Modelación y Simulación en ambiente Ecosimpro de una Cámara de Secado para Cacao","https://revistas.ups.edu.ec/index.php/ingenius/article/view/8.2012.07"
196,"oai:revistas.ups.edu.ec:article/391","Editorial","https://revistas.ups.edu.ec/index.php/ingenius/article/view/391"
197,"oai:revistas.ups.edu.ec:article/392","Image retrieval based on the combination of RGB and HSV's histograms and Colour Layout Descriptor","https://revistas.ups.edu.ec/index.php/ingenius/article/view/7.2012.01"
198,"oai:revistas.ups.edu.ec:article/393","Detección de Fallas en el Aislamiento en las Chapas del Estator de Máquinas Eléctricas Rotativas","https://revistas.ups.edu.ec/index.php/ingenius/article/view/7.2012.02"
199,"oai:revistas.ups.edu.ec:article/394","studio, Diseño e Implementación de un Sistema de Control de Velocidad y Monitoreo de Catarata de Carga de un Molino de Cerámica Mediante Procesamiento de Sonido en la Fábrica Graiman de la Ciudad de Cuenca","https://revistas.ups.edu.ec/index.php/ingenius/article/view/7.2012.03"
200,"oai:revistas.ups.edu.ec:article/395","Diseño, construcción e implementación de una plataforma robótica multifuncional con propósitos didácticos DINGO 1.0","https://revistas.ups.edu.ec/index.php/ingenius/article/view/7.2012.04"
201,"oai:revistas.ups.edu.ec:article/396","Redes de Comunicación en Smart Grid","https://revistas.ups.edu.ec/index.php/ingenius/article/view/7.2012.05"
202,"oai:revistas.ups.edu.ec:article/397","Editorial","https://revistas.ups.edu.ec/index.php/ingenius/article/view/397"
203,"oai:revistas.ups.edu.ec:article/398","Identificación de procesos: uso de algoritmos en Matlab para encontrar un modelo por identificación para un proceso de medición de pH","https://revistas.ups.edu.ec/index.php/ingenius/article/view/6.2011.01"
204,"oai:revistas.ups.edu.ec:article/399","Prototipo para control automático de nivel y caudal de líquidos","https://revistas.ups.edu.ec/index.php/ingenius/article/view/6.2011.02"
205,"oai:revistas.ups.edu.ec:article/400","mplementación en FPGA de un sistema totalmente digital de recuperación de reloj","https://revistas.ups.edu.ec/index.php/ingenius/article/view/6.2011.03"
206,"oai:revistas.ups.edu.ec:article/401","Análisis de los diagnósticos de discapacidades en la provincia del Azuay y propuesta de desarrollo de tecnologías inclusivas","https://revistas.ups.edu.ec/index.php/ingenius/article/view/6.2011.04"
207,"oai:revistas.ups.edu.ec:article/402","Diagnóstico del desarrollo tecnológico de la ciencia de materiales en las PYMES de la ciudad de Cuenca","https://revistas.ups.edu.ec/index.php/ingenius/article/view/6.2011.05"
208,"oai:revistas.ups.edu.ec:article/403","Emplazamiento, implementación, pruebas de funcionamiento y propuestas de mejora de los sistemas de bombeo mediante rueda hidráulica y ariete multipulsor para el abastecimiento de agua para irrigación en la localidad del campus Juan Lunardi ¿ Yumacay ¿ Pau","https://revistas.ups.edu.ec/index.php/ingenius/article/view/6.2011.06"
209,"oai:revistas.ups.edu.ec:article/404","Información socioeconómica de los estudiantes de la UPS analizada desde un sistema de información geográfica","https://revistas.ups.edu.ec/index.php/ingenius/article/view/6.2011.07"
210,"oai:revistas.ups.edu.ec:article/405","Diseño y construcción de una mano robótica para la enseñanza del alfabeto dactilológico universal para personas sordomudas","https://revistas.ups.edu.ec/index.php/ingenius/article/view/6.2011.08"
211,"oai:revistas.ups.edu.ec:article/406","Situación energética del cantón Cuenca y líneas de acción preferentes para fortalecer la investigación y el desarrollo a nivel local","https://revistas.ups.edu.ec/index.php/ingenius/article/view/6.2011.09"
212,"oai:revistas.ups.edu.ec:article/407","Estudio de Diseño de Diagramas de Operación en Sistemas de Supervisión Control & Adquisición de Datos en Tiempo Real ""SCADA"" para Subestaciones de Distribución","https://revistas.ups.edu.ec/index.php/ingenius/article/view/5.2011.01"
213,"oai:revistas.ups.edu.ec:article/408","Plan de gestión del consumo residencial para la Empresa Eléctrica Regional Centro Sur C.A.","https://revistas.ups.edu.ec/index.php/ingenius/article/view/5.2011.02"
214,"oai:revistas.ups.edu.ec:article/409","nálisis del Efecto Mozart en el desarrollo intelectual de las personas adultas y niños","https://revistas.ups.edu.ec/index.php/ingenius/article/view/5.2011.03"
215,"oai:revistas.ups.edu.ec:article/411","Pruebas de transformadores, espectroscopia en el dominio de la frecuencia y método de análisis de respuesta por barrido de frecuencia","https://revistas.ups.edu.ec/index.php/ingenius/article/view/5.2011.04"
216,"oai:revistas.ups.edu.ec:article/412","Etiquetado de Roles Semánticos en el marco del corpus CoNLL 09","https://revistas.ups.edu.ec/index.php/ingenius/article/view/5.2011.05"
217,"oai:revistas.ups.edu.ec:article/413","Optimización de lubricantes de base mineral de motores a inyección de gasolina, para la reducción de la contaminación y costos de mantenimiento.","https://revistas.ups.edu.ec/index.php/ingenius/article/view/5.2011.06"
218,"oai:revistas.ups.edu.ec:article/414","M-Commerce","https://revistas.ups.edu.ec/index.php/ingenius/article/view/5.2011.07"
219,"oai:revistas.ups.edu.ec:article/415","Editorial","https://revistas.ups.edu.ec/index.php/ingenius/article/view/415"
220,"oai:revistas.ups.edu.ec:article/417","Editorial","https://revistas.ups.edu.ec/index.php/ingenius/article/view/417"
221,"oai:revistas.ups.edu.ec:article/418","La telefonía móvil de cuarta generación 4G y Long Term Evolution","https://revistas.ups.edu.ec/index.php/ingenius/article/view/4.2010.01"
222,"oai:revistas.ups.edu.ec:article/419","WIMAX móvil","https://revistas.ups.edu.ec/index.php/ingenius/article/view/4.2010.02"
223,"oai:revistas.ups.edu.ec:article/420","BPL (Broadband Power Line): una alternativa para brindar el servicio de internet de alta velocidad","https://revistas.ups.edu.ec/index.php/ingenius/article/view/4.2010.03"
224,"oai:revistas.ups.edu.ec:article/421","Un modelo de fuente sísmica para el tremor volcánico basado en la turbulencia elástica del magma andesítico y el lodo volcánico","https://revistas.ups.edu.ec/index.php/ingenius/article/view/4.2010.04"
225,"oai:revistas.ups.edu.ec:article/423","Diagnóstico del nivel de automatización en las pequeñas y medianas industrias de la ciudad de Cuenca","https://revistas.ups.edu.ec/index.php/ingenius/article/view/4.2010.05"
226,"oai:revistas.ups.edu.ec:article/424","Agua caliente sanitaria de uso doméstico con energía solar, una alternativa para la ciudad de Cuenca","https://revistas.ups.edu.ec/index.php/ingenius/article/view/4.2010.06"
227,"oai:revistas.ups.edu.ec:article/425","Plasma: una tecnología de gran potencial para la industria y la ciencia","https://revistas.ups.edu.ec/index.php/ingenius/article/view/4.2010.07"
228,"oai:revistas.ups.edu.ec:article/426","Gas licuado de petróleo como combustible alternativo para motores diesel con la finalidad de reducir la contaminación del aire","https://revistas.ups.edu.ec/index.php/ingenius/article/view/4.2010.08"
229,"oai:revistas.ups.edu.ec:article/427","Desarrollo de un programa para flujo de potencia para redes de distribución ligeramente malladas y generación distribuida","https://revistas.ups.edu.ec/index.php/ingenius/article/view/4.2010.09"
230,"oai:revistas.ups.edu.ec:article/428","Centros de investigación en la Universidad Politécnica Saliesiana","https://revistas.ups.edu.ec/index.php/ingenius/article/view/4.2010.10"
231,"oai:revistas.ups.edu.ec:article/429","Editorial","https://revistas.ups.edu.ec/index.php/ingenius/article/view/429"
232,"oai:revistas.ups.edu.ec:article/430","La vivienda de interés social","https://revistas.ups.edu.ec/index.php/ingenius/article/view/3.2008.01"
233,"oai:revistas.ups.edu.ec:article/432","Valoración de contratos a plazo en mercados eléctricos: Aplicación al mercado ecuatoriano","https://revistas.ups.edu.ec/index.php/ingenius/article/view/3.2008.02"
234,"oai:revistas.ups.edu.ec:article/433","Nuevas tendencias en la Mecánica de suelos","https://revistas.ups.edu.ec/index.php/ingenius/article/view/3.2008.03"
235,"oai:revistas.ups.edu.ec:article/435","Estudio químico-cuántico de los defectos producidos por las vacancias de oxígeno en los cristales de Titanato de plomo PbTiO3","https://revistas.ups.edu.ec/index.php/ingenius/article/view/3.2008.04"
236,"oai:revistas.ups.edu.ec:article/437","Control de las ruedas delanteras de robots móviles","https://revistas.ups.edu.ec/index.php/ingenius/article/view/3.2008.05"
237,"oai:revistas.ups.edu.ec:article/438","Demostración de cifrado simétrico y asimétrico","https://revistas.ups.edu.ec/index.php/ingenius/article/view/3.2008.06"
238,"oai:revistas.ups.edu.ec:article/439","Sistemas Gestores de Contenido (CMS). La solución ideal en la Web","https://revistas.ups.edu.ec/index.php/ingenius/article/view/3.2008.07"
239,"oai:revistas.ups.edu.ec:article/440","El pulso electromagnético (PEM): La energía más destructiva","https://revistas.ups.edu.ec/index.php/ingenius/article/view/3.2008.08"
240,"oai:revistas.ups.edu.ec:article/442","Análisis de la inserción laboral de los estudiantes de la Carrera de Ingeniería Electrónica período 2005-2006","https://revistas.ups.edu.ec/index.php/ingenius/article/view/3.2008.09"
241,"oai:revistas.ups.edu.ec:article/444","E-goverment a nivel del País","https://revistas.ups.edu.ec/index.php/ingenius/article/view/3.2008.10"
242,"oai:revistas.ups.edu.ec:article/445","Las carreras técnicas: Su importancia para el porvenir","https://revistas.ups.edu.ec/index.php/ingenius/article/view/3.2008.11"
243,"oai:revistas.ups.edu.ec:article/447","Manifiesto a favor de lo inútil","https://revistas.ups.edu.ec/index.php/ingenius/article/view/3.2008.12"
244,"oai:revistas.ups.edu.ec:article/448","Meditaciones y reflexiones universitarias","https://revistas.ups.edu.ec/index.php/ingenius/article/view/3.2008.13"
245,"oai:revistas.ups.edu.ec:article/454","Editorial","https://revistas.ups.edu.ec/index.php/ingenius/article/view/454"
246,"oai:revistas.ups.edu.ec:article/457","Estudio y aplicación del biodiesel. El biodisel como alternativa para reducir las emisiones contaminantes en la ciudad de Cuenca","https://revistas.ups.edu.ec/index.php/ingenius/article/view/2.2008.01"
247,"oai:revistas.ups.edu.ec:article/460","Tráfico Autosimilar. Algoritmo algebráico para asignación dinámica del búffer","https://revistas.ups.edu.ec/index.php/ingenius/article/view/2.2008.02"
248,"oai:revistas.ups.edu.ec:article/462","Retardo en la transmisión de información en la red Internet","https://revistas.ups.edu.ec/index.php/ingenius/article/view/2.2008.03"
249,"oai:revistas.ups.edu.ec:article/463","Lenguajes de Scripting: ¿una nueva forma de programar?","https://revistas.ups.edu.ec/index.php/ingenius/article/view/2.2008.04"
250,"oai:revistas.ups.edu.ec:article/464","Desarrollo de un Detector Óptico de la calidad de vidrios planos","https://revistas.ups.edu.ec/index.php/ingenius/article/view/2.2008.05"
251,"oai:revistas.ups.edu.ec:article/466","REMLED I Robot escalador para mantenimiento y limpieza de edificios","https://revistas.ups.edu.ec/index.php/ingenius/article/view/2.2008.06"
252,"oai:revistas.ups.edu.ec:article/468","Editorial","https://revistas.ups.edu.ec/index.php/ingenius/article/view/468"
253,"oai:revistas.ups.edu.ec:article/469","Sistemas de gestión documental y la inteligencia de negocio","https://revistas.ups.edu.ec/index.php/ingenius/article/view/1.2007.01"
254,"oai:revistas.ups.edu.ec:article/471","Segmentación de color en imágenes digitales usando Visual C#.Net","https://revistas.ups.edu.ec/index.php/ingenius/article/view/1.2007.02"
255,"oai:revistas.ups.edu.ec:article/472","El procesamiento de imágenes: una herramienta de desarrollo","https://revistas.ups.edu.ec/index.php/ingenius/article/view/1.2007.03"
256,"oai:revistas.ups.edu.ec:article/473","Contaminación del agua","https://revistas.ups.edu.ec/index.php/ingenius/article/view/1.2007.04"
257,"oai:revistas.ups.edu.ec:article/474","Diseño de distanciadores plásticos utilizados en la construcción con HORMIGÓN REFORZADO","https://revistas.ups.edu.ec/index.php/ingenius/article/view/1.2007.05"
258,"oai:revistas.ups.edu.ec:article/475","Aplicaciones CAE en el diseño de moldes de inyección de termoplásticos","https://revistas.ups.edu.ec/index.php/ingenius/article/view/1.2007.06"
259,"oai:revistas.ups.edu.ec:article/476","Homologación del bus tipo para la ciudad de Cuenca","https://revistas.ups.edu.ec/index.php/ingenius/article/view/1.2007.07"
260,"oai:revistas.ups.edu.ec:article/478","Extracción del jitter de una señal binaria de alta velocidad utilizando MatLab","https://revistas.ups.edu.ec/index.php/ingenius/article/view/1.2007.08"
261,"oai:revistas.ups.edu.ec:article/782","Diseño de una máquina para cortar y doblar estribos en serie para columnas de hormigón armado","https://revistas.ups.edu.ec/index.php/ingenius/article/view/16.2016.01"
262,"oai:revistas.ups.edu.ec:article/965","Análisis comparativo de los modelos dinámicos de una turbina eólica de velocidad fija","https://revistas.ups.edu.ec/index.php/ingenius/article/view/15.2016.04"
263,"oai:revistas.ups.edu.ec:article/966","Uso de métodos multicriterio de toma de decisiones para la selección de biomasa en reactores fischer tropsch","https://revistas.ups.edu.ec/index.php/ingenius/article/view/15.2016.03"
264,"oai:revistas.ups.edu.ec:article/1188","Identificación y control CPG de un motor de CA con DSPACE.","https://revistas.ups.edu.ec/index.php/ingenius/article/view/15.2016.07"
265,"oai:revistas.ups.edu.ec:article/1228","Análisis comparativo de los indicadores técnicos explotativos en las cosechadoras de caña KTP - 2M y KTP - 3000S","https://revistas.ups.edu.ec/index.php/ingenius/article/view/16.2016.02"
266,"oai:revistas.ups.edu.ec:article/1229","Inversor multinivel acoplado sin transformador a la línea eléctrica para la incorporación de fuentes fotovoltaicas distribuidas","https://revistas.ups.edu.ec/index.php/ingenius/article/view/15.2016.06"
267,"oai:revistas.ups.edu.ec:article/1235","Análisis del rendimiento de sistemas hídricos en desarrollo mediante el acople de modelos estocásticos hidrológicos y optimización de redes de flujo","https://revistas.ups.edu.ec/index.php/ingenius/article/view/15.2016.05"
268,"oai:revistas.ups.edu.ec:article/1250","Aprovechamiento del recurso biomasa a partir de los desechos de madera para una caldera de vapor","https://revistas.ups.edu.ec/index.php/ingenius/article/view/16.2016.03"
269,"oai:revistas.ups.edu.ec:article/1264","Editorial","https://revistas.ups.edu.ec/index.php/ingenius/article/view/1264"
270,"oai:revistas.ups.edu.ec:article/1283","Simulación del tiempo de calentamiento del fuel oil para determinar viscosidad óptima de bombeo","https://revistas.ups.edu.ec/index.php/ingenius/article/view/16.2016.06"
271,"oai:revistas.ups.edu.ec:article/1319","Detector de bordes de imágenes usando un microcontrolador ARM","https://revistas.ups.edu.ec/index.php/ingenius/article/view/16.2016.04"
272,"oai:revistas.ups.edu.ec:article/1365","Fomento del metabolismo energético circular mediante generación eléctrica proveniente de rellenos sanitarios: estudio de caso, Cuenca, Ecuador","https://revistas.ups.edu.ec/index.php/ingenius/article/view/16.2016.05"
307,"oai:revistas.ups.edu.ec:article/2175","Editorial","https://revistas.ups.edu.ec/index.php/ingenius/article/view/2175"
273,"oai:revistas.ups.edu.ec:article/1368","Caracterización, modelado y análisis de factibilidad técnica de un sistema de acondicionamiento de aire por adsorción, utilizando colectores solares térmicos como fuente energética principal","https://revistas.ups.edu.ec/index.php/ingenius/article/view/17.2017.01"
274,"oai:revistas.ups.edu.ec:article/1381","Modelo de procesos para la automatización del área de producción en el sector de la industria cementera pública del Ecuador (MPIC)","https://revistas.ups.edu.ec/index.php/ingenius/article/view/16.2016.07"
275,"oai:revistas.ups.edu.ec:article/1387","Desempeño ante la corrosión y tribocorrosión de aleaciones comerciales de aluminio anodizadas","https://revistas.ups.edu.ec/index.php/ingenius/article/view/16.2016.08"
276,"oai:revistas.ups.edu.ec:article/1400","Aprovechamiento de la energía undimotriz en el Ecuador","https://revistas.ups.edu.ec/index.php/ingenius/article/view/17.2017.03"
277,"oai:revistas.ups.edu.ec:article/1408","Diseño e implementación de un sistema de control de voltaje y frecuencia de un sistema eléctrico de potencia a escala para la Universidad Politécnica Salesiana, sede Cuenca","https://revistas.ups.edu.ec/index.php/ingenius/article/view/17.2017.08"
278,"oai:revistas.ups.edu.ec:article/1409","Operación remota de un robot móvil usando un teléfono inteligente","https://revistas.ups.edu.ec/index.php/ingenius/article/view/17.2017.04"
279,"oai:revistas.ups.edu.ec:article/1416","Estudio de un nuevo procedimiento para medir la conductividad y difusividad térmicas de materiales","https://revistas.ups.edu.ec/index.php/ingenius/article/view/17.2017.02"
280,"oai:revistas.ups.edu.ec:article/1453","Editorial","https://revistas.ups.edu.ec/index.php/ingenius/article/view/1453"
281,"oai:revistas.ups.edu.ec:article/1460","Robot móvil con navegación basada en visión y detección de peatones","https://revistas.ups.edu.ec/index.php/ingenius/article/view/17.2017.09"
282,"oai:revistas.ups.edu.ec:article/1461","Robot salamandra anfibio con locomoción bioinspirada","https://revistas.ups.edu.ec/index.php/ingenius/article/view/17.2017.07"
283,"oai:revistas.ups.edu.ec:article/1482","Cálculo numérico de las propiedades térmicas efectivas de un compuesto por elementos finitos","https://revistas.ups.edu.ec/index.php/ingenius/article/view/18.2017.02"
284,"oai:revistas.ups.edu.ec:article/1484","Desgaste de la herramienta de corte en el torneado en seco del acero AISI 316L","https://revistas.ups.edu.ec/index.php/ingenius/article/view/17.2017.05"
285,"oai:revistas.ups.edu.ec:article/1486","Análisis cuantitativo de los elementos aleantes principales precipitados en billets de aluminio de aleación 6063 en equipo de fundición de colada continua horizontal para el proceso de extrusión","https://revistas.ups.edu.ec/index.php/ingenius/article/view/17.2017.06"
286,"oai:revistas.ups.edu.ec:article/1550","Diseño y fabricación de una máquina para desgranar maíz","https://revistas.ups.edu.ec/index.php/ingenius/article/view/18.2017.03"
287,"oai:revistas.ups.edu.ec:article/1552","Editorial","https://revistas.ups.edu.ec/index.php/ingenius/article/view/1552"
288,"oai:revistas.ups.edu.ec:article/1578","Estudio de la influencia de la apertura de las ventanas y la velocidad de circulación en la aerodinámica de un vehículo de turismo","https://revistas.ups.edu.ec/index.php/ingenius/article/view/18.2017.01"
289,"oai:revistas.ups.edu.ec:article/1675","Análisis de medidas de ahorro de energía en una empresa de producción","https://revistas.ups.edu.ec/index.php/ingenius/article/view/19.2018.04"
290,"oai:revistas.ups.edu.ec:article/1682","Determinación de la presión máxima de compresión de un MEP basado en una RNAR","https://revistas.ups.edu.ec/index.php/ingenius/article/view/19.2018.01"
291,"oai:revistas.ups.edu.ec:article/1723","Efecto de la composición química en el comportamiento mecánico de recubrimientos galvanizados por inmersión en caliente: una revisión","https://revistas.ups.edu.ec/index.php/ingenius/article/view/18.2017.04"
292,"oai:revistas.ups.edu.ec:article/1757","Implementación de sistemas distribuidos de bajo costo bajo norma IEC-61499, en la estación de clasificación y manipulación del MPS 500","https://revistas.ups.edu.ec/index.php/ingenius/article/view/18.2017.05"
293,"oai:revistas.ups.edu.ec:article/1776","Influencia de los parámetros del proceso de soldadura por fricción-agitación (FSW) en las propiedades mecánicas en la junta de aluminio 6061","https://revistas.ups.edu.ec/index.php/ingenius/article/view/18.2017.06"
294,"oai:revistas.ups.edu.ec:article/1782","Impactos en el consumo de energía eléctrica por el uso de refrigeradores eficientes - caso Ecuador","https://revistas.ups.edu.ec/index.php/ingenius/article/view/18.2017.07"
295,"oai:revistas.ups.edu.ec:article/1799","Diseño de un sistema de alerta temprana para tsunamis para Ecuador basado en terminales satelitales","https://revistas.ups.edu.ec/index.php/ingenius/article/view/18.2017.10"
296,"oai:revistas.ups.edu.ec:article/1807","Comportamiento tribológico de un acero inoxidable austenítico en tribómetro bola sobre anillo","https://revistas.ups.edu.ec/index.php/ingenius/article/view/18.2017.08"
297,"oai:revistas.ups.edu.ec:article/1809","Caracterización de un generador de flujo axial para aplicaciones en energía eólica","https://revistas.ups.edu.ec/index.php/ingenius/article/view/19.2018.02"
298,"oai:revistas.ups.edu.ec:article/1818","Monitoreo de concentración de monóxido de carbono usando tecnología Long-Range","https://revistas.ups.edu.ec/index.php/ingenius/article/view/18.2017.09"
299,"oai:revistas.ups.edu.ec:article/1828","Aplicación de las LMI al diseño de controladores robustos","https://revistas.ups.edu.ec/index.php/ingenius/article/view/18.2017.11"
300,"oai:revistas.ups.edu.ec:article/1910","Editorial","https://revistas.ups.edu.ec/index.php/ingenius/article/view/1910"
301,"oai:revistas.ups.edu.ec:article/1912","Factores para seleccionar tuberías de conducción de gas licuado de petróleo en el Ecuador","https://revistas.ups.edu.ec/index.php/ingenius/article/view/19.2018.05"
302,"oai:revistas.ups.edu.ec:article/2020","Análisis energético, exergético y económico de un sistema de cogeneración: Caso para una planta azucarera de San Pablo","https://revistas.ups.edu.ec/index.php/ingenius/article/view/19.2018.03"
303,"oai:revistas.ups.edu.ec:article/2098","Estudio del comportamiento de inclusiones esféricas en un cilindro bajo traccion","https://revistas.ups.edu.ec/index.php/ingenius/article/view/19.2018.07"
304,"oai:revistas.ups.edu.ec:article/2108","Incentivo a la generación distribuida en el Ecuador","https://revistas.ups.edu.ec/index.php/ingenius/article/view/19.2018.06"
305,"oai:revistas.ups.edu.ec:article/2130","Cuantificación de la opacidad en motores electrónicos diésel usando diésel y biodiésel","https://revistas.ups.edu.ec/index.php/ingenius/article/view/19.2018.10"
306,"oai:revistas.ups.edu.ec:article/2172","Obtención de ACS con energía solar en el cantón Cuenca y análisis de la contaminación ambiental","https://revistas.ups.edu.ec/index.php/ingenius/article/view/19.2018.09"
308,"oai:revistas.ups.edu.ec:article/2283","Diseño de una red neuronal para la predicción del coeficiente de pérdidas primarias en régimen de flujo turbulento","https://revistas.ups.edu.ec/index.php/ingenius/article/view/20.2018.02"
309,"oai:revistas.ups.edu.ec:article/2360","Análisis termodinámico de un chiller de absorción de 1 y 2 etapas de una planta de cogeneración","https://revistas.ups.edu.ec/index.php/ingenius/article/view/21.2019.04"
310,"oai:revistas.ups.edu.ec:article/2405","Implementación de un algoritmo para la detección de señales de tránsito del Ecuador: Pare, Ceda el paso y Velocidad","https://revistas.ups.edu.ec/index.php/ingenius/article/view/20.2018.01"
311,"oai:revistas.ups.edu.ec:article/2425","Estudio cinemático y dinámico del sistema de suspensión de un monoplaza de competencia eléctrico Formula Student","https://revistas.ups.edu.ec/index.php/ingenius/article/view/20.2018.09"
312,"oai:revistas.ups.edu.ec:article/2458","Detección de peatones en la noche usando Faster R-CNN e imágenes infrarrojas","https://revistas.ups.edu.ec/index.php/ingenius/article/view/20.2018.05"
313,"oai:revistas.ups.edu.ec:article/2465","Consumo sustentable de agua en viviendas de la ciudad de Cuenca","https://revistas.ups.edu.ec/index.php/ingenius/article/view/20.2018.03"
314,"oai:revistas.ups.edu.ec:article/2482","Métodos multicriterio aplicados en la selección de un material para discos de freno","https://revistas.ups.edu.ec/index.php/ingenius/article/view/20.2018.08"
315,"oai:revistas.ups.edu.ec:article/2483","Estudio técnico del uso de energía solar y biogás en vehículos eléctricos en Ilhabela-Brasil","https://revistas.ups.edu.ec/index.php/ingenius/article/view/20.2018.06"
316,"oai:revistas.ups.edu.ec:article/2485","Sistema de acceso usando una tarjeta RFiD y verificación de rostro","https://revistas.ups.edu.ec/index.php/ingenius/article/view/20.2018.10"
317,"oai:revistas.ups.edu.ec:article/2486","Predicción de la reducción del impacto térmico en un edificio con doble pared","https://revistas.ups.edu.ec/index.php/ingenius/article/view/20.2018.04"
318,"oai:revistas.ups.edu.ec:article/2509","Módulos elásticos equivalentes para predicción de deformaciones en articulaciones","https://revistas.ups.edu.ec/index.php/ingenius/article/view/20.2018.07"
319,"oai:revistas.ups.edu.ec:article/2559","Editorial","https://revistas.ups.edu.ec/index.php/ingenius/article/view/2559"
320,"oai:revistas.ups.edu.ec:article/2584","Simulación fotovoltaica considerando parámetros de integración en edificaciones","https://revistas.ups.edu.ec/index.php/ingenius/article/view/21.2019.02"
321,"oai:revistas.ups.edu.ec:article/2738","Nexo agua - energía: Análisis del flujo hídrico del Proyecto Hidroeléctrico Coca Codo Sinclair","https://revistas.ups.edu.ec/index.php/ingenius/article/view/21.2019.05"
322,"oai:revistas.ups.edu.ec:article/2755","Análisis y comparación de ISDB-T utilizando modulaciones OFDM y CC-OFDCM","https://revistas.ups.edu.ec/index.php/ingenius/article/view/21.2019.07"
323,"oai:revistas.ups.edu.ec:article/2782","Migración hacia NGN en la provincia de Granma","https://revistas.ups.edu.ec/index.php/ingenius/article/view/21.2019.08"
324,"oai:revistas.ups.edu.ec:article/2797","Análisis del electrolito del acumulador automotriz a diferentes temperaturas en condición de encendido","https://revistas.ups.edu.ec/index.php/ingenius/article/view/21.2019.09"
325,"oai:revistas.ups.edu.ec:article/2799","Deposición de capas funcionales sobre esmaltes cerámicos mediante la técnica sol-gel (revisión)","https://revistas.ups.edu.ec/index.php/ingenius/article/view/21.2019.01"
326,"oai:revistas.ups.edu.ec:article/2820","Estimación empírica del pretensado de una banda trapezoidal mediante el deslizamiento de las poleas","https://revistas.ups.edu.ec/index.php/ingenius/article/view/21.2019.06"
327,"oai:revistas.ups.edu.ec:article/2867","Editorial","https://revistas.ups.edu.ec/index.php/ingenius/article/view/2867"
328,"oai:revistas.ups.edu.ec:article/2905","Innovación tecnológica de un sistema integral para monitorear el consumo eléctrico","https://revistas.ups.edu.ec/index.php/ingenius/article/view/22.2019.01"
329,"oai:revistas.ups.edu.ec:article/3026","Evaluación de modelos de turbulencia  para el flujo de aire en una tobera plana","https://revistas.ups.edu.ec/index.php/ingenius/article/view/22.2019.03"
330,"oai:revistas.ups.edu.ec:article/3048","Detección de fallas en motores de combustión mediante indicadores de temperatura y presión de inyección","https://revistas.ups.edu.ec/index.php/ingenius/article/view/22.2019.04"
331,"oai:revistas.ups.edu.ec:article/3066","Análisis de la contaminación ambiental producida por el plasma frío de baja presión en la limpieza de láminas metálicas","https://revistas.ups.edu.ec/index.php/ingenius/article/view/22.2019.02"
332,"oai:revistas.ups.edu.ec:article/3082","Rendimiento de bases de datos columnares","https://revistas.ups.edu.ec/index.php/ingenius/article/view/22.2019.05"
333,"oai:revistas.ups.edu.ec:article/3098","Evaluación de propiedades mecánicas en recubrimientos galvanizados por doble inmersión en caliente sobre acero al carbono","https://revistas.ups.edu.ec/index.php/ingenius/article/view/22.2019.08"
334,"oai:revistas.ups.edu.ec:article/3111","Sistema de monitorización de puertas y ventanas de un centro de datos con IoT","https://revistas.ups.edu.ec/index.php/ingenius/article/view/22.2019.07"
335,"oai:revistas.ups.edu.ec:article/3112","Evaluación de la gestión del mantenimiento en hospitales del Instituto Ecuatoriano de Seguridad Social de la Zona 3 del Ecuador","https://revistas.ups.edu.ec/index.php/ingenius/article/view/22.2019.06"
336,"oai:revistas.ups.edu.ec:article/3131","Caracterización mecánica a flexión de materiales compuestos con matriz fotopolimérica reforzados con fibras de abacá y cabuya mediante impresión 3D","https://revistas.ups.edu.ec/index.php/ingenius/article/view/22.2019.10"
337,"oai:revistas.ups.edu.ec:article/3138","Análisis del almacenamiento en sistemas de gas licuado de petróleo: tanques estacionarios vs. cilindros","https://revistas.ups.edu.ec/index.php/ingenius/article/view/22.2019.11"
338,"oai:revistas.ups.edu.ec:article/3139","Rendimiento y eficiencia de distintas técnicas de control en un calefón eléctrico","https://revistas.ups.edu.ec/index.php/ingenius/article/view/22.2019.09"
339,"oai:revistas.ups.edu.ec:article/3183","Análisis del comportamiento de las emisiones de CO2, CO y del factor lambda de un vehículo con sistema de inyección convencional con catalizador y sin catalizador","https://revistas.ups.edu.ec/index.php/ingenius/article/view/23.2020.02"
340,"oai:revistas.ups.edu.ec:article/3227","Número de coeficientes del filtro de las subportadoras en el Sistema GFDM: efecto en el desempeño","https://revistas.ups.edu.ec/index.php/ingenius/article/view/23.2020.05"
341,"oai:revistas.ups.edu.ec:article/3230","Editorial","https://revistas.ups.edu.ec/index.php/ingenius/article/view/3230"
342,"oai:revistas.ups.edu.ec:article/3235","Estudio experimental y numérico de la presión del flujo de agua en un tubo Venturi","https://revistas.ups.edu.ec/index.php/ingenius/article/view/23.2020.01"
343,"oai:revistas.ups.edu.ec:article/3422","Efecto de la composición química del baño en la microestructura y resistencia a la corrosión de los recubrimientos de zinc por inmersión en caliente: Una revisión","https://revistas.ups.edu.ec/index.php/ingenius/article/view/23.2020.04"
344,"oai:revistas.ups.edu.ec:article/3452","Humedad y su relación con la espectroscopía dieléctrica en agregados de concreto","https://revistas.ups.edu.ec/index.php/ingenius/article/view/24.2020.02"
345,"oai:revistas.ups.edu.ec:article/3474","Estudio paramétrico para optimización de un generador de hielo tubular de laboratorio","https://revistas.ups.edu.ec/index.php/ingenius/article/view/23.2020.08"
346,"oai:revistas.ups.edu.ec:article/3495","Estimador de canal basado en sensado compresivo y LDPC para OFDM usando SDR","https://revistas.ups.edu.ec/index.php/ingenius/article/view/23.2020.07"
347,"oai:revistas.ups.edu.ec:article/3513","Fabricación de materiales compuestos de alto rendimiento medioambiental con resina epoxi de origen renovable y núcleos ligeros permeables para infusión asistida por vacío","https://revistas.ups.edu.ec/index.php/ingenius/article/view/23.2020.06"
348,"oai:revistas.ups.edu.ec:article/3553","Control para el voltaje de salida de un inversor multinivel de capacitores flotantes","https://revistas.ups.edu.ec/index.php/ingenius/article/view/24.2020.07"
349,"oai:revistas.ups.edu.ec:article/3554","Control de velocidad de un motor síncrono de imanes permanentes accionado por un inversor trifásico multinivel","https://revistas.ups.edu.ec/index.php/ingenius/article/view/23.2020.09"
350,"oai:revistas.ups.edu.ec:article/3563","Propuesta de implantación de invernadero de secado de café con cubierta parabólica y estructura modular adaptada","https://revistas.ups.edu.ec/index.php/ingenius/article/view/24.2020.04"
351,"oai:revistas.ups.edu.ec:article/3623","Editorial","https://revistas.ups.edu.ec/index.php/ingenius/article/view/3623"
352,"oai:revistas.ups.edu.ec:article/3657","Estimación del efecto de la resistencia en la corriente de cortocircuito mediante un análisis de sensibilidad","https://revistas.ups.edu.ec/index.php/ingenius/article/view/24.2020.01"
353,"oai:revistas.ups.edu.ec:article/3687","Control de un sistema de energía basado en volantes de inercia para mitigar los huecos de tensión en el punto de conexión común","https://revistas.ups.edu.ec/index.php/ingenius/article/view/24.2020.05"
354,"oai:revistas.ups.edu.ec:article/3779","Prototipado rápido en la fabricación de moldes impresos en 3D para soplado de plástico","https://revistas.ups.edu.ec/index.php/ingenius/article/view/24.2020.03"
355,"oai:revistas.ups.edu.ec:article/3793","Detección de la muerte súbita cardíaca usando el método espectral adaptativo sobre la onda T: Estudio experimental sobre bases de datos públicas","https://revistas.ups.edu.ec/index.php/ingenius/article/view/24.2020.06"
356,"oai:revistas.ups.edu.ec:article/3841","Elaboración de la fibra de cabuya en tejido plano como matriz de refuerzo para la construcción de un retrovisor","https://revistas.ups.edu.ec/index.php/ingenius/article/view/24.2020.08"
357,"oai:revistas.ups.edu.ec:article/3867","Simulación numérica del flujo subexpandido en la tobera cónica experimental helios-x","https://revistas.ups.edu.ec/index.php/ingenius/article/view/25.2021.08"
358,"oai:revistas.ups.edu.ec:article/3940","Análisis de la eficiencia de un disco de freno convencional ventilado con respecto a un disco hiperventilado mediante mecanizado","https://revistas.ups.edu.ec/index.php/ingenius/article/view/25.2021.06"
359,"oai:revistas.ups.edu.ec:article/3994","Red de monitorización para automatizar el sistema de enfriamiento de un centro de datos","https://revistas.ups.edu.ec/index.php/ingenius/article/view/24.2020.09"
360,"oai:revistas.ups.edu.ec:article/4013","Análisis del HFO-1234ze como alternativa ecológica en la refrigeración doméstica","https://revistas.ups.edu.ec/index.php/ingenius/article/view/25.2021.01"
361,"oai:revistas.ups.edu.ec:article/4041","Evaluación de un radar fmcw como herramienta didáctica en las carreras de Ingeniería Automotriz y Telecomunicaciones","https://revistas.ups.edu.ec/index.php/ingenius/article/view/25.2021.07"
362,"oai:revistas.ups.edu.ec:article/4055","Impacto de los algoritmos de sobremuestreo en la clasificación de subtipos principales del síndrome de Guillain-Barré","https://revistas.ups.edu.ec/index.php/ingenius/article/view/25.2021.02"
363,"oai:revistas.ups.edu.ec:article/4057","Algoritmo de predicción del consumo de combustible para mezcla de etanol anhídrido en ciudades de altura","https://revistas.ups.edu.ec/index.php/ingenius/article/view/25.2021.04"
364,"oai:revistas.ups.edu.ec:article/4062","Análisis numérico de un sistema de calentamiento de agua utilizando un colector solar de placa plana","https://revistas.ups.edu.ec/index.php/ingenius/article/view/24.2020.10"
365,"oai:revistas.ups.edu.ec:article/4082","Diseño y construcción de un reactor discontinuo con recirculación externa para obtener biodiésel a partir de aceite de fritura en condiciones subcríticas","https://revistas.ups.edu.ec/index.php/ingenius/article/view/25.2021.03"
366,"oai:revistas.ups.edu.ec:article/4114","Influencia del homogeneizado previo al laminado en frío en la microestructura del AA3003","https://revistas.ups.edu.ec/index.php/ingenius/article/view/26.2021.09"
367,"oai:revistas.ups.edu.ec:article/4127","Editorial","https://revistas.ups.edu.ec/index.php/ingenius/article/view/4127"
368,"oai:revistas.ups.edu.ec:article/4214","Convergencia y matices de la neutralidad en la red en América del Sur","https://revistas.ups.edu.ec/index.php/ingenius/article/view/26.2021.03"
369,"oai:revistas.ups.edu.ec:article/4219","Evaluación experimental de un motor de encendido provocado bajo diferentes gasolinas","https://revistas.ups.edu.ec/index.php/ingenius/article/view/26.2021.02"
370,"oai:revistas.ups.edu.ec:article/4271","Deposición convectiva rápida a escala nanométrica de materiales compuestos activos para la fabricación de transistores orgánicos de efecto de campo","https://revistas.ups.edu.ec/index.php/ingenius/article/view/26.2021.01"
371,"oai:revistas.ups.edu.ec:article/4396","Análisis de vulnerabilidades con SQLMAP aplicada a entornos APEX 5","https://revistas.ups.edu.ec/index.php/ingenius/article/view/25.2021.10"
372,"oai:revistas.ups.edu.ec:article/4398","Reduciendo la brecha de seguridad del IoT con una arquitectura de microservicios basada en TLS y OAuth2","https://revistas.ups.edu.ec/index.php/ingenius/article/view/25.2021.09"
373,"oai:revistas.ups.edu.ec:article/4524","Análisis numérico de los mapas de patrones de flujo del refrigerante R600a en un colector/evaporador de una bomba de calor asistida por energía solar","https://revistas.ups.edu.ec/index.php/ingenius/article/view/26.2021.10"
374,"oai:revistas.ups.edu.ec:article/4575","Influencia del recubrimiento de cromato de zinc en la corrosión de los aceros ASTM A-500 y A-500 galvanizado expuestos en una cámara de niebla salina","https://revistas.ups.edu.ec/index.php/ingenius/article/view/26.2020.06"
375,"oai:revistas.ups.edu.ec:article/4582","Evaluación de las propiedades dinámicas de un pórtico plano (MDOF) en una mesa vibratoria","https://revistas.ups.edu.ec/index.php/ingenius/article/view/26.2021.05"
376,"oai:revistas.ups.edu.ec:article/4689","Editorial","https://revistas.ups.edu.ec/index.php/ingenius/article/view/4689"
377,"oai:revistas.ups.edu.ec:article/4818","Modelo simplificado de una interfaz de conexión a la red basada en un convertidor electrónico de potencia para estudios de red en régimen dinámico","https://revistas.ups.edu.ec/index.php/ingenius/article/view/26.2021.08"
378,"oai:revistas.ups.edu.ec:article/5018","Análisis de la eficiencia del freno regenerativo en un vehículo eléctrico mediante pruebas experimentales","https://revistas.ups.edu.ec/index.php/ingenius/article/view/5018"
379,"oai:revistas.ups.edu.ec:article/5027","Diseño y construcción de un equipo de soldadura por fricción con asistencia láser para la unión de ejes de acero AISI 1045 y aluminio 2017-T4","https://revistas.ups.edu.ec/index.php/ingenius/article/view/27.2022.07"
380,"oai:revistas.ups.edu.ec:article/5032","Estabilidad de tensión y compensación electrónica en sistemas eléctricos de potencia usando herramientas de simulación","https://revistas.ups.edu.ec/index.php/ingenius/article/view/5032"
381,"oai:revistas.ups.edu.ec:article/5093","Análisis estructural de un bus de dos pisos de larga distancia durante colisiones","https://revistas.ups.edu.ec/index.php/ingenius/article/view/5093"
382,"oai:revistas.ups.edu.ec:article/5095","Análisis del Rendimiento de D-BLAST MIMO sobre SDR-USRP","https://revistas.ups.edu.ec/index.php/ingenius/article/view/27.2022.10"
383,"oai:revistas.ups.edu.ec:article/5112","Una revisión de los últimos avances de los colectores solares térmicos aplicados en la industria","https://revistas.ups.edu.ec/index.php/ingenius/article/view/27.2022.06"
384,"oai:revistas.ups.edu.ec:article/5181","Editorial","https://revistas.ups.edu.ec/index.php/ingenius/article/view/5181"
385,"oai:revistas.ups.edu.ec:article/5417","Mejora del proceso de molienda de lactosa para una empresa fabricante de productos lácteos","https://revistas.ups.edu.ec/index.php/ingenius/article/view/5417"
386,"oai:revistas.ups.edu.ec:article/5507","Diseño y construcción de equipo de ventilación mecánica automatizada para asistir insuficiencia respiratoria","https://revistas.ups.edu.ec/index.php/ingenius/article/view/27.2022.02"
387,"oai:revistas.ups.edu.ec:article/5552","Distanciamiento social ante la COVID-19: Simulación del aforo máximo de personas mediante PHP","https://revistas.ups.edu.ec/index.php/ingenius/article/view/27.2022.01"
388,"oai:revistas.ups.edu.ec:article/5556","Propuesta metodológica para el diseño y análisis de un monocasco Formula Student","https://revistas.ups.edu.ec/index.php/ingenius/article/view/5556"
389,"oai:revistas.ups.edu.ec:article/5634","Caracterización de DELUX: Dispositivo de esterilización por luz ultravioleta para máscaras PFF2/N95 contra COVID-19","https://revistas.ups.edu.ec/index.php/ingenius/article/view/27.2022.03"
390,"oai:revistas.ups.edu.ec:article/5642","Prototipo de un dispositivo para la medición automática de señales fisiológicas para asistir al diagnóstico y seguimiento de pacientes con COVID-19","https://revistas.ups.edu.ec/index.php/ingenius/article/view/27.2022.05"
391,"oai:revistas.ups.edu.ec:article/5688","Editorial","https://revistas.ups.edu.ec/index.php/ingenius/article/view/5688"
392,"oai:revistas.ups.edu.ec:article/5900","Cálculo de la velocidad de desgaste abrasivo en engranajes de dientes rectos y helicoidales con perfil evolvente, utilizando una GUI de Matlab","https://revistas.ups.edu.ec/index.php/ingenius/article/view/5900"
393,"oai:revistas.ups.edu.ec:article/6193","Modelo matemático de un horno resistivo para termoformado de láminas de polipropileno","https://revistas.ups.edu.ec/index.php/ingenius/article/view/6193"
394,"oai:revistas.ups.edu.ec:article/6222","Diseño IoT y validación de sistema de medida para generación fotovoltaica","https://revistas.ups.edu.ec/index.php/ingenius/article/view/6222"
395,"oai:revistas.ups.edu.ec:article/6225","Control pasivo tolerante a fallos de sensado en dispositivos de compensación dinámicos - SVC mediante una estrategia híbrida","https://revistas.ups.edu.ec/index.php/ingenius/article/view/6225"
396,"oai:revistas.ups.edu.ec:article/6228","Análisis comparativo de confort térmico de vivienda unifamiliar en LSF frente a mampostería","https://revistas.ups.edu.ec/index.php/ingenius/article/view/6228"
397,"oai:revistas.ups.edu.ec:article/6231","Análisis estructural y modal de las placas adaptación para martillos hidráulicos y minicargadores en condiciones reales de operación","https://revistas.ups.edu.ec/index.php/ingenius/article/view/6231"
398,"oai:revistas.ups.edu.ec:article/6254","Consideraciones en el diseño de subestaciones eléctricas, incluyendo el efecto del gradiente de potencial en las estructuras metálicas circundantes","https://revistas.ups.edu.ec/index.php/ingenius/article/view/6254"
399,"oai:revistas.ups.edu.ec:article/6336","Localización de recursos distribuidos en redes eléctricas rurales-urbanas marginales considerando el índice de predicción de colapso de tensión","https://revistas.ups.edu.ec/index.php/ingenius/article/view/6336"
400,"oai:revistas.ups.edu.ec:article/6340","Rendimiento para la interoperabilidad entre Raspberry pi, ESP8266 y PLC con Node-RED para el IIoT","https://revistas.ups.edu.ec/index.php/ingenius/article/view/6340"
401,"oai:revistas.ups.edu.ec:article/6346","Editorial","https://revistas.ups.edu.ec/index.php/ingenius/article/view/6346"
402,"oai:revistas.ups.edu.ec:article/6515","Estudio de eficiencia energética de una bicicleta eléctrica urbana cargada con una estación de carga solar fotovoltáica autónoma y su cumplimiento con la regulación ecuatoriana No. ARCERNNR – 002/20","https://revistas.ups.edu.ec/index.php/ingenius/article/view/6515"
403,"oai:revistas.ups.edu.ec:article/6546","Caracterización del potencial térmico RSU, para la generación de energía eléctrica, utilizando carbonización hidrotérmica","https://revistas.ups.edu.ec/index.php/ingenius/article/view/6546"
404,"oai:revistas.ups.edu.ec:article/6672","Diseño de un sistema de generación microhidráulica basado en un tornillo de Arquímedes","https://revistas.ups.edu.ec/index.php/ingenius/article/view/6672"
405,"oai:revistas.ups.edu.ec:article/6717","Control por ganancias programadas aplicado a un convertidor DC-DC para la regulación de la intensidad luminosa de una lámpara LED","https://revistas.ups.edu.ec/index.php/ingenius/article/view/6717"
406,"oai:revistas.ups.edu.ec:article/6736","Diseño y despliegue de un sistema de monitoreo basado en IoT para cultivos hidropónicos","https://revistas.ups.edu.ec/index.php/ingenius/article/view/6736"
407,"oai:revistas.ups.edu.ec:article/6856","Editorial","https://revistas.ups.edu.ec/index.php/ingenius/article/view/6856"
473,"34462c0a-b8ed-4760-9077-03fe07b009f5","Data warehous para Empresa Pública Metropolitana de Agua Potable y Saneamiento.","https://www.dspace.uce.edu.ec/handle/25000/498"
408,"oai:revistas.ups.edu.ec:article/6963","Incidencia del aire acondicionado automotriz en el índice de consumo de combustible en vehículo de encendido provocado en una ruta de la Amazonía ecuatoriana","https://revistas.ups.edu.ec/index.php/ingenius/article/view/6963"
409,"oai:revistas.ups.edu.ec:article/6966","Correlación para el cálculo de la fricción turbulenta en tuberías","https://revistas.ups.edu.ec/index.php/ingenius/article/view/6966"
410,"oai:revistas.ups.edu.ec:article/7006","Estudio para la localización de fallas en sistemas de distribución eléctrica","https://revistas.ups.edu.ec/index.php/ingenius/article/view/7006"
411,"oai:revistas.ups.edu.ec:article/7035","Aplicación de raíces cruzadas polinomiales al intercambio de energía radiante entre dos geometrías triangulares","https://revistas.ups.edu.ec/index.php/ingenius/article/view/7035"
412,"oai:revistas.ups.edu.ec:article/7124","Red neuronal artificial evolutiva para el control de temperatura en un reactor batch  de polimerización","https://revistas.ups.edu.ec/index.php/ingenius/article/view/7124"
413,"oai:revistas.ups.edu.ec:article/7139","Propuesta de mejora en el sistema estructural de un cuadro rígido de bicicleta de montaña de 15” R29, mediante FEA y optimización geométrica","https://revistas.ups.edu.ec/index.php/ingenius/article/view/7139"
414,"oai:revistas.ups.edu.ec:article/7163","Propuesta metodológica para la protección de distancia en líneas de transmisión ante la integración de energías renovables no convencionales","https://revistas.ups.edu.ec/index.php/ingenius/article/view/7163"
415,"oai:revistas.ups.edu.ec:article/7227","Avances y estrategias para mejorar el desempeño del biodiésel en motor diésel","https://revistas.ups.edu.ec/index.php/ingenius/article/view/7227"
416,"oai:revistas.ups.edu.ec:article/7272","Impacto de la simulación Montecarlo de carga no controlada de vehículos eléctricos en la generación distribuida","https://revistas.ups.edu.ec/index.php/ingenius/article/view/7272"
417,"oai:revistas.ups.edu.ec:article/7301","Reutilización de baterías de vehículos eléctricos para aplicaciones de segunda vida en sistemas eléctricos de potencia con una alta penetración de energía renovable: una revisión sistemática de la literatura","https://revistas.ups.edu.ec/index.php/ingenius/article/view/7301"
418,"oai:revistas.ups.edu.ec:article/7305","Efecto de variables de proceso en el comportamiento mecánico y térmico de un composite de polipropileno reforzado con fibras cortas de bambú por compresión en caliente","https://revistas.ups.edu.ec/index.php/ingenius/article/view/7305"
419,"oai:revistas.ups.edu.ec:article/7309","Evaluación estructural de un vehículo tipo mototaxi usando herramientas de simulación: caso México","https://revistas.ups.edu.ec/index.php/ingenius/article/view/7309"
420,"oai:revistas.ups.edu.ec:article/7315","Sistemas de gas licuado de petróleo: una revisión sobre lineamientos de diseño y dimensionamiento","https://revistas.ups.edu.ec/index.php/ingenius/article/view/7315"
421,"oai:revistas.ups.edu.ec:article/7410","Algoritmos de optimización para secuenciación adaptativa de rutas reales en entregas de última milla","https://revistas.ups.edu.ec/index.php/ingenius/article/view/7410"
422,"oai:revistas.ups.edu.ec:article/7464","Los vehículos eléctricos y su impacto en el sistema eléctrico de distribución: Caso de estudio “Alimentador urbano de la ciudad de Portoviejo”","https://revistas.ups.edu.ec/index.php/ingenius/article/view/7464"
423,"oai:revistas.ups.edu.ec:article/7520","Editorial","https://revistas.ups.edu.ec/index.php/ingenius/article/view/7520"
424,"oai:revistas.ups.edu.ec:article/7521","Clasificación de elementos importantes en sistemas eléctricos de potencia según medidas de centralidad en redes y transformación linegraph","https://revistas.ups.edu.ec/index.php/ingenius/article/view/7521"
425,"oai:revistas.ups.edu.ec:article/7877","Optimización del proceso VARTM, para el prototipado de un guardachoque, utilizando materiales compuestos híbridos","https://revistas.ups.edu.ec/index.php/ingenius/article/view/7877"
426,"oai:revistas.ups.edu.ec:article/7894","Respuesta a la tensión/compresión del acero inoxidable 316L fabricado por manufactura aditiva","https://revistas.ups.edu.ec/index.php/ingenius/article/view/7894"
427,"oai:revistas.ups.edu.ec:article/7924","Inspección de subestaciones eléctricas: YOLOv5 en la identificación de puntos calientes mediante imágenes térmicas","https://revistas.ups.edu.ec/index.php/ingenius/article/view/7924"
428,"oai:revistas.ups.edu.ec:article/8034","Prototipo de estimulador muscular superficial multicanal controlado remotamente","https://revistas.ups.edu.ec/index.php/ingenius/article/view/8034"
429,"oai:revistas.ups.edu.ec:article/8050","Evaluación de un modelo de optimización no lineal para el despacho económico de microrredes aisladas","https://revistas.ups.edu.ec/index.php/ingenius/article/view/8050"
430,"oai:revistas.ups.edu.ec:article/8103","Intercambio térmico radiante en mezclas de H2O y CO2","https://revistas.ups.edu.ec/index.php/ingenius/article/view/8103"
431,"oai:revistas.ups.edu.ec:article/8233","Editorial","https://revistas.ups.edu.ec/index.php/ingenius/article/view/8233"
432,"oai:revistas.ups.edu.ec:article/8438","Parches de contacto de neumáticos radiales con diferentes relaciones de longitud y anchura bajo carga estática","https://revistas.ups.edu.ec/index.php/ingenius/article/view/8438"
433,"oai:revistas.ups.edu.ec:article/8589","Determinación de los formatos óptimos para la compresión de imágenes digitales","https://revistas.ups.edu.ec/index.php/ingenius/article/view/8589"
434,"oai:revistas.ups.edu.ec:article/8603","Seguimiento del nivel de líquido de un sistema de tanques acoplado empleando control cuasi-lpv","https://revistas.ups.edu.ec/index.php/ingenius/article/view/8603"
435,"oai:revistas.ups.edu.ec:article/8634","Análisis experimental de la cinemática en la colisión elástica entre dos cuerpos durante el tiempo de contacto","https://revistas.ups.edu.ec/index.php/ingenius/article/view/8634"
436,"oai:revistas.ups.edu.ec:article/8774","Optimización de la integridad estructural de las estaciones de ala de aeronaves de combate: un enfoque de análisis de elementos finitos","https://revistas.ups.edu.ec/index.php/ingenius/article/view/8774"
437,"oai:revistas.ups.edu.ec:article/8796","Aplicación de MANET como sistema de comunicación en la movilidad sostenible","https://revistas.ups.edu.ec/index.php/ingenius/article/view/8796"
438,"oai:revistas.ups.edu.ec:article/9033","Editorial","https://revistas.ups.edu.ec/index.php/ingenius/article/view/9033"
439,"oai:revistas.ups.edu.ec:article/9254","Análisis operativo de la gestión de carga controlada en vehículos eléctricos: Coordinación centralizada y descentralizada","https://revistas.ups.edu.ec/index.php/ingenius/article/view/9254"
440,"oai:revistas.ups.edu.ec:article/9324","Implementación de microservicios en proyectos de IoT con Arduino","https://revistas.ups.edu.ec/index.php/ingenius/article/view/9324"
441,"oai:revistas.ups.edu.ec:article/9327","Estudio comparativo de estrategias de enfriamiento en un módulo de baterías de iones de litio para la prevención de la fuga térmica mediante CFD","https://revistas.ups.edu.ec/index.php/ingenius/article/view/9327"
442,"oai:revistas.ups.edu.ec:article/9417","Diseño de un medidor didáctico de consumo de energía eléctrica para uso residencial","https://revistas.ups.edu.ec/index.php/ingenius/article/view/9417"
443,"oai:revistas.ups.edu.ec:article/9466","Una revisión del desarrollo de la hidroelectricidad en Etiopía, Tanzania, Zambia y Zimbabue","https://revistas.ups.edu.ec/index.php/ingenius/article/view/9466"
444,"oai:revistas.ups.edu.ec:article/9511","Caracterización de óxido de grafeno sintetizado mediante un método de Hummers modificado","https://revistas.ups.edu.ec/index.php/ingenius/article/view/9511"
445,"oai:revistas.ups.edu.ec:article/9587","Análisis comparativo de patrones de flujo en toberas planas y cónicas fuera de diseño","https://revistas.ups.edu.ec/index.php/ingenius/article/view/9587"
446,"oai:revistas.ups.edu.ec:article/9887","Editorial","https://revistas.ups.edu.ec/index.php/ingenius/article/view/9887"
447,"oai:revistas.ups.edu.ec:article/10262","Sistema de monitoreo de parámetros cardiovasculares basado en IoT y MQTT para alertas médicas","https://revistas.ups.edu.ec/index.php/ingenius/article/view/10262"
448,"oai:revistas.ups.edu.ec:article/10266","Evaluación de las emisiones contaminantes en vehículos diésel alimentados con biodiésel en condiciones reales de conducción","https://revistas.ups.edu.ec/index.php/ingenius/article/view/10266"
449,"oai:revistas.ups.edu.ec:article/10431","Optimización del consumo energético en campamentos remotos petroleros mediante tecnologías de gestión energética","https://revistas.ups.edu.ec/index.php/ingenius/article/view/10431"
450,"oai:revistas.ups.edu.ec:article/10434","Modelación de un cañón electromagnético utilizando ATP-EMTP y ATPDraw","https://revistas.ups.edu.ec/index.php/ingenius/article/view/10434"
451,"oai:revistas.ups.edu.ec:article/10540","Análisis de impedancias de tierra de forma cerrada en estudios de cortocircuito de sistemas de distribución aérea","https://revistas.ups.edu.ec/index.php/ingenius/article/view/10540"
452,"oai:revistas.ups.edu.ec:article/10582","Implementación y evaluación de un robot con sistema de locomoción wheeled-legged para la optimización del protocolo de inspección de tomas de aire en aviones caza en estado previo al vuelo","https://revistas.ups.edu.ec/index.php/ingenius/article/view/10582"
453,"oai:revistas.ups.edu.ec:article/10760","Aplicación de modelos U-Net para segmentación semántica de defectos en paneles fotovoltaicos","https://revistas.ups.edu.ec/index.php/ingenius/article/view/10760"
454,"oai:revistas.ups.edu.ec:article/10816","Editorial","https://revistas.ups.edu.ec/index.php/ingenius/article/view/10816"
455,"oai:revistas.ups.edu.ec:article/12406","Editorial","https://revistas.ups.edu.ec/index.php/ingenius/article/view/12406"
456,"1e9a8b61-fc56-4e78-a911-3fe726ae29ea","Sistema de administración deportiva para la Universidad Central del Ecuador","https://www.dspace.uce.edu.ec/handle/25000/5176"
457,"1eebacc5-4cfe-4c1d-9ab1-38459109eaed","Desarrollo e implementación de un sistema de gestión y control de vacaciones, licencias y permisos para el personal administrativo y de servicio de la dirección de talento humano de la universidad central del Ecuador.","https://www.dspace.uce.edu.ec/handle/25000/4231"
458,"1f24b6d7-36bc-48b4-84e5-547f77f93a45","Sistema de control de mantenimiento de indicadores de gestión de calidad aplicando la ISO 9000 para la Unidad Educativa La Colina.","https://www.dspace.uce.edu.ec/handle/25000/5464"
459,"2efccbd1-65b7-42b3-a856-b4c38ab24253","Sistema de registro de animales y sus derivados del Centro Experimental Uyumbicho de la Facultad de Veterinaria de la Universidad Central del Ecuador","https://www.dspace.uce.edu.ec/handle/25000/150"
460,"2f35196e-5a88-4d25-9b8c-d13f733fa04e","Sistema de reconocimiento óptico de caracteres, como solución al procesamiento digital de la información en la Facultad de Ingeniería, Ciencias Físicas y Matemática  Especialidad - Informática.","https://www.dspace.uce.edu.ec/handle/25000/358"
461,"2faa39a8-78d7-4c2b-89a9-09720f993304","Propuesta de una aplicación basada en la tecnología blockchain para el registro de títulos académicos","https://www.dspace.uce.edu.ec/handle/25000/18239"
462,"0c45f02f-7c14-4e86-98de-2b8342e142e8","Implementación de una suite de inteligencia de negocios para el sistema de información para la gestión del patrimonio cultural - abaco.","https://www.dspace.uce.edu.ec/handle/25000/4091"
463,"0c9c78ff-2c29-45ba-8b75-5d450662c8e0","Propuesta de un modelo de cadena de suministro basado en tecnología Blockchain","https://www.dspace.uce.edu.ec/handle/25000/20788"
464,"0d525e70-45cf-4ed0-b343-56b6a93184d0","Implementación y reingeniería del sistema ERP social módulo control académico en la escuela fiscal matutina concentración deportiva de Pichincha parrroquia la Magdalena del distrito metropolitano de Quito.","https://www.dspace.uce.edu.ec/handle/25000/4228"
465,"2ebf2ce0-df8c-4056-9b7d-edf5e1eabdc8","Sistema de gestión de indicadores de salud.","https://www.dspace.uce.edu.ec/handle/25000/5469"
466,"31d8940d-8a23-4e9e-b2e3-ff1965bd951d","Desarrollo de una plataforma web para la mejora en el control y seguimiento de los aprendizajes y la asistencia de los estudiantes del Club Oansa","https://www.dspace.uce.edu.ec/handle/25000/39257"
467,"32344ff1-f50f-4da8-9b8e-5f1f0c72ed8b","Análisis de datos de contratos abiertos de Compras Públicas de Ecuador en la emergencia sanitaria.","https://www.dspace.uce.edu.ec/handle/25000/26460"
468,"32788f23-e274-4582-98c8-6e11a071f963","Reingeniería del sistema ERP social e implementación en el Jardin y Colegio de la Unidad Educativa Corazón de María, parroquia Tumbaco del Disitrito Metropolitano de Quito.","https://www.dspace.uce.edu.ec/handle/25000/4303"
469,"32da520d-da8d-40c2-8f1f-d555fcaf26ad","Implementación del sistema de gestión documental quipux en la Universidad Central del Ecuador iniciando en la Facultad de Ingeniería, Ciencias Físicas y Matematica.","https://www.dspace.uce.edu.ec/handle/25000/6448"
470,"32dfccee-b0aa-4dd4-9f03-a62b8424805f","Implementación del sistema ERP social, en el despacho parroquial y la unidad educativa fisco-misional San Jerónimo ubicados en la parroquia de Pintag del distrito metropolitano de Quito y reingeniería del sistema.","https://www.dspace.uce.edu.ec/handle/25000/4232"
471,"3321997a-a653-4b92-9291-179f4a9a872c","Reconocimiento de emprendedores y talentos basado en la identificación de perfiles de personalidad.","https://www.dspace.uce.edu.ec/handle/25000/5482"
472,"33ee46e5-1330-4de3-9883-e1d9cbb7902c","Reestructuración y diseño de la red de datos de CIESPAL sede Quito basado en parámetros de calidad de servicio (QoS).","https://www.dspace.uce.edu.ec/handle/25000/4229"
878,"ca800f25-d6dd-42d9-bc6b-e1400a5b162f","Sistema de información agrícola y pago por destajo","https://www.dspace.uce.edu.ec/handle/25000/151"
474,"34be309a-eb93-43e7-8467-1a8fd10c932b","Virtualización del Altar Mayor del Convento Máximo de San Francisco de Quito ubicado en el Centro Histórico de la capital para conservación del patrimonio nacional utilizando técnicas mixtas de modelado 3D.","https://www.dspace.uce.edu.ec/handle/25000/34279"
475,"34ca7455-2261-471e-85f0-76322f59aae2","Implementación del sistema ERP social en la escuela fiscal mixta García Moreno y la junta parroquial de San Pablo de Atenas de la provincia de Bolívar y reingeniería del sistema.","https://www.dspace.uce.edu.ec/handle/25000/4178"
476,"34dbaac7-87b1-4b3b-af1c-0b1438f01a64","Propuesta de una aplicación basada en la tecnología Blockchain y Smart Contracts para el registro de contratos de arrendamiento","https://www.dspace.uce.edu.ec/handle/25000/25133"
477,"351e376a-ee0f-4b90-bf0e-2517566c44c1","Implementación del software PMB en el área de biblioteca de la entidad pública INEC","https://www.dspace.uce.edu.ec/handle/25000/17160"
478,"371999c5-e86c-4bc9-9aa6-ed86e01fa274","Sistema de seguimiento y control de convenios para la Dirección de Relaciones Internacionales de la Universidad Central del Ecuador","https://www.dspace.uce.edu.ec/handle/25000/5166"
479,"373826e7-7a63-4e71-9460-aa82539920aa","Sistematización web para la automatización del proceso de gestión de las tesis de grado en la Facultad de Jurisprudencia de la Universidad Central del Ecuador.","https://www.dspace.uce.edu.ec/handle/25000/4208"
480,"2d74e655-b60b-4f2c-a1fa-c6ddb6ebddfe","Implementación de un Sistema Web para Talento Humano en la Universidad Central del Ecuador","https://www.dspace.uce.edu.ec/handle/25000/16725"
481,"2e04eafb-069d-4125-bb16-2db561c1876d","Digitalización y automatización de la gestión de historias clínicas pediátricas en el Hospital del Día de la Universidad Central del Ecuador mediante el diseño y construcción de una aplicación web.","https://www.dspace.uce.edu.ec/handle/25000/5451"
482,"2e33fee9-ba3b-4f3c-9cae-0ef2a0ee9ef3","Mejoramiento del nivel de satisfacción en los servicios del Subcentro de Salud y Odontológico Huiruno, mediante la automatización de gestión de pacientes.","https://www.dspace.uce.edu.ec/handle/25000/4317"
483,"2e634214-0d26-49e4-9f5f-f0858626c671","Análisis e implementación de una plataforma de educación virtual para el Colegio Nacional Experimental Amazonas.","https://www.dspace.uce.edu.ec/handle/25000/5447"
484,"3128b49e-f37c-4ef4-a6f5-074b6a82ca36","Evaluación de la medición de juegos cuánticos en estrategias mixtas a mínima entropía mediante un computador cuántico real","https://www.dspace.uce.edu.ec/handle/25000/20127"
485,"313949df-36dd-448d-8c9f-c22a0c9b72a8","Biblioteca virtual para la Casa de la Cultura Ecuatoriana.","https://www.dspace.uce.edu.ec/handle/25000/4304"
486,"31a27afc-0f05-4533-97b7-a6ae99a2a157","Desarrollo e implementación de un sistema de control para bienes, muebles, inmuebles, intangibles, matrices, centros de apoyo, extensiones y unidades educativas para la Facultad de Ingeniería en Geología, Minas, Petróleos y Ambiental de la Universidad Central del Ecuador","https://www.dspace.uce.edu.ec/handle/25000/13136"
487,"5d6860ce-b9c8-4e83-9f70-256dc91334d4","Análisis, diseño e implantación de un sistema para la gestión de la Cinemateca Nacional de la Casa de Cultura Ecuatoriana CCE","https://www.dspace.uce.edu.ec/handle/25000/5177"
488,"5db79b1b-0085-4b4c-828c-54c2a1829a49","Automatización de fuerza de ventas para campañas publicitarias (Control de pagos a servicios externos, verificación y constancia de la publicidad post-instalación).","https://www.dspace.uce.edu.ec/handle/25000/900"
489,"61fc2c30-8670-4636-a887-3e0c81859877","Desarrollo de una aplicación móvil que permita a los docentes y estudiantes de la Universidad Central del Ecuador acceder a las bases de datos científicas.","https://www.dspace.uce.edu.ec/handle/25000/5466"
490,"625c1fc1-da53-46f4-99a4-3feeb94bc2fe","Análisis, diseño e implementación de un Data Mart Académico usando tecnología de BI para la Facultad de Ingeniería, Ciencias Físicas y Matemática.","https://www.dspace.uce.edu.ec/handle/25000/999"
491,"6b0cc9ed-2090-49c6-932b-4a8a646afe22","Generación de formularios utilizando la tecnología Angular para interactuar con el core bancario mediante servicios REST.","https://www.dspace.uce.edu.ec/handle/25000/25725"
492,"6b66c868-94d1-46de-ae89-45698af8bac7","Business Intelligence de tendencias de navegación web de estudiantes en el Laboratorio de la Facultad de Ingeniería Ciencias Físicas y Matemática de la UCE.","https://www.dspace.uce.edu.ec/handle/25000/6900"
493,"663b0d3e-4a09-4b43-9f84-869becce6dcb","Desarrollo de un sistema informático para controlar la información de consultorios odontológicos que gestionen las historias clínicas de pacientes. Caso Centro Médico AXXIS","https://www.dspace.uce.edu.ec/handle/25000/16544"
494,"670f6500-9b49-46e2-bad7-7e4699cd0de8","Desarrollo e implementación de una Base de Datos orientada al manejo de Empresas Turísticas","https://www.dspace.uce.edu.ec/handle/25000/20304"
495,"691e8937-e17d-4ac0-a986-b2a657f48ca7","Procedimientos de auditoría para la seguridad en la base de datos.","https://www.dspace.uce.edu.ec/handle/25000/2232"
496,"692419a8-c1da-41d8-ae57-865cb90ec038","Diagnóstico y diseño de un sistema de gestión de seguridad de la información (SGSI), basado en la norma ISO/IEC 27001:2013, en un banco público","https://www.dspace.uce.edu.ec/handle/25000/18451"
497,"6a7c52af-5467-4869-b0b8-8db194dd8d38","Desarrollo de una aplicación web para vehículo compartido","https://www.dspace.uce.edu.ec/handle/25000/15757"
498,"5f14830c-873b-43d4-b378-33b604c9663b","Modelo matemático de asignación de estudiantes de nuevo  ingreso al sistema escolar Público","https://www.dspace.uce.edu.ec/handle/25000/13118"
499,"5f81a05b-9c73-4dde-ac3f-56e412a8a6d1","Implementación de un sistema de inventario de equipos tecnológicos para la Dirección de Tecnología del Cuerpo de Bomberos del Distrito Metropolitano de Quito.","https://www.dspace.uce.edu.ec/handle/25000/7400"
500,"633af9c0-14ed-4c56-8dbf-5570204f9e9f","Propuesta de un modelo de criptomoneda que promueva la conciencia ambiental en la Universidad Central del Ecuador.","https://www.dspace.uce.edu.ec/handle/25000/35636"
501,"64088998-8ae2-436b-8209-6b8b056acaf4","Sistema para la gestión y reservación de salas, galerías, auditorios y teatros de la Sede Nacional de la Casa de la Cultura Ecuatoriana.","https://www.dspace.uce.edu.ec/handle/25000/4201"
502,"607add23-c87d-4f6e-8fe5-2ad02ede4bed","Automatización del proceso de gestión de consultorías al desarrollar e implementar un sistema informático para consultores de la empresa CODIPROS S.A.","https://www.dspace.uce.edu.ec/handle/25000/28297"
503,"611c7e0d-b213-4cdf-aa2f-7612d8b0980a","Automatización del proceso de solicitudes de la Facultad de Psicología.","https://www.dspace.uce.edu.ec/handle/25000/4305"
504,"612c8051-bd6a-4917-b5f3-945f380e9171","Reconstrucción Digital 3D del Escenario Interior de un Salón Cultural para su Implementación en un Prototipo Funcional del Demo de un Videojuego.","https://www.dspace.uce.edu.ec/handle/25000/35637"
505,"655a9e9d-c4e8-494b-818d-87d74414e5db","Sistema de evaluación del desempeño académico a los docentes de la Facultad de Ingeniería en Geología, Minas, Petróleos y Ambiental FIGEMPA.","https://www.dspace.uce.edu.ec/handle/25000/4194"
506,"2865e22c-6b06-4c35-994c-6ff28ed9c590","Análisis del comportamiento delictual, en base a los datos tomados por la Fiscalía General del Estado del Ecuador, aplicando tecnología de buisness intelligence.","https://www.dspace.uce.edu.ec/handle/25000/6023"
507,"24342007-99f3-4444-9add-1b84a11532d6","Manual de procedimientos para auditoría informática usando Normas Nacionales e Internacionales.","https://www.dspace.uce.edu.ec/handle/25000/2231"
508,"249522a6-f1c2-4913-af66-b6e5a8860314","Procedimiento de auditoría para la seguridad de las Redes Lan en los Laboratorios de Computadoras de la Escuela de Ciencias de la Facultad de Ingeniería, Ciencias Físicas y Matemática de la Universidad Central del Ecuador.","https://www.dspace.uce.edu.ec/handle/25000/2238"
509,"24a60ea3-0c19-44c3-b1e5-1e9baf7d62d1","Análasis y diseño de procesos vinculados para la Facultad de Ingeniería en Geología, Minas, Petróleos y Ambiental de la Universidad Central del Ecuador","https://www.dspace.uce.edu.ec/handle/25000/5175"
510,"24eccdfa-eaa9-4620-8113-0d3b14976941","Análisis de la implementación de blockchain en el registro de la propiedad inmobiliaria en Quito.","https://www.dspace.uce.edu.ec/handle/25000/35546"
511,"24fb168c-f12e-4ae6-aea9-d3542d98c640","Sistema de seguimiento de egresados y de inserción laboral para la Facultad de Ingeniería, Ciencias Físicas y Matemática de la Universidad Central del Ecuador.","https://www.dspace.uce.edu.ec/handle/25000/4313"
512,"251ee417-f467-4b64-8392-fce42cbfec86","Desarrollo de un sistema para la creación de horarios para la Universidad Central del Ecuador.","https://www.dspace.uce.edu.ec/handle/25000/9438"
513,"25313a2e-f0e8-414f-bed8-c081523313da","Identifación y valoración de indicadores de gestión para la acreditación de la Carrera de Informática de la Facultad de Ingeniería, Ciencias Físicas y Matemática.","https://www.dspace.uce.edu.ec/handle/25000/479"
514,"17c281ab-d3d6-4bf1-ad6f-c37579266180","Recolección y procesamiento de datos de movilidad para determinar los diferentes modos de transporte utilizados en la Universidad Central del Ecuador.","https://www.dspace.uce.edu.ec/handle/25000/26292"
515,"17d18932-32b7-47f5-b4f3-14a44053d8e1","Solución informática para la automatización de los procesos, control de áreas y recursos de una Empresa Gastronómica, con tecnología innovadora, terminales inalámbricos y tablet (Touchscreen) bajo Open Source.","https://www.dspace.uce.edu.ec/handle/25000/1928"
516,"180f25f4-a70a-4c26-bfa4-cd1f7418d233","Estudio del fondeo de empresas tecnológicas en la región mediante plataformas colaborativas de tipo crowdfunding","https://www.dspace.uce.edu.ec/handle/25000/18799"
517,"187fe075-f921-49dc-8bb2-2b6edd88077d","Sistema web de inventario y facturación para el control de componentes y sistemas automáticos Contamatic Cia. Ltda.","https://www.dspace.uce.edu.ec/handle/25000/2094"
518,"1c434adc-7569-4f73-ad6b-17597b32dd23","Sistema web de ubicación geográfica y trazo de rutas de transporte para llegar a los Colegios de Quito.","https://www.dspace.uce.edu.ec/handle/25000/6055"
519,"1ca626b0-3f83-4bd4-a46e-99f2285becad","Diseño de una metodología para cluster de base de datos Oracle MYSQL de alta disponibilidad, con un demo de aplicación en servidores Linux.","https://www.dspace.uce.edu.ec/handle/25000/7401"
520,"1d1f6d40-4d5a-4af2-86ba-1c3e716a7a99","Análisis comparativo de malware en teléfonos inteligentes Android, prevención y mitigación de sus efectos.","https://www.dspace.uce.edu.ec/handle/25000/29597"
521,"1d234ee4-4b77-4da5-b954-2e503f1e0eaf","Automatización del seguimiento de proyectos y contratos realizados en el Instituto Superior de Investigaciones (ISI), en la Facultad de Ingeniería en Geología, Minas, Petróleos y Ambiental.","https://www.dspace.uce.edu.ec/handle/25000/1363"
522,"1d277ce1-f653-4dd6-acae-623d3f16d32d","Portal Web con generación de Indicadores de gestión a partir de una metodología de Inteligencia de negocios en el departamento de Posgrados de la Universidad Central del Ecuador","https://www.dspace.uce.edu.ec/handle/25000/20500"
523,"190ff64f-be40-434a-acf6-e20646b54b80","Sepmex, sistema de pago en línea multiempresa","https://www.dspace.uce.edu.ec/handle/25000/15759"
524,"227c4d55-1c49-4892-ae5b-1515b4e386cb","Sistematización de los Laboratorios Académicos de prácticas de la Facultad de Ingeniería Química de la Universidad Central del Ecuador.","https://www.dspace.uce.edu.ec/handle/25000/1951"
525,"160af3b6-e6b4-4342-9630-849fbb1e8440","Desarrollo de un sistema de control microproductor de cacao.","https://www.dspace.uce.edu.ec/handle/25000/9450"
526,"10306bf7-f8b0-4774-9238-a53a391a52ff","Aplicación móvil para la ubicación geográfica dentro de la Universidad Central (Geoubicate UCE).","https://www.dspace.uce.edu.ec/handle/25000/8013"
527,"21ebf2b9-5b44-4afa-be5b-a46544ffbe83","Sistema web para el control de la alimentación, sanidad y comercialización de cuyes para la Fundación a Favor de la Vida.","https://www.dspace.uce.edu.ec/handle/25000/9359"
528,"2219d145-ed47-4313-904e-5886e2fd9486","Diseño e implementación de un modelo de intención de voto en el proceso de elecciones presidenciales 2017.","https://www.dspace.uce.edu.ec/handle/25000/8011"
529,"26447e99-bacf-43d6-a983-e8405e87e551","Implementación de una aplicación web para la gestión del conocimiento en la Facultad de Ingeniería, Ciencias Físicas y Matemática, Escuela de Ciencias.","https://www.dspace.uce.edu.ec/handle/25000/2850"
530,"2663f3dc-626c-48eb-adb3-e73e0db1757b","Diseño e implementacion de un portafolio electronico del docente para la Facultad de Ingenieria Petroleos y Ambiental de la Universidad Central del Ecuador","https://www.dspace.uce.edu.ec/handle/25000/13137"
531,"26866af3-4913-4584-a5b1-43d9152b251d","Diseño e implementación de un sistema web que permita la distribución y el control de estudiantes que realizan las prácticas pre profesionales para la Carrera de Educación Parvularia.","https://www.dspace.uce.edu.ec/handle/25000/9664"
532,"26e4a418-edf5-43a4-b23e-83b52d474ae4","Sistema de capacitación del Grupo de Intervención y Rescate.","https://www.dspace.uce.edu.ec/handle/25000/4348"
533,"26fbcc7c-ca7b-4598-965b-8323affdc6a3","Implementación de un sistema de administración estudiantil y de recursos para el Centro de Desarrollo Infantil Madre Livia Ianeselli.","https://www.dspace.uce.edu.ec/handle/25000/1655"
534,"270c34ec-6550-4226-bb20-0d2fb4c6b083","Propuesta de modelo de gestión del esquema gubernamental de seguridad de la información al proceso de facturación para la Empresa Eléctrica Quito.","https://www.dspace.uce.edu.ec/handle/25000/4319"
535,"2b7343f4-eeb2-41ba-88bd-63bc80979dfd","Propuesta de un sistema de investigación para las Instituciones de Educación Superior basado en las tics","https://www.dspace.uce.edu.ec/handle/25000/4093"
536,"2b81cd48-6d29-4571-82d2-9581a4f50c99","Sistema de gestión de horarios académicos para la Universidad Central del Ecuador","https://www.dspace.uce.edu.ec/handle/25000/5171"
537,"2ba9eb42-9878-4ecd-bdc0-3f105dd93578","Desarrollo de una aplicación web para el proceso de plan de titulación de la Universidad Central del Ecuador.","https://www.dspace.uce.edu.ec/handle/25000/26293"
538,"2000389c-4309-4716-b7d2-846341b65e0e","Desarrollo de una herramienta que permita la gestión de proyectos de desarrollo de software que incorpore prácticas de PMI en su gestión.","https://www.dspace.uce.edu.ec/handle/25000/2109"
539,"200c3bad-91e2-4a0c-a998-9830cfe1bb29","Automatización e implementación del sistema de costos de producción en UNIAGUA.","https://www.dspace.uce.edu.ec/handle/25000/1961"
540,"207c62de-a4e1-4eff-8dc2-1f9fae999e1a","Desarrollo e implementación del sistema de inscripciones y notas vía web de suficiencia informática para la Facultad de Ingeniería, Ciencias Físicas y Matemática.","https://www.dspace.uce.edu.ec/handle/25000/316"
541,"20c6be9a-4e83-4a3c-ba3e-814eb24e7925","Sistema de escalafón para funcionarios de la UCE.","https://www.dspace.uce.edu.ec/handle/25000/2851"
542,"7f13d755-8d15-4ef1-a996-e46e019417d5","Propuesta de optimización de procesos e government basados en Blockchain.","https://www.dspace.uce.edu.ec/handle/25000/28428"
543,"7f2be990-5e80-466b-80ff-6ff66a0b99e9","Diseño e implementación de un sistema informático de análisis de opiniones a un personaje público en el Ecuador en medios sociales online","https://www.dspace.uce.edu.ec/handle/25000/15268"
544,"862e6db8-ecf3-49a6-ae96-c4ca1d7f2012","Sistema de gestión del Talento Humano y seguimiento de Docentes, implementado para cuatro Escuelas de la Parroquia suburbana San Pedro de Amaguaña.","https://www.dspace.uce.edu.ec/handle/25000/543"
545,"86be0a20-f0ec-458a-baec-e5bfb4adc38b","Análisis de preferencias políticas, soportado fundamentalmente por las redes sociales.","https://www.dspace.uce.edu.ec/handle/25000/4185"
546,"870e1975-2559-439b-8f6a-f21daca7e4bf","Análisis comparativo de motores de videojuegos para la creación de juegos de estilo plataforma 2.5D.","https://www.dspace.uce.edu.ec/handle/25000/35054"
547,"7c43a68d-ecda-498c-9aa9-be40c13405c8","Diseño e implementación de un sistema web de seguimiento de trámites internos para la Facultad de Ciencias Agrícolas de la Universidad Central del Ecuador","https://www.dspace.uce.edu.ec/handle/25000/183"
548,"796e34d2-abe0-413d-a013-d46cff916e0c","Desarrollo de una api rest con sus aplicaciones web y móvil para la venta de ropa online de la Empresa Roosman.","https://www.dspace.uce.edu.ec/handle/25000/9668"
549,"7948a007-4676-4cb9-87c1-e2b5543f354d","Implementación y reingeniería del sistema ERP social, en el Despacho Parroquial San Miguel Arcángel del Cantón Sigchos, Provincia de Cotopaxi.","https://www.dspace.uce.edu.ec/handle/25000/4302"
550,"7afa860d-94f9-4ab8-b4fc-151012198ce9","Escultura 3D de colibríes nativos del Ecuador en peligro o amenazados, dentro de un ambiente virtual especulativo para exposición en el Museo de la Biodiversidad de la Universidad Central del Ecuador.","https://www.dspace.uce.edu.ec/handle/25000/35373"
551,"82980ee4-95d1-4def-996b-9cf3ee827cd2","Desarrollo de un sistema de información para registro y validación del proceso IESS del Patronato Provincial de Pichincha.","https://www.dspace.uce.edu.ec/handle/25000/2229"
552,"82d149c9-a18f-4afd-be61-ab7748fd0439","Propuesta de un sistema integrado para la gestión de cursos masivos on-line con acceso a bibliotecas virtuales.","https://www.dspace.uce.edu.ec/handle/25000/5450"
553,"83785f51-4d02-4d33-9720-9d8d45b94593","Implementación del visor geográfico del sistema nacional de información utilizando software libre.","https://www.dspace.uce.edu.ec/handle/25000/6022"
554,"84258d46-e09d-4909-bede-c2245082f760","Diseño e implementación de un software para la administración, control y seguimiento del proceso soporte a clientes para la empresa corporación DFL","https://www.dspace.uce.edu.ec/handle/25000/5168"
555,"846ab756-c3db-4004-bc6a-a13eedb05fd1","Sistema web de inventario de bienes patrimoniales","https://www.dspace.uce.edu.ec/handle/25000/18456"
556,"84825e66-bd7d-4093-bb07-23c0124544ab","Desarrollo de un sistema que permita la gestión de registro de calificaciones en la escuela fiscal de educación básica Nicolas Guillén.","https://www.dspace.uce.edu.ec/handle/25000/4225"
557,"84e4fa99-931a-4e12-9c72-38b2e347b0bc","Diseño y desarrollo de una aplicación de Business Intelligence (BI) con la metodología del modelo dimensional. Caso Empresa Breco Metales y Servicios.","https://www.dspace.uce.edu.ec/handle/25000/6875"
558,"851ada24-ebcc-4c01-9589-2da1fa8e7915","Automatización del proceso organizacional de las divisiones formativas de Liga Deportiva Universitaria.","https://www.dspace.uce.edu.ec/handle/25000/1934"
559,"81934b11-9921-4ef4-a2d8-c874748bffc1","Propuesta de un flujo de trabajo para el desarrollo de software en equipos de trabajo reducidos siguiendo los principios de las metodologías ágiles y la implementación de procesos de integración continua (CI) y distribución continua (CD).","https://www.dspace.uce.edu.ec/handle/25000/34621"
560,"1ad5d016-ee86-4730-a2f7-5b3296f47c73","Desarrollo e implementación de una aplicación web para controlar actividades deportivas recreativas culturales y sociales Universidad Central del Ecuador.","https://www.dspace.uce.edu.ec/handle/25000/4326"
561,"1b894dc4-c8d0-4176-be9c-86a230ea6eca","Aplicación para el control de proyectos con órdenes de trabajo en la empresa ESYST.","https://www.dspace.uce.edu.ec/handle/25000/15273"
562,"1775d3d6-a01d-4e91-b0b7-676119ef1169","Desarrollo de una aplicación móvil que simule un botón de pánico en tiempo real dentro de la Universidad Central del Ecuador","https://www.dspace.uce.edu.ec/handle/25000/19476"
563,"198fbc68-111c-47d5-bd8d-dcd062151225","Simulación del flujo de pasajeros de la metro vía en la hora pico en la mañana en la ciudad de Quito","https://www.dspace.uce.edu.ec/handle/25000/13120"
564,"1a1ac30b-091d-4ee7-9a1c-0dc8e5ac4658","Sistema de evaluación de los derechos y beneficios estudiantiles mediante encuestas y entrevistas personales.","https://www.dspace.uce.edu.ec/handle/25000/5359"
565,"121fcd67-54c2-43c3-893f-55762e6c9bcb","Sistema para la gestión operativa del área de Laboratorio Clínico del Hospital del Día de la Universidad Central del Ecuador.","https://www.dspace.uce.edu.ec/handle/25000/4579"
566,"123b7f9a-f674-435f-b6e8-8809763f0b25","Sistema de gestión para la Clínica Veterinaria de la Universidad Central del Ecuador.","https://www.dspace.uce.edu.ec/handle/25000/478"
567,"124d5be6-7256-4621-a2cf-15ef769fca2b","Análisis y desarrollo de un plan de administración de infraestructura interna basados en dominios de cobit para la empresa Solteflex S.A.","https://www.dspace.uce.edu.ec/handle/25000/4226"
568,"12c2c5a2-f5a0-4e73-b593-73869c42073d","Sistema de gestión de programas sociales para el Distrito Ecuatoriano de Kiwanis Internacional.","https://www.dspace.uce.edu.ec/handle/25000/821"
569,"0e616ce2-d75c-45ff-8b6e-b836139d2c5d","Diseño e implementación de un prototipo Domsystem de seguridad y control para mantener el resguardo de bienes y el confort mediante una red de sensores utilizando comunicación wireless bluetooth.","https://www.dspace.uce.edu.ec/handle/25000/4324"
570,"0ee362c3-72bb-423a-ae4e-e1b325986fe2","Representación específica de la mitología ecuatoriana descrita en una obra histórica, a través del demo jugable de un videojuego de estrategia.","https://www.dspace.uce.edu.ec/handle/25000/4306"
571,"13882ec2-1635-4971-9381-18acb681ce0c","Desarrollo de un sistema de información de geolocalización interactiva (SIGI) para visualización geográfica y multimedia de las carreteras de la Universidad Central del Ecuador.","https://www.dspace.uce.edu.ec/handle/25000/6504"
572,"13ad0757-6f1d-4663-9112-b51450d2eea3","Sistema web para la administración de bodegas (EPMMOP).","https://www.dspace.uce.edu.ec/handle/25000/364"
573,"13cf7e20-64d6-4d0e-bec3-45286cd88310","Desarrollo de un sistema para administrar y gestionar la asignación de tareas en el desarrollo de software en la empresa TOC-SYSTEMS","https://www.dspace.uce.edu.ec/handle/25000/32044"
574,"13fed2a5-c2b4-4b22-987d-e4bf15256ab3","Implementación de un sistema de Inteligencia de Negocios, aplicado en el sector hotelero, en Operaciones","https://www.dspace.uce.edu.ec/handle/25000/19363"
575,"145e425f-f6d3-4f4c-96ce-25297cb219b5","Sistema de gestión de procesos académicos de la Unidad Educativa La Colina.","https://www.dspace.uce.edu.ec/handle/25000/6507"
576,"0af18009-f134-49a2-aa99-7c83fef5bf02","Análisis, diseño y desarrollo de un sistema de evaluación de desempeño laboral basado en competencias.","https://www.dspace.uce.edu.ec/handle/25000/1955"
577,"10ef40da-537e-4f02-a986-e72afb1fdb81","Aplicación móvil para mejorar la movilidad de la comunidad universitaria de la Universidad Central del Ecuador utilizando vehículo compartido.","https://www.dspace.uce.edu.ec/handle/25000/7349"
578,"115064db-66ff-4aac-87f9-41df4a776d41","Desarrollo de una aplicación de realidad aumentada para ser un instrumento de apoyo en la Educación General Básica","https://www.dspace.uce.edu.ec/handle/25000/13567"
579,"72f5b946-b3b4-4c90-a3fd-b7b9ec7fab60","Implementación de un sistema de inteligencia de negocios en el departamento de ventas de una empresa nacional del sector lácteo y desarrollo de reportes dinámicos utilizando herramientas de software libre.","https://www.dspace.uce.edu.ec/handle/25000/4195"
580,"73218ff8-7015-472b-a0a2-02c002139172","Propuesta de un modelo de criptomoneda social basada en Blockchain que impulse actividades colaborativas y de sostenibilidad en la Universidad Central del Ecuador.","https://www.dspace.uce.edu.ec/handle/25000/30787"
581,"734d4b9c-393f-4f3d-af02-9880411ce70b","Sistema de información y control de asistencia del personal para  Facultad de Ingeniería.","https://www.dspace.uce.edu.ec/handle/25000/496"
582,"73739cdf-c828-40f8-9588-54f82e1b6501","Aplicación web para el monitoreo de indicadores de desarrollo económico para las comunidades ubicadas en los Cantones Riobamba, Guano y Pelileo de la Provincia de Chimborazo.","https://www.dspace.uce.edu.ec/handle/25000/4344"
583,"73b565fe-6497-4ebe-ab49-ffac20dec218","Desarrollo de una aplicación web para controlar el proceso de préstamo de proyectores del laboratorio de cómputo de la carrera de Ingeniería Civil, Facultad de Ingeniería Ciencias Físicas y Matemática","https://www.dspace.uce.edu.ec/handle/25000/21831"
584,"740f9ba3-c58b-4168-817f-9b2d814d727b","Sistema para uso y control de la flota vehicular de la Universidad Central del Ecuador","https://www.dspace.uce.edu.ec/handle/25000/5170"
585,"7461115b-f4a0-4e95-b352-3e6a561b2713","Implementación de un sistema de información integrado para la gestión de procesos en una empresa del área de TI.","https://www.dspace.uce.edu.ec/handle/25000/31218"
586,"746852a2-20ee-460a-be7c-0f9b375fa6c2","Diseño e implementación de un software web para la administración y control de equipos especiales y materiales del Rastrillo del Gir, solicitados para las operaciones del Grupo de Intervención y Rescate de la Policía Nacional","https://www.dspace.uce.edu.ec/handle/25000/4628"
587,"749143f3-ced9-4434-b7ce-2cdc6e39c958","Desarrollo de una aplicación móvil que proporcione un dataset para determinar los tiempos de permanencia y viajes dentro de la Universidad Central del Ecuador","https://www.dspace.uce.edu.ec/handle/25000/24229"
588,"74a3f07d-4198-4f42-bbd8-8d1bd06bb0a9","Implementación de un sistema para la automatización y sistematización del ingreso de solicitudes al proceso soporte a clientes, para la empresa corporación DFL.","https://www.dspace.uce.edu.ec/handle/25000/5470"
589,"75838b70-6105-4c49-8645-6c92ae475af4","Sistema informático de gestión de calidad para la Empresa Eléctrica Quito.","https://www.dspace.uce.edu.ec/handle/25000/6046"
590,"7658ee03-864d-4329-8b13-eb1ad0ccf264","Sistema de registro administración control y seguimiento de los proyectos de graduación.","https://www.dspace.uce.edu.ec/handle/25000/2528"
591,"77047407-e9c1-4045-8f57-9e1f6d72106d","Curso virtual de una metodología basada  en competencias aplicada en el centro de gestión del conocimiento UCESOFT.","https://www.dspace.uce.edu.ec/handle/25000/367"
592,"7704ca32-32e3-41f9-8622-562928017c68","Reingeniería de un sistema pecuario en el ámbito reproductivo y productivo en la zona Cayambe","https://www.dspace.uce.edu.ec/handle/25000/20927"
593,"77515aeb-9b6e-448a-9d8d-32f69318a03e","Implantación de un sistema para la gestión de las grandes reliquias ecuatorianas que son patrimonio de la humanidad almacenadas en bodegas y facturación de obras inéditas de grandes autores y artistas ecuatorianos forjados de la cultura, las artes y de las ciencias.","https://www.dspace.uce.edu.ec/handle/25000/4206"
594,"77d99502-d8ff-4435-b4e3-e19558ffcbf4","Estudio y diseño de un modelo de inteligencia de negocios empresarial y desarrollo de un caso de estudio con la herramienta Oracle BI.","https://www.dspace.uce.edu.ec/handle/25000/2078"
595,"78368003-e534-4cf1-8a50-f60499e32114","Análisis comparativo de herramientas open source para big data apache hadoop y apache spark","https://www.dspace.uce.edu.ec/handle/25000/13563"
596,"785d5f42-90b2-4f0f-9c58-b872bb3a457e","Sistema de auditoría y control de las intervenciones efectuadas en las estaciones hidrometeorológicas del INAMHI.","https://www.dspace.uce.edu.ec/handle/25000/2827"
597,"78efd901-590d-4050-a459-9b3cf2ef04c3","Implementación del sistema talleres y transportes de la Empresa Eléctrica Quito.","https://www.dspace.uce.edu.ec/handle/25000/6019"
598,"6f94ae2a-f71a-4918-a14e-edd50b9786da","Diseño e implementación de un sistema de automatización de procesos para la Dirección de Bienestar Universitario (DBU) de la Universidad Central del Ecuador.","https://www.dspace.uce.edu.ec/handle/25000/6058"
599,"6ac1a57d-6d22-4b95-b09d-2499299ca605","Análisis, diseño e implementación de un sistema de Registro de la parroquia San Pedro de Amaguaña","https://www.dspace.uce.edu.ec/handle/25000/13138"
600,"6dd634e1-c1d9-4c66-92ee-2f907a6f4153","Análisis, diseño e implementación de una solución informática para el control de activos fijos de la Parroquia San Pedro de Amaguaña.","https://www.dspace.uce.edu.ec/handle/25000/752"
601,"727b84f1-4f66-4f29-8b3b-62dcbec02178","Desarrollo de una aplicación móvil para brindar información turística in situ.","https://www.dspace.uce.edu.ec/handle/25000/11823"
602,"7182b5e3-f104-4b55-97b1-a371287944c7","Propuesta de un sistema de acompañamiento a estudiantes universitarios basado en tecnologías de información y comunicación (TIC'S).","https://www.dspace.uce.edu.ec/handle/25000/5483"
603,"7191509d-63cf-4f16-b279-944dfa70c324","Análisis de vulnerabilidades para prevenir posibles inseguridades informáticas en la red inalámbrica de la Facultad de Ingeniería, Ciencias Físicas y Matemática de la UCE","https://www.dspace.uce.edu.ec/handle/25000/13119"
604,"71d63cf1-92f8-41ff-b4ad-308ea33d702b","Desarrollo del sistema de evaluación del desempeño laboral aplicado a la Empresa Eléctrica Quito, en base al modelo establecido por el Ministerio de Relaciones Laborales.","https://www.dspace.uce.edu.ec/handle/25000/1426"
605,"6ce0c168-d36e-4fcc-ad6c-c1c6cb799495","Migración de una aplicación de software privado a software libre: Estudio, metodologías y herramientas aplicado al módulo de monitoreo y seguimiento a las Gobernaciones.","https://www.dspace.uce.edu.ec/handle/25000/542"
606,"6cf89f7c-0130-4678-abc4-8efa74f033e1","Consolidación de información de los estudiantes egresados y graduados además del diseño, análisis e implementación de un sistema web que de seguimiento a las tesis de los estudiantes egresados, para la Facultad de Ingeniería en Geología, Minas, Petroleos y Ambiental.","https://www.dspace.uce.edu.ec/handle/25000/2230"
607,"6e8902c7-3bd0-4237-8ddd-5fb08704512e","Sistema de información para el registro y seguimiento de problemas comunitarios de la ciudad de Quito para la Empresa Quito Capaz","https://www.dspace.uce.edu.ec/handle/25000/144"
608,"6ecc47fb-a1fc-4ad2-b085-8179021732de","Desarrollo del sistema control biométrico de Docentes de la Universidad Central del Ecuador","https://www.dspace.uce.edu.ec/handle/25000/220"
609,"42c47336-ecc0-4ca8-bf5a-adf458694ff6","Desarrollo de una aplicación web y móvil para auditar a los proveedores de empresas a nivel nacional en el marco del sistema de gestión de calidad","https://www.dspace.uce.edu.ec/handle/25000/19477"
610,"446429c6-d26d-4aee-ae7b-4766a4b0b183","Análisis comparativo de rendimiento en operaciones de escritura para bases de datos SQL y NoSQL","https://www.dspace.uce.edu.ec/handle/25000/24230"
611,"44b56316-3ebf-47de-990f-13586444a01c","Análisis de los procesos administrativos manuales de la Facultad de Ingeniería en Geología, Minas, Petróleos y Ambiental para establecer responsabilidades de actividades en el mapa de procesos y automatización de un proceso previa selección.","https://www.dspace.uce.edu.ec/handle/25000/2076"
612,"3fbf8fa0-63d0-4202-9c76-36609f1d715a","Desarrollo de una aplicación móvil para estudiar el problema de la movilidad en la UCE","https://www.dspace.uce.edu.ec/handle/25000/17570"
613,"404f5393-1f83-4098-84db-0c6c10b48e24","Sistema para el manejo y control de procesos del Departamento de Petróleos, Energía y Contaminación de la Facultad de Ingeniería Química.","https://www.dspace.uce.edu.ec/handle/25000/453"
614,"40b5c31b-ab68-4ef7-8786-0da698b2964f","Plataformas colaborativas como medio de promoción e impulso para el uso de Bitcoin","https://www.dspace.uce.edu.ec/handle/25000/19362"
615,"3d82831a-bcad-4acb-8e1b-810cd6394e70","Sistema de Doctorados para la Universidad Central del Ecuador.","https://www.dspace.uce.edu.ec/handle/25000/29595"
616,"3d8490bc-8934-453b-9327-477452cf0350","Desarrollo e implementación del sistema de aplicaciones empresariales oracle con J2EE utilizando weblogic, autenticación de usuarios a aplicaciones con LDAP y gestión de versiones desplegadas en emerge-soft.","https://www.dspace.uce.edu.ec/handle/25000/6509"
617,"3dd6101a-16a7-4863-8f3c-b1220c1f92ce","Optimización de tiempos en el monitoreo del sistema Geo referencial de Técnicos- Instaladores para clientes con servicio de Televisión Satelital.","https://www.dspace.uce.edu.ec/handle/25000/26887"
618,"3e7356da-7806-49ba-b67f-7f595f6b9bde","Desarrollo de una aplicación móvil, para implementar el uso de vehículo compartido en la Facultad de Ingeniería, Ciencias Físicas y Matemática","https://www.dspace.uce.edu.ec/handle/25000/17619"
619,"355c9371-08e7-4e99-b6c2-4c31809d6fd2","Desarrollo de un sistema de gestión de identidades utilizando OAuth 2.0 y Smart Contracts basados en Blockchain.","https://www.dspace.uce.edu.ec/handle/25000/29220"
620,"3ce1fda7-015c-428d-a718-4f3c7a78981d","Análisis y desarrollo de un sistema web para soportar el bookcrossing utilizando la tecnología blockchain.","https://www.dspace.uce.edu.ec/handle/25000/30367"
621,"380b0e48-d902-4d98-8c4b-a0634e81e93a","Sistema de seguimiento y registro de los productos de investigación realizados como tesis en el Instituto Superior de PostGrado de la Facultad de Ingeniería, Ciencias Físicas y Matemática","https://www.dspace.uce.edu.ec/handle/25000/5174"
622,"4778f72b-699b-41b6-ad63-9b246318f88e","Diseño, desarrollo e implementación de un sistema de control de asistencia del personal administrativo y de servicio para la Dirección de Talento Humano de la Universidad Central del Ecuador.","https://www.dspace.uce.edu.ec/handle/25000/2925"
623,"47e0c386-04a0-4b39-9665-6de7082e97bd","Implementación del sistema de control interno de pedidos, manejo de inventario y facturación para la Facultad de Ingniería Civil en el Laboratorio de Suelos y Materiales.","https://www.dspace.uce.edu.ec/handle/25000/5474"
624,"48777aaa-85f4-49f5-8456-18441b447bca","Implementación de controles de seguridad, monitoreo de acceso y respaldos para custodia de información sensible de la Empresa de Seguridad y Salud Ocupacional Proserati.","https://www.dspace.uce.edu.ec/handle/25000/6553"
625,"39d1dedf-61fc-4902-bfe4-8f68c9b21983","Prototipo de aplicación para la certificación de documentos digitales en instituciones de educación superior basado en la tecnología Blockchain","https://www.dspace.uce.edu.ec/handle/25000/39280"
626,"3a78a553-ced0-41d3-a309-d6e69545b931","Análisis, diseño e implementación de un sistema para gestión de proyectos de investigación para la Dirección General de Investigación y Posgrado de la Universidad Central del Ecuador mediante el uso de herramientas de software libre.","https://www.dspace.uce.edu.ec/handle/25000/2929"
627,"3a8efdca-b906-4235-96fc-937a03468a7e","Automatización del proceso de registro y gestión del catastro rural para la junta general de usuarios del sistema de riego de Tumbaco.","https://www.dspace.uce.edu.ec/handle/25000/9588"
628,"45b41194-6944-4493-a969-0407cf04180e","Sistema de seguimiento de participantes y su vinculación con el sector productivo para la Unidad de Educación Continua y el Instituto de Investigación y Posgrados de la Facultad de Ciencias Administrativas.","https://www.dspace.uce.edu.ec/handle/25000/5418"
629,"4616274f-1c6b-4604-8c83-774895de3d5b","Integración de herramientas BPM y ECM de código abierto, para el análisis. diseño e implementación del proceso de evaluación socioeconómica para la automatización de la solicitud de crédito en la Empresa Magmasoft.","https://www.dspace.uce.edu.ec/handle/25000/9584"
630,"463ef5e6-5ed3-4976-b8a3-0453372b9ca1","Desarrollo de un prototipo de aplicación para la gestión de derechos de autor de obras musicales basado en tecnología blockchain y smart contract","https://www.dspace.uce.edu.ec/handle/25000/32045"
631,"46b2a43a-91b9-4025-8192-91815236a5e4","Desarrollo de una aplicación móvil para el control y gestión de estudiantes, que será desarrollado para la Unidad Educativa La Colina","https://www.dspace.uce.edu.ec/handle/25000/5188"
632,"46bde79f-5c3d-4ae6-8b02-f3632a463c2c","Aprendizaje automático para el mantenimiento predictivo en los buses del transporte público","https://www.dspace.uce.edu.ec/handle/25000/20499"
633,"41f65cd6-201f-4239-88e2-d7ad196ea3ec","Sistema de guía mediante localización de dispositivos móviles en redes wifi.","https://www.dspace.uce.edu.ec/handle/25000/541"
634,"42246cca-910d-44dd-a4e4-046ac84491ed","Sistema de gestión de talento humano y camino para el Grupo de Intervención y Rescate (GIR) de la Policía Nacional Myor. Galo E. Miño Jarrín.","https://www.dspace.uce.edu.ec/handle/25000/2947"
635,"291d76b4-9e08-4731-81d3-7c1f633b7a5b","Desarrollo de un sistema de gestión de corpus y procesamiento del lenguaje natural de un observatorio de conflictividad social.","https://www.dspace.uce.edu.ec/handle/25000/34528"
636,"298d905c-a908-49d6-9b7e-bc8924eb2d3f","Análisis y diseño de un sistema de evaluación de servicios de entretenimiento para el Club Castillo de Amaguaña en la web.","https://www.dspace.uce.edu.ec/handle/25000/2096"
637,"29cac2c5-bc04-467f-9906-3fad033a5e76","Sistema de control y seguimiento de la flota vehicular para el Grupo de Intervención y Rescate Mayor Galo E. Miño Jarrín.","https://www.dspace.uce.edu.ec/handle/25000/4296"
638,"5a320cf2-2e0b-4837-a0dc-93149749fa03","Desarrollo de un sistema web de seguimiento de trámites para los gobiernos autónomos descentralizados (GAD) de la provincia de pichincha. Caso Pedro Moncayo.","https://www.dspace.uce.edu.ec/handle/25000/27246"
639,"5a9527ca-aed8-4fcf-b109-53feb18e81d6","Inteligencia de Negocios y Analítica de Datos, una Propuesta de Mejora","https://www.dspace.uce.edu.ec/handle/25000/19365"
640,"5ae528f9-6ae7-4b1d-bcb6-8db3dfb7f88b","Estudio de la implementación de redundancia para un sistema de monitoreo en empresas de telecomunicaciones.","https://www.dspace.uce.edu.ec/handle/25000/5462"
641,"5127cec3-e966-4aeb-bb24-2522f5d58c93","Desarrollo e implementación de un sistema de procesos vinculados para la Facultad de Ingeniería en Geología Minas, Petróleos y Ambiental de la Universidad Central del Ecuador.","https://www.dspace.uce.edu.ec/handle/25000/4328"
642,"51df833d-bcc7-4eec-9c6c-00ef77320e9a","Desarrollo de una solución de business intelligence orientado al análisis del rendimiento académico y la planificación de los cursos de la Carrera de Ingeniería Informática en la Facultad de Ingeniería, Ciencias Físicas y Matemática.","https://www.dspace.uce.edu.ec/handle/25000/5457"
643,"520dfa66-fe6e-4b2a-8634-bfdaf90eca49","Estudio del diseño de la ampliación del centro de datos nacional iñaquito para el sector eléctrico ecuatoriano basado en el estándar ANSI/TIA/EIA-942 TIER III.","https://www.dspace.uce.edu.ec/handle/25000/4227"
644,"52534f47-c767-45a0-9c1b-592287fa68e4","Diseño e implementación de un sistema de facturación electrónica para la Universidad Central del Ecuador.","https://www.dspace.uce.edu.ec/handle/25000/5428"
645,"544e8188-5fae-4874-8921-c67505ce7491","Desarrollo de un prototipo de aplicación web para la gestión de historias geriátricas utilizando Smart Contracts basados en Blockchain.","https://www.dspace.uce.edu.ec/handle/25000/29598"
646,"54e4193b-eff4-4054-a0bd-3795bd50f6f7","Automatización del ingreso de becas en línea y sistematización de la gestión del proceso de selección y asignación de becas, así como el registro de los becados a los respectivos proyectos de desarrollo ambiental y social y la creación de una página web para la Fundación Sembrar Esperanza SEMBRES.","https://www.dspace.uce.edu.ec/handle/25000/4330"
647,"507155a1-9b56-49d5-80d1-ed4fe7d3d801","Análisis, diseño e implementación de un sistema informático para la gestión del área de museos de la Casa de la Cultura Ecuatoriana","https://www.dspace.uce.edu.ec/handle/25000/5186"
648,"508a309c-9676-4e89-8e54-e12883941751","Diseño técnico e implementación de una red de alta disponibilidad para el data center del Instituto Ecuatoriano de Crédito Educativo y Becas en la Ciudad de Quito","https://www.dspace.uce.edu.ec/handle/25000/317"
649,"559d8404-27fa-46fb-8c40-7f915c2eba52","Blockchain, un camino alternativo a la digitalización de prescripciones médicas en el Ecuador.","https://www.dspace.uce.edu.ec/handle/25000/27247"
650,"559e88ca-a48c-4da7-85e4-be458463dd78","Diseño e implementación del sistema de gestión para la asignación y control del servicio técnico en la Empresa Digital Service Cia. Ltda.","https://www.dspace.uce.edu.ec/handle/25000/6903"
651,"55f5b201-2095-40f2-be23-b3ad4261f0a5","Automatización del seguimiento de proyectos y contratos realizados en el Instituto Superior de Investigaciones (ISI), en la Facultad de Ingeniería en Geología, Minas, Petróleos y Ambiental.","https://www.dspace.uce.edu.ec/handle/25000/1634"
652,"564f27ac-0a06-4573-bd7f-fc42239b37dd","Aplicativo web de ingresos y egresos de personal en el sector público.","https://www.dspace.uce.edu.ec/handle/25000/6061"
653,"589b35df-312b-4e48-9662-5e9dd7ce1187","Minería de patrones de Actividad a partir de logs generados por access point de una red wi-fi.","https://www.dspace.uce.edu.ec/handle/25000/27944"
654,"593d9c9a-164a-4158-b9a4-5f68c10415e0","Análisis e implementación de un sistema de monitorización para la infraestructura tecnológica del edificio matriz del Instituto Nacional de Contratación Pública utilizando software de libre distribución","https://www.dspace.uce.edu.ec/handle/25000/148"
655,"52f053ef-1352-4ba7-a18d-60203eb6ca5e","Desarrollo de un sistema web para el control de reproducción de cuyes para la Fundación a Favor de la Vida.","https://www.dspace.uce.edu.ec/handle/25000/7404"
656,"48c03d61-ce8b-4222-834e-7a1c59e5b014","Sistema ERP para el Departamento Financiero de la Facultad de Ingeniería y Ciencias Aplicadas, gestión de activos y órdenes de servicio","https://www.dspace.uce.edu.ec/handle/25000/32833"
657,"55072c5d-d515-4727-b68b-4b0482e48b4a","Desarrollo de un sistema informático que permita automatizar una metodología y de un modelo matemático para evaluar y calificar el riesgo del sector financiero público.","https://www.dspace.uce.edu.ec/handle/25000/5465"
658,"5317010f-0f8b-400a-9787-88501a1b806a","Implementación del sistema de gestión y administración de seguridad para la Dirección de Tecnologías de la Universidad Central del Ecuador (DTIC).","https://www.dspace.uce.edu.ec/handle/25000/365"
659,"5c417f6c-d0f2-4cdf-ae7f-21f1f3a0c139","Desarrollo e implementación de un sistema informático que permita controlar la planificación, ejecución y resultados de los proyectos de vinculación con la sociedad.","https://www.dspace.uce.edu.ec/handle/25000/26888"
660,"5ce7507e-8ef0-4bcd-bb1f-e1aab0d700c5","Análisis, diseño, desarrollo y pruebas del módulo de monitoreo de los Medios de Comunicación para la Gobernabilidad Democrática del Ecuador SIGOB V2.","https://www.dspace.uce.edu.ec/handle/25000/1279"
661,"5cec1329-3a2c-4115-bd07-5d2e7f7920f9","Diseño e implementación de un data warehouse del Sistema Financiero Ecuatoriano para la integración y consulta de la información.","https://www.dspace.uce.edu.ec/handle/25000/2829"
662,"4c41c5ab-f636-45ad-8d3b-ae2eb0ead3bc","Desarrollo e implementación del software museo didáctico interactivo (MDI) para optimización y mejoramiento del aprendizaje en el Museo Etnográfico del Instituto Nacional Mejía","https://www.dspace.uce.edu.ec/handle/25000/147"
663,"4c9c25c7-dec8-4a01-9de0-715ca327093e","Aplicación de la metodológica M3S de inteligencia de negocios en un sistema pecuario en el manejo reproductivo y productivo de haciendas lecheras","https://www.dspace.uce.edu.ec/handle/25000/20196"
664,"4b33d65e-5588-4c58-9ffa-a1bfc1d23eac","Análisis, diseño y desarrollo de un balanced scorecard, aplicado a la Facultad de Ingeniería, Ciencias Físicas y Matemática.","https://www.dspace.uce.edu.ec/handle/25000/5348"
665,"4b4966d4-31fe-469c-b606-16f7ab301916","Sistema web de calificaciones para la Unidad Educativa Consejo Provincial de Pichincha","https://www.dspace.uce.edu.ec/handle/25000/18233"
666,"4b752fdd-84e8-410a-b634-07517cd517e4","Prototipo de una plataforma de e-commerce para la inclusión de MiPymes y emprendimientos de productos artesanales y/o personalizados en el Distrito Metropolitano de Quito","https://www.dspace.uce.edu.ec/handle/25000/34385"
667,"3bc586dc-3bab-4462-b965-e46221f49031","Diseño de la plataforma de libros digitales de la UCE","https://www.dspace.uce.edu.ec/handle/25000/22699"
668,"3c621531-c753-41cf-9a25-bff13bf782b5","Análisis, diseño y desarrollo de una herramienta de administración de mantenimiento y reparación de equipos informáticos, Computerized Maintenance Management System, CMMS.","https://www.dspace.uce.edu.ec/handle/25000/4297"
669,"3c826584-b5ee-49ab-9c14-7e5de306c649","Propuesta para la creación de los procesos y flujos de trabajo para la gestión de cambios, entregas y despliegues y gestión de la configuración y activos del servicio con recursos tecnológicos en la Universidad Central del Ecuador.","https://www.dspace.uce.edu.ec/handle/25000/5454"
670,"4e4e6391-0851-4b14-aaf9-b7d7d75ba00c","Mejoramiento de la gestión de las Instituciones de la Educación Superior basada en las Tecnologías de Información y Comunicación.","https://www.dspace.uce.edu.ec/handle/25000/2942"
671,"4e5aadfe-45ae-42db-ae38-71a351c5557e","Implementación y reingeniería del sistema ERP social en la escuela fiscal mixta Manuel Quiroga de la Parroquia Tumbaco del Distrito Metropolitano de Quito.","https://www.dspace.uce.edu.ec/handle/25000/4177"
672,"2c375948-3473-43f1-854e-eb1d961ab63d","Desarrollo de una aplicación móvil para facilitar la difusión, participación, comunicación e integración de las noticias, eventos académicos y las comunidades estudiantiles en la Universidad Central Del Ecuador.","https://www.dspace.uce.edu.ec/handle/25000/34872"
673,"2c6643cf-57d0-4cf9-b20e-cecd9e12016f","Propuesta de un marco de referencia para el desarrollo de aplicaciones web usando nuevas tecnologías de código abierto y nuevos paradigmas de programación reactiva para el proyecto gubernamental Sistema Nacional de Información S.N.I","https://www.dspace.uce.edu.ec/handle/25000/15758"
674,"2ca484e7-0f00-4e43-aac5-b40cf4ac305e","Implementación del sistema ERP social en la Unidad Educativa Intercultural La Paz y el Despacho Parroquial de Cacha de la ciudad de Riobamba y reingeniería del sistema.","https://www.dspace.uce.edu.ec/handle/25000/4295"
675,"2d1108ad-53c3-4980-88e9-a029b24eef35","Automatización de los procesos del Departamento Administrativo Financiero de la Facultad de Ingeniería, Ciencias Físicas y Matemática de la Universidad Central del Ecuador para la mejora del flujo documental","https://www.dspace.uce.edu.ec/handle/25000/145"
676,"23516807-4943-4171-9315-b8ee354c6693","Gestión y automatización a los procesos inmobiliarios en la web para Empresas Constructoras del País.","https://www.dspace.uce.edu.ec/handle/25000/2004"
677,"2393f9f2-457b-45cb-866e-b02e844fe390","Análisis comparativo de herramientas para la automatización de pruebas de Software","https://www.dspace.uce.edu.ec/handle/25000/17868"
678,"2396d99b-7951-43b8-83c8-ec5b4685c05c","Desarrollo de un sistema de gestión de capacitación on-line que será desarrollado para la Unidad Educativa La Colina.","https://www.dspace.uce.edu.ec/handle/25000/5476"
679,"365d44dd-e683-4c4c-9bd3-ccb59d9c5049","Procedimientos de auditoría para dispositivos de defensa de redes Lan.","https://www.dspace.uce.edu.ec/handle/25000/2926"
680,"496cad0d-a9b3-4526-a9fe-87a2db63f7c1","Primefaces crud generador para Netbeans.","https://www.dspace.uce.edu.ec/handle/25000/4310"
681,"3eca2a7d-ff94-4032-8d83-9aa3b5b987fd","Implementación del sistema para cálculo de indicadores de ocupación hotelera online en la Asociación de Hoteles de Quito Metropolitano - HQM.","https://www.dspace.uce.edu.ec/handle/25000/4329"
682,"3f2a5611-0ad2-4741-ad4a-1423cc3965dc","Sistema de seguimiento y control de portafolio docente.","https://www.dspace.uce.edu.ec/handle/25000/4300"
683,"4d560928-1e51-41af-92f5-9ef61f3b0522","Sistema para la prevención de fraudes, gestión y monitoreo del negocio","https://www.dspace.uce.edu.ec/handle/25000/143"
684,"4d9fedda-d944-4db9-ad37-d6fc25005015","Procesos de migración de datos del sistema rehosting RH al sistema de sirec_Q SS2008 con respecto a los impuestos prediales en el Distrito del Municipio de Quito de los años 2007 al 2011.","https://www.dspace.uce.edu.ec/handle/25000/4187"
685,"0873ba89-4722-42da-a2a2-f4b3a1543971","Desarrollo, diseño e implementación de una intranet para el grupo de intervención y rescate de la Policía Nacional del Ecuador mayor Galo E. Miño Jarrín.","https://www.dspace.uce.edu.ec/handle/25000/4192"
686,"0889d5b6-478c-4884-b225-930d4c12b7ba","Sistema de gestión administrativo de activos, inventario y mantenimiento de  bienes tecnológicos dentro del Ministerio de Energía y Minas.","https://www.dspace.uce.edu.ec/handle/25000/36618"
687,"0997b724-e4f8-4f42-bdc1-adf5fd8d0b5c","Modelo de solución mediante el uso de Smart Contracts para el registro de matrículas de estudiantes en la UCE","https://www.dspace.uce.edu.ec/handle/25000/19046"
688,"036afcd6-fba1-4250-abeb-c17034325c4d","Diseño de una aplicación web para gestión de los actores del proceso de Reciclaje.","https://www.dspace.uce.edu.ec/handle/25000/29222"
813,"a0fe6d34-4827-47c0-974c-bdddca11bfb7","Sistema para el registro del  cementerio de la parroquia San Pedro de Amaguaña","https://www.dspace.uce.edu.ec/handle/25000/13135"
689,"03be1b8e-9820-47ac-a462-829807857f3c","Desarrollo del sistema de control presupuestario para el Departamento de Financiero de la Facultad de Ingeniería Ciencias Físicas y Matemática.","https://www.dspace.uce.edu.ec/handle/25000/9357"
690,"06037579-0314-4aee-9574-317eb1c53bfd","Desarrollo e implementación de una mesa de ayuda en las instalaciones del INAMHI en el Área de Gestión de Desarrollo Informático","https://www.dspace.uce.edu.ec/handle/25000/4626"
691,"066c8542-9363-406a-a484-e00bf6f164f1","Análisis del uso de recursos entre bases de datos columnares versus bases de datos relacionales","https://www.dspace.uce.edu.ec/handle/25000/16275"
692,"0674c59c-1a44-4d2c-8c79-d537ecd17a77","Sistema de control de venta de conbustibles líquidos derivados de hidrocarburos para la Provincia del Carchi con tecnología RFID.","https://www.dspace.uce.edu.ec/handle/25000/1430"
693,"06975300-741a-4fc5-9b4a-0b5d14fd6598","Desarrollo e implementación de un sistema informático para el agendamiento y gestión de tutorías en el proceso de titulación, para la Facultad de Ingeniería y Ciencias Aplicadas de la Universidad Central del Ecuador","https://www.dspace.uce.edu.ec/handle/25000/25141"
694,"013e81d7-afdf-4618-9273-143dcb074a0d","Análisis, diseño e implementación del sistema de administración y control para empresas de courier del país.","https://www.dspace.uce.edu.ec/handle/25000/5456"
695,"026d1d5e-c1ff-48c6-9012-b9085f47299b","Diseño de un prototipo del portafolio electrónico docente (E-Portafolio) aplicado a las Carreras de Ingeniería Civil e Ingeniería Informática de la Universidad Central del Ecuador.","https://www.dspace.uce.edu.ec/handle/25000/2168"
696,"04bb09d2-8b27-4a8f-82a5-ee4cf8bba6c8","Sistema de control de inventario de material clínico y académico.","https://www.dspace.uce.edu.ec/handle/25000/5452"
697,"050795cf-7fed-4783-ac37-cddc37ce4903","Reingeniería del sistema ERP social e implementación en la escuela de la Unidad Educativa Corazón de María Parroquia Tumbaco del Distrito Metropolitano de Quito.","https://www.dspace.uce.edu.ec/handle/25000/4309"
698,"07335785-655b-4ee2-8294-573910bfdb96","Sistema de automatización para el control administrativo del Departamento de Práctica Pre-Profesional del Colegio Menor Universidad Central del Ecuador.","https://www.dspace.uce.edu.ec/handle/25000/6897"
699,"0014a42d-3c5e-4aaa-9a1d-c800135b1ca4","Implementación de un cubo de información en el datawarehouse para la visualización de la información estadística de los usuarios internos de la Superintendencia de Bancos con Business Objects.","https://www.dspace.uce.edu.ec/handle/25000/9671"
700,"0052539d-e891-490f-b691-aabda9376cf1","Implementación de mapas temáticos para el sistema de información para la gestión del Patrimonio Cultural abaco integrado a la infraestructura de datos espaciales del INPC","https://www.dspace.uce.edu.ec/handle/25000/5172"
701,"0081e0fd-0957-4d8b-ae63-66784933ec10","Propuesta de un modelo de trazabilidad enfocado en la distribución de los medicamentos en un centro de salud aplicando tecnología blockchain.","https://www.dspace.uce.edu.ec/handle/25000/29324"
702,"0405333a-d28b-4673-bce6-47efcc83f871","Propuesta para un modelo de sistematización en la gestión de derechos de autor aplicando Smart Contracts sobre una plataforma basada en Blockchain, para publicaciones científicas de la UCE","https://www.dspace.uce.edu.ec/handle/25000/25067"
703,"06de3f0b-d343-43d5-8389-453bb9dad29c","Aplicación web para mantener el control y almacenamiento de datos de las historias clínicas de los pacientes del Hospital del Día de la Universidad Central del Ecuador","https://www.dspace.uce.edu.ec/handle/25000/13117"
704,"ba19b3dc-850f-4ff8-91c8-acefabddefee","Sistema de automatización de procesos de los Laboratorios OSP (Oferta de Servicios y Productos) para la Facultad de Ciencias Químicas de la Universidad Central del Ecuador.","https://www.dspace.uce.edu.ec/handle/25000/146"
705,"ba78c2db-0566-43b5-b097-2cd9ed0245bb","Diseño e implementación del portal web en el Instituto de Investigación y Posgrado de la Facultad de Ingeniería, Escuela de Ciencias de la Universidad Central del Ecuador.","https://www.dspace.uce.edu.ec/handle/25000/1799"
706,"b93c23f8-2d8d-4f97-a629-7c6696b4fe5b","Sistema integral para juntas administradoras de agua de riego (SIJAAR).","https://www.dspace.uce.edu.ec/handle/25000/1565"
707,"b9484c98-0720-42fa-a2d2-cf56b5e18cb1","Cumplimiento de las Normas ISO e ITIL en el manejo de las herramientas de correlación de eventos y seguridad de la información.","https://www.dspace.uce.edu.ec/handle/25000/6028"
708,"a74256ab-694b-4a92-ab90-7fd69a0ecf54","Portal de datos abiertos de la Universidad Central del Ecuador.","https://www.dspace.uce.edu.ec/handle/25000/9362"
709,"cd3d90e0-83d2-43cb-844e-5c189eabd83d","Desarrollo e Implementación de un Sistema de Control Académico y de Material de Suministros para La Ejecución de Prácticas en El Laboratorio del Centro de Física de La Universidad Central Del Ecuador","https://www.dspace.uce.edu.ec/handle/25000/15819"
710,"cd3fb763-e719-40d1-9ced-b4d1f920a7c5","Sistema web de gestión alimentaria para el Grupo de Intervención y Rescate de la Policía Nacional del Ecuador","https://www.dspace.uce.edu.ec/handle/25000/5185"
711,"d59341ab-cd69-4893-be8e-00491f253183","Análisis de factibilidad de implementación de cloud computing y virtualización en el Laboratorio de la Facultad de Ingeniería Informática de la Universidad Central del Ecuador.","https://www.dspace.uce.edu.ec/handle/25000/5473"
712,"d760d809-7aa8-41dc-9da0-962fde5307e1","Sistema de seguimiento de proyectos, basado en actividades tipo Ilalo V.1.","https://www.dspace.uce.edu.ec/handle/25000/4321"
713,"c3959e43-2b7f-4a4c-847d-e4a80a7026fb","Diseño y simulación de una red definida por software (SDN).","https://www.dspace.uce.edu.ec/handle/25000/6505"
714,"c3a27b19-4c50-4b43-b075-d4f3e2d0bc9c","Comparativa de rendimiento en la extracción y almacenado de grandes cantidades de información mediante Elastic Search 5.4 en bases de datos SQL y NoSQL","https://www.dspace.uce.edu.ec/handle/25000/20573"
715,"c3a87996-f20a-48bc-82c8-317656d26fdc","Centro de gestión de riesgos para monitoreo de redes, en la Facultad de Ingeniería, Ciencias Físicas y Matemática.","https://www.dspace.uce.edu.ec/handle/25000/454"
716,"c3bdf088-b365-4007-be8d-8bc571ba19c5","Sistema de mediación de nivel de agua en piscinas de control en un criadero de peces.","https://www.dspace.uce.edu.ec/handle/25000/7750"
717,"c41319aa-0a75-450f-8607-cbc7de1adeec","Desarrollo de un juego como herramienta tecnológica orientada al tratamiento y diagnostico psicopedagógico en niños de 6 a 8 años de edad con trastorno por déficit de atención e hiperactividad.","https://www.dspace.uce.edu.ec/handle/25000/27242"
718,"c41b2cb6-cf77-48fe-bf2c-c728bdbaf713","Sistema de inventario para el manejo de implementos deportivos de la Facultad de Cultura Física de la Universidad Central del Ecuador.","https://www.dspace.uce.edu.ec/handle/25000/2853"
719,"c42afdeb-c490-44f4-8feb-eae62b9967a4","Sistema informático para los procesos generados en la Unidad de Titulación Administrativa de la Facultad de Ciencias Económicas de la Universidad Central del Ecuador.","https://www.dspace.uce.edu.ec/handle/25000/11855"
720,"c4454218-5d14-43b7-8690-730b63a3d19a","Perfeccionamiento y automatización de los procesos de trámites estudiantiles y docentes en la Escuela de Ciencias","https://www.dspace.uce.edu.ec/handle/25000/248"
721,"d4047176-38d5-4870-acb4-b8bd33f82d06","Implementación del módulo vinculación con la sociedad para la Facultad de Cultura Física de la Universidad Central del Ecuador.","https://www.dspace.uce.edu.ec/handle/25000/4182"
722,"d425164e-176d-4c56-a9ae-a26389312ea3","Sistema para el manejo turístico de la mancomunidad del pueblo Cañari.","https://www.dspace.uce.edu.ec/handle/25000/8010"
723,"d440e2ca-ab67-4e5e-b102-5fed580bbb88","Propuesta de un modelo para un sistema de voto electrónico basado en smart contracts y tecnología blockchain para la Universidad Central del Ecuador","https://www.dspace.uce.edu.ec/handle/25000/25087"
724,"d48e20e4-51c7-4aca-8589-272d1e18be4f","Elaboración de los términos de referencia para la nueva infraestructura de red del Gobierno Autónomo Descentralizado de San Miguel de Bolívar.","https://www.dspace.uce.edu.ec/handle/25000/4320"
725,"d4a0e794-9d6d-454a-95c3-a6b9167fdc78","Sistema de orientación vocacional para bachillerato","https://www.dspace.uce.edu.ec/handle/25000/4627"
726,"d508885b-e456-4864-9201-516426fd95e4","Sistema de gestión de información de libros patrimoniales en el área histórica del Centro de Información Integral de la Universidad Central del Ecuador.","https://www.dspace.uce.edu.ec/handle/25000/6050"
727,"d50e87e5-f2da-419d-9174-d4ffb3f21dcc","Estudio y diseño de una propuesta de equipamiento de un cableado estructurado para la Facultad de Ciencias Administrativas de la Universidad Central del Ecuador","https://www.dspace.uce.edu.ec/handle/25000/24231"
728,"d7cb5ab4-a7f7-4a18-8d04-8dc5565cf7a6","Análisis y diseño de cloud computing propietario para aplicaciones de e-learning bajo estándares ISO 27001 y 27002.","https://www.dspace.uce.edu.ec/handle/25000/4343"
729,"d8269d08-3b9b-4b12-be8e-5b80b303b088","Uso de la inteligencia artificial en la predicción electoral 2021","https://www.dspace.uce.edu.ec/handle/25000/31816"
730,"d6161ac2-43ac-42ea-9cf8-ba135cb96c5e","Análisis descriptivo de la tecnología Ruby on Rails para el desarrollo de páginas web.","https://www.dspace.uce.edu.ec/handle/25000/6358"
731,"d3498fdc-4665-46af-986a-f3544ce56a5e","Diseño e implementación de un data mart olap para el análisis gerencial académico que será desarrollado para la Unidad Educativa La Colina.","https://www.dspace.uce.edu.ec/handle/25000/5410"
732,"d372c184-6d5f-41cf-ae4d-41d2f01657d9","Sistema de gestión de control de calidad en la Escuela Particular La Colina.","https://www.dspace.uce.edu.ec/handle/25000/5449"
733,"dcfddbcb-f363-4afe-9434-6cdb38f9ba29","Desarrollo e implementación de una arquitectura prototipo que permita almacenar y procesar imágenes médicas DICOM sobre un entorno Grid","https://www.dspace.uce.edu.ec/handle/25000/18520"
734,"ddc15ddf-0903-4feb-97cf-2f9f1e1227fa","Estudio, desarrollo e implementación de un gestor de arranque para computadoras pc compatibles x86 que inician en modo real.","https://www.dspace.uce.edu.ec/handle/25000/4230"
735,"de0d01db-6bfb-4e9a-9dfa-b23949e9361c","Sistema de gestión de seguimiento académico y sílabo","https://www.dspace.uce.edu.ec/handle/25000/20753"
736,"de3018d5-757e-4c9e-b6d3-aef26030249e","Sistema de inscripción y matriculación, implementada para cuatro Escuelas de la Parroquia San Pedro de Amaguaña, Centros de Educación Básica.","https://www.dspace.uce.edu.ec/handle/25000/540"
737,"97c4882e-527a-4e58-bec3-fd0c171bb6a2","Sistema cero papeles para la gestión documental del Grupo de Intervención y Rescate GIR.","https://www.dspace.uce.edu.ec/handle/25000/4301"
738,"9a55ad0b-a6a4-4b79-b750-d4b9afd0800b","Automatizar la gestión de matrícula y notas en entorno web de la Escuela de Capacitación para Conductores Profesionales del Sindicato de Chóferes del cantón Mejía parroquia Machachi","https://www.dspace.uce.edu.ec/handle/25000/16274"
739,"9aabcfaa-0ee4-41cd-b20e-922634debc33","Registro y control de actividades y trámites comuneros para la comuna de Sta. Clara de San Millán","https://www.dspace.uce.edu.ec/handle/25000/17008"
740,"9b7e371a-8cf8-4f0a-a1ca-5452caec4ff3","Envío y recepción de audio en tiempo real para transmisiones radiales.","https://www.dspace.uce.edu.ec/handle/25000/7402"
741,"9b86f2ca-044a-4cf1-bd5f-bb5867b11576","Implementación de un sistema de gestión documental con plan piloto en cuatro Escuelas de la Parroquia de San Pedro de Amaguaña.","https://www.dspace.uce.edu.ec/handle/25000/537"
742,"8d8160a7-3275-4e28-959f-bf500c80be46","Sistema para la Gestión de Configuraciones y Cambios (ITIL v3) para el Departamento de Administración y Desarrollo de Tecnologías de Información y Comunicación de la Universidad Central del Ecuador.","https://www.dspace.uce.edu.ec/handle/25000/247"
743,"8ddcf9f5-fc21-45fa-a27d-d13c2dff6b44","Desarrollo de una plataforma informática para identificar patrones de movilidad en la Universidad Central del Ecuador mediante los datos en tiempo real generados por los access point ubicados en la Ciudadela Universitaria","https://www.dspace.uce.edu.ec/handle/25000/21830"
744,"8e063027-9cdb-447b-8cd3-36dff0ac1735","Análisis y diseño del proceso de incidentes y problemas en la empresa Atijaguar utilizando como marco de referencia ITIL y COBIT.","https://www.dspace.uce.edu.ec/handle/25000/4307"
745,"8f2ceee2-7abc-4bf1-82c9-86131e3e7f98","Sistema de seguimiento estudiantil en los niveles de educación general básica y bachillerato.","https://www.dspace.uce.edu.ec/handle/25000/4197"
746,"9294b950-73cd-4991-ac4b-47e899391694","Aplicación móvil para registro y categorización de test pedagógico en deportistas juveniles y senior de la Asociación de Judo de Pichincha","https://www.dspace.uce.edu.ec/handle/25000/20572"
747,"92f2e930-ba9f-417a-900c-45a4f7639b0c","Implementación de arquitectura BI utilizando herramientas Open Source, para contraste de datos resultantes de la evaluación de aprendizaje curricular en la Carrera de Educación Parvularia.","https://www.dspace.uce.edu.ec/handle/25000/7748"
748,"8bd30736-796d-45b5-8c09-c63d553bea54","Sistema de seguimiento estudiantil.","https://www.dspace.uce.edu.ec/handle/25000/5475"
749,"8c10b279-94f8-431e-88ad-13fa134f7e65","Análisis de redes de comunicación GEPHI.","https://www.dspace.uce.edu.ec/handle/25000/29599"
750,"889c5f81-45f1-4ac0-9ac1-fb4247042e44","Estudio e implementación de un servidor Linux con un sistema de monitorización de video open source para la red de seguridad en la Universidad Central del Ecuador Campus Central.","https://www.dspace.uce.edu.ec/handle/25000/2938"
751,"89062e62-9af2-4751-a5cd-db0687cacc1e","Diseño e implementación de los módulos de: seguridades, sufragio de votantes y procesos electorales del sistema de voto electrónico (E-Voto) para la Universidad Central del Ecuador.","https://www.dspace.uce.edu.ec/handle/25000/2825"
752,"8914b676-ae45-47e6-bc41-80e5d402a06d","Sistema integral de gestión de educación basada en las TICS para el seguimiento y control de los resultados del aprendizaje.","https://www.dspace.uce.edu.ec/handle/25000/5455"
753,"8943efb3-9513-404b-8ddc-c19c69675087","Análisis Comparativo de Modelos de Machine Learning para la Predicción del Cálculo del Avalúo de Vehículos","https://www.dspace.uce.edu.ec/handle/25000/39173"
754,"899f89e5-be4d-4214-9013-c5260f0c4659","Rediseño de la red de datos, aplicando normas y estándares internacionales de cableado estructurado, y equipamiento de red, para el Gobierno Autónomo Descentralizado Municipal de Archidona, Provincia de Napo.","https://www.dspace.uce.edu.ec/handle/25000/1717"
755,"8a05f52f-7e6c-47e7-b611-e3afbefa06d5","Análisis de las técnicas de esteganografía para el ocultamiento de la información.","https://www.dspace.uce.edu.ec/handle/25000/6356"
756,"8a8adcd4-ffd9-4f4c-9ba6-9abf2eb36287","Metodología de gestión del conocimiento para la Facultad de Ingeniería.","https://www.dspace.uce.edu.ec/handle/25000/515"
757,"8ae9c984-01ce-4d5f-848c-a9fdb2dc1cec","Implementación del sistema ERP social en la Escuela Fiscal Mixta Avelina Lasso de Plaza y del despacho parroquial de La Magdalena del Distrito Metropolitano de Quito y reingeniería del sistema.","https://www.dspace.uce.edu.ec/handle/25000/4299"
758,"83c07cea-48b9-41c8-95b6-50302da78afc","Implementación del Sistema de Gestión Documental Alfresco para la Facultad de Ingeniería en Geología, Minas, Petróleos y Ambiental de la Universidad Central del Ecuador.","https://www.dspace.uce.edu.ec/handle/25000/352"
759,"93780000-3e88-4e2a-83f4-f5488123a841","Sistema de información con niveles transaccional, táctico y de gestión para clínicas odontológicas en el Ecuador.","https://www.dspace.uce.edu.ec/handle/25000/26449"
760,"94b13877-7649-4cf4-b55b-66fbca2140ea","Sistematización de los procesos de becas en el departamento de Bienestar Universitario de la Universidad Central del Ecuador.","https://www.dspace.uce.edu.ec/handle/25000/30783"
761,"91df04e6-52a0-4e23-a9da-63d2cb8345e0","Sistema de gestión bibliográfica y préstamos de libros para la Unidad Educativa La Colina.","https://www.dspace.uce.edu.ec/handle/25000/6631"
762,"b7e6337c-dae1-4927-8563-3594529a81de","Control Biométrico para el registro de asistencia de docentes en la Universidad Central del Ecuador","https://www.dspace.uce.edu.ec/handle/25000/20928"
763,"b832c704-7be0-4791-9581-52c9b939f954","Desarrollo de una aplicación web para el control y administración de bienes de los laboratorios de cómputo de la carrera de Ingeniería Civil, Facultad de Ingeniería, Ciencias Físicas y Matemática","https://www.dspace.uce.edu.ec/handle/25000/20929"
764,"b8ac2f79-84b4-49d1-82a2-64cbe53758d2","Desarrollo de un sistema de control veterinario de registro de bovinos enfocados en la diferencia esperada entre progenies (DEPS) para la Fundación a Favor de la Vida.","https://www.dspace.uce.edu.ec/handle/25000/7405"
765,"bd7909af-7d3f-4fad-9065-9862df627b70","Análisis, desarrollo e implementación del seguimiento al desarrollo de tesis.","https://www.dspace.uce.edu.ec/handle/25000/4316"
766,"be28047c-e3e8-4d77-92ef-8c0c3bd25079","Desarrollo de un sistema de gestión y control de mantenimiento de equipos y partes para la Empresa Eléctrica Quito","https://www.dspace.uce.edu.ec/handle/25000/5189"
767,"af490aaf-f282-4057-9289-28b1b8a370a5","Estudio para implementar un Smart Mobility en la Universidad Central del Ecuador.","https://www.dspace.uce.edu.ec/handle/25000/30785"
768,"addd1932-4296-4639-82f1-80d35f749778","Desarrollo e implementación en la nube del sistema de control de flujo financiero y declaración de impuestos para personas naturales.","https://www.dspace.uce.edu.ec/handle/25000/318"
769,"aac64a55-1d4f-411c-b6fe-9fedb2dc87b3","Sistema de gestión de ayuda para clientes de TI.","https://www.dspace.uce.edu.ec/handle/25000/9358"
770,"a91edbb3-01a6-4550-b36e-932b3e8eee13","Georeferenciación e implementación de una base de datos de los puntos turísticos para la mancomunidad del Pueblo Cañari.","https://www.dspace.uce.edu.ec/handle/25000/11893"
771,"ab3c5f46-9817-44ce-a700-1710a70efe80","Diseño y desarrollo de una herramienta web geográfica prototipo para apoyar la optimización de tiempos de respuesta a los servicios de salud ambulatorios dentro de las áreas pobladas urbanas del Distrito Metropolitano de Quito - DMQ.","https://www.dspace.uce.edu.ec/handle/25000/4318"
772,"ab83df4f-3e59-402e-b613-37c06170f1c7","Diseño e implementación de un modelo de arquitectura de seguridad de la información para el área de infraestructura tecnológica del Cuerpo de Bomberos del Dsitrito Metropolitano de Quito.","https://www.dspace.uce.edu.ec/handle/25000/6630"
773,"abb72b3a-248a-437f-aa87-0a8996ba4d4c","Gestión de resultados del aprendizaje a través del uso de las tecnologías de la información y comunicación para el mejoramiento de la educación superior.","https://www.dspace.uce.edu.ec/handle/25000/4209"
774,"ac2f7e5c-da34-48c7-afed-36223af26b32","Sistema de control académico con plan piloto en las Escuelas de la Parroquia de San Pedro de Amaguaña.","https://www.dspace.uce.edu.ec/handle/25000/535"
775,"ad107996-0a5c-4703-a96c-4573d306fc4f","Aplicación de una plataforma E-Learning en el programa del adulto mayor en la Universidad Central del Ecuador","https://www.dspace.uce.edu.ec/handle/25000/37634"
776,"b5c07235-6546-4bd8-a111-c91d798e405f","Creación de canales informativos para la gestión de Fundaciones Rurales del Distrito Metropolitano de Quito, caso Amaguaña","https://www.dspace.uce.edu.ec/handle/25000/19628"
777,"b5c4d6ea-c708-43e3-96d3-ee5ce20fdebd","Creación de una cuenta oficial en twitter de la Facultad de Ingeniería para el análisis de percepción de sus usuarios y facilitar la toma de decisiones.","https://www.dspace.uce.edu.ec/handle/25000/4322"
778,"b64c076b-2734-4fd7-a1dc-87085216e2a4","Sistema de seguimiento de graduados y egresados de Facultad de Ingeniería, Ciencias Físicas y Matemática.","https://www.dspace.uce.edu.ec/handle/25000/763"
779,"b687e465-7ec9-4868-98bf-1c036bacc526","Sistematización del proceso de concesión de becas de estudio para estudiantes de pregrado de la Universidad Central del Ecuador.","https://www.dspace.uce.edu.ec/handle/25000/2854"
780,"bf051363-a863-450e-be99-6cf415293c5b","Diseño de la base de datos del sistema de información y gestión para la gobernabilidad (SIGOBV2) y análisis, diseño desarrollo y pruebas del módulo de administración, parametrización seguridades y auditoría del SIGOBV2.","https://www.dspace.uce.edu.ec/handle/25000/819"
814,"a11a9b57-931d-4c6e-9f0e-a9b503955a61","Análisis y diseño del portal web intranet para la Empresa Eléctrica Quito basado en herramientas Open Source.","https://www.dspace.uce.edu.ec/handle/25000/2630"
781,"bba3e3c9-1d56-4aec-8ef9-833832237531","Estudio de los comportamientos y expectativas del uso de las redes sociales en las principales universidades del país y planteamiento de una posible solución para un mejor impacto en la actividad académica","https://www.dspace.uce.edu.ec/handle/25000/15931"
782,"bbee3480-a98a-413a-bdb0-6efdd9793669","Propuesta de implementación de un sistema service desk basado en infraestructura system center para la gestión de incidentes, eventos, peticiones y problemas en la Universidad Central del Ecuador.","https://www.dspace.uce.edu.ec/handle/25000/5487"
783,"bc3a58ea-3e81-43f3-a5a8-eee7a8a757f4","Sistema de información agrícola para registro y control del manejo de potreros con el fin de incrementar la producción lechera del País.","https://www.dspace.uce.edu.ec/handle/25000/2846"
784,"9918b2ea-3228-4bb5-a6da-e9252ed3907e","Sistema de control y adquisiciones de la Universidad Central del Ecuador.","https://www.dspace.uce.edu.ec/handle/25000/2847"
785,"9930514f-cfab-4814-b589-2e9ae97bd840","Análisis Comparativo de Metodologías de Desarrollo para Proyectos Unipersonales en base a el Desarrollo de una Aplicación Móvil.","https://www.dspace.uce.edu.ec/handle/25000/35634"
786,"99325e96-4bfe-449b-b3f7-b1b65daf1b14","Sistema de gestión de consumo de energía eléctrica residencial en el Ecuador.","https://www.dspace.uce.edu.ec/handle/25000/2927"
787,"9949b0e5-0846-49d1-a245-09902a339a25","Diseño, desarrollo e implementación de un sistema para la gestión de clientes y reservas al Centro Cultural del Instituto Geográfico Militar.","https://www.dspace.uce.edu.ec/handle/25000/363"
788,"b3161682-bfff-41a1-b3cb-03dd03110730","Análisis de requerimientos, diseño e implementación de un sistema de gestión gerontólogico para el Hogar de Ancianos San Vicente de Paúl.","https://www.dspace.uce.edu.ec/handle/25000/480"
789,"b32b0ba6-54e5-4114-98b3-cf0f4e410a29","La incorporación de las TICS como estrategia en la transformación digital en las organizaciones de servicios","https://www.dspace.uce.edu.ec/handle/25000/31742"
790,"b1f65db5-5d81-4ed6-9889-d490f2df94ac","Análisis, desarrollo e implementación de un sistema para el control de procesos a administrativos para la mejora de la productividad de Tecnogalaxy Cia. Ltda.","https://www.dspace.uce.edu.ec/handle/25000/4315"
791,"b22ed1d0-8c36-4dd0-8d12-bb8f65d2cd5b","Análisis de riesgos de la seguridad de la red de área local (LAN) de la Matriz de la Contraloría General del Estado.","https://www.dspace.uce.edu.ec/handle/25000/2464"
792,"b086cce2-aaa9-4cee-a38d-602332238720","Implementación de indicadores de productividad para el análisis de producción y reproducción de ganado lechero en la zona de Machachi. caso Hacienda Santa Isabel.","https://www.dspace.uce.edu.ec/handle/25000/9363"
793,"b0d2b71d-8c8c-4c42-a897-50e66d5af9ba","Aplicación móvil para registro de asistencias de la Universidad Central del Ecuador","https://www.dspace.uce.edu.ec/handle/25000/13894"
794,"b4e3a559-8cb5-4a1f-8b0e-6411f836e3b0","Desarrollo e implementación de un sistema para la gestión de una Bolsa de Empleos para Graduados de la Universidad Central del Ecuador","https://www.dspace.uce.edu.ec/handle/25000/22510"
795,"8f728b6e-e5a4-4417-8f34-94162cd92caf","Pronóstico de ventas de la Farmacéutica Sanofi usando series temporales","https://www.dspace.uce.edu.ec/handle/25000/13350"
796,"8f7df219-866c-4f3f-a4f6-47a4dd725649","Implementación de un modelo de Business Intelligence para el seguimiento de los estudiantes graduados, aplicado a la Facultad de Ingeniería, Ciencias Físicas y Matemática.","https://www.dspace.uce.edu.ec/handle/25000/8017"
797,"93eba192-c4a4-4d30-bff1-c3afde76dbb1","Implementación y reingeniería del sistema ERP social en la escuela fiscal 9 de Octubre de la parroquia San Isidro cantón Espejo de la provincia del Carchi.","https://www.dspace.uce.edu.ec/handle/25000/4202"
798,"94583d47-e214-41d1-a127-a0ee6bccd25d","Análisis y diseño de una solución de red ISP WIMAX basada en IEEE802.16M-2011 para las sedes UDLAPARK y Granados de la Universidad de las Américas en la ciudad de Quito.","https://www.dspace.uce.edu.ec/handle/25000/6868"
799,"aee7450e-c897-46c1-9702-88139689d683","Implementación de una solución Business Intelligence para el análisis de la gestión del Ministerio de Desarrollo Urbano y Vivienda.","https://www.dspace.uce.edu.ec/handle/25000/1236"
800,"9c57cf59-0153-4b3c-98bc-81a81274857e","Implementación del sistema informático para el control de historias clínicas en la Empresa Pedisa-Orto.","https://www.dspace.uce.edu.ec/handle/25000/10742"
801,"9c9de5a2-3db0-4117-9ce7-cdcb848fc8a7","Propuesta de una arquitectura distribuida altamente escalable para minería de datos en tiempo real en redes sociales","https://www.dspace.uce.edu.ec/handle/25000/15933"
802,"9d2d5262-e514-4082-b7a2-f83f173b606d","Diseño e implementación de un sistema de monitoreo y control en el prototipo Domsystem para mantener la sala de equipos informáticos en un ambiente óptimo de funcionamiento sin interrupciones usando zigbee.","https://www.dspace.uce.edu.ec/handle/25000/4327"
803,"a4afcc13-231e-4dd1-b27b-195744a8c997","Automatización de procesos de la junta de administración de agua potable de la comunidad jurídica Chaupiloma.","https://www.dspace.uce.edu.ec/handle/25000/4191"
804,"a52bd4b6-4f06-4b9c-bd80-077ae84b3913","Sistema para registro, control y monitoreo de los programas y proyectos de la Dirección de vinculación con la sociedad","https://www.dspace.uce.edu.ec/handle/25000/19146"
805,"a54b1ede-0bac-40a5-a6c4-f2abd223b214","Sistema informático para la identificación, almacenamiento y procesamiento de imágenes médicas.","https://www.dspace.uce.edu.ec/handle/25000/9666"
806,"9d73e165-84a8-45b2-a5b2-9c3e6982368e","Control de existencias de bodega para la Universidad Central del Ecuador","https://www.dspace.uce.edu.ec/handle/25000/19269"
807,"9d9920d0-1582-43df-a572-a3dc1f82ec16","Análisis y diseño del portal web intranet para la Casa de la Cultura del Ecuador C.C.E. Benjamín Carrión sede Quito, basado en herramientas Open Source.","https://www.dspace.uce.edu.ec/handle/25000/4314"
808,"9de10e5a-87dc-4dfc-a137-60bd3b0f5ab5","Sistema de gestión y manejo de equipos informáticos, mantenimientos y garantías para la empresa Dilipa Cía. Ltda","https://www.dspace.uce.edu.ec/handle/25000/15760"
809,"909e6931-4906-49e7-b725-9771f4c1441e","Sistema de procedimiento de graduación de los egresados de la Facultad de Comunicación Social de la Universidad Central del Ecuador","https://www.dspace.uce.edu.ec/handle/25000/5293"
810,"90ca098b-b97e-4be8-a2c2-dc597f509a1b","Sistema de gestión de procesos financieros para la Institución Educativa La Colina.","https://www.dspace.uce.edu.ec/handle/25000/6632"
811,"91112a1d-b7d2-4b29-bbfc-e6a427e51564","Sistema de recaudación a través de ventanillas propias e inhouse para Corporación Nacional de Telecomunicaciones, y la integración directa a los sistemas legado.","https://www.dspace.uce.edu.ec/handle/25000/6616"
812,"a9d63a98-5608-4393-b028-c044fa27627e","Métodos de consenso sobre plataformas blockchain: Un enfoque comparativo","https://www.dspace.uce.edu.ec/handle/25000/21832"
815,"a1ac76b0-64ec-45b6-a993-2b864e2d9243","Estudio comparativo de metodologías de desarrollo ágil en base al desarrollo de una aplicación móvil, modalidad proyecto de investigación, para la obtención del Título de Ingeniero Informático.","https://www.dspace.uce.edu.ec/handle/25000/9445"
816,"a2a8d1a9-58e0-4460-a303-92bf845c43d7","Propuesta para la elaboración de un modelo de automatización robótica de procesos de software. Caso de uso: Industrial Textil","https://www.dspace.uce.edu.ec/handle/25000/31743"
817,"a2ebc042-d019-49fd-b005-f871c2c95d2a","Desarrollo e implementación de un sistema de información para el programa Bolsa de Empleos para Estudiantes, Egresados y Graduados de la Universidad Central del Ecuador.","https://www.dspace.uce.edu.ec/handle/25000/1936"
818,"9f5d0f10-9454-449d-9dc4-3766a822bcbb","Análisis, diseño e implementación del Registro Parroquial de la Arquidiócesis de Quito Parroquia San Pedro de Amaguaña y Parroquias aledañas.","https://www.dspace.uce.edu.ec/handle/25000/534"
819,"95ec4302-556c-4854-b3b9-b60f759aaa6e","Proyección de proformas presupuestarias mediante la aplicación de análisis de datos y herramientas de inteligencia de negocios para el puerto Bolívar del Ecuador.","https://www.dspace.uce.edu.ec/handle/25000/4175"
820,"9d449e0a-dabc-4cab-9efd-947da280f130","Desarrollo de un modelo para la gestión de certificados digitales de vacunación basado en tecnología blockchain y smart contracts.","https://www.dspace.uce.edu.ec/handle/25000/35639"
821,"a366f88a-c43f-4362-b463-c9d56dd74ecf","Las startups tecnológicas en el Ecuador.","https://www.dspace.uce.edu.ec/handle/25000/34463"
822,"a423f97f-73ac-4671-95a1-bec684ef9e7e","Diseño e implementación de un sistema para la gestión del Departamento de Restauración y Conservación del área museo de la Casa de la Cultura Ecuatoriana (CCE).","https://www.dspace.uce.edu.ec/handle/25000/6978"
823,"a5d0db55-9196-4341-b638-9e993c66a679","Sistema informático para el proceso de titulación de la Universidad Central del Ecuador a nivel de grado.","https://www.dspace.uce.edu.ec/handle/25000/6892"
824,"a61304b6-b933-4535-99f6-4ae52478f74a","Análisis, diseño e implementación del sistema de seguimiento, evaluación y control de las tutorías de tesis para las Direcciones de Carrera de la Facultad de Ingeniería, Ciencias Físicas y Matemática.","https://www.dspace.uce.edu.ec/handle/25000/2175"
825,"a63dd4cd-066f-41f3-91e9-9fe9bd7fb4d8","Automatización del proceso de registro de notas y disciplina en el Colegio de Bachillerato Tabacundo.","https://www.dspace.uce.edu.ec/handle/25000/4308"
826,"95ac2994-aa84-42fd-a9bb-ef6bec613930","Análisis, diseño de un sistema web para la gestión del departamento médico, control de medicamentos y seguridades para el sistema integral de la Casa de la Cultura CCE.","https://www.dspace.uce.edu.ec/handle/25000/4323"
827,"95c24de3-3bc5-467d-85af-a01f708bd5c3","Implementación del sistema de historias clínicas odontológicas (FUNAVI).","https://www.dspace.uce.edu.ec/handle/25000/7369"
828,"95c4d5e2-6421-4b52-90db-7f93a6036d67","Aplicativo de análisis multidimensional para el Sistema Nacional de Información Ecuatoriano.","https://www.dspace.uce.edu.ec/handle/25000/2822"
829,"ee694ace-19a7-4e09-9616-18f623a0ceda","Diseño, análisis e implementación de un sistema de administración de contenido para la automatización de información de la parroquia San Pedro de Amaguaña.","https://www.dspace.uce.edu.ec/handle/25000/11895"
830,"ef82eee1-5561-4050-ad57-c606e2175ad9","Propuesta de un modelo de Subastas Inversas para un sistema de compras públicas basada en la tecnología blockchain","https://www.dspace.uce.edu.ec/handle/25000/31741"
831,"efcb122b-c9b3-46eb-ab79-ded40380f8c9","Sistema de registro y seguimiento de las operaciones del Grupo de Intervención y Rescate Myor. Galo E. Miño Jarrín.","https://www.dspace.uce.edu.ec/handle/25000/2821"
832,"ed6023ab-68b7-48a7-8533-4ee83fbec5d3","Análisis y monitoreo del comportamiento del protocolo MQTT frente a ataques DoS.","https://www.dspace.uce.edu.ec/handle/25000/30791"
833,"f202dc45-5afd-4f28-b315-35a4a9f2fd8e","Creación, análisis, desarrollo e implementación del sistema web de requisitos básicos para el usuario del Hospital del Día de la Universidad Central del Ecuador","https://www.dspace.uce.edu.ec/handle/25000/5294"
834,"f04003db-7d71-4057-a07a-ae2beddc3019","Sistema de facturación y control de inventario para administrar negocios de servicios y minoristas.","https://www.dspace.uce.edu.ec/handle/25000/6881"
835,"f0bb8320-a848-477b-bf11-e79fe2cecb59","Sistema de gestión académica vía web para Institutos de Investigación y Posgrado implementado en la Facultad de Ingeniería.","https://www.dspace.uce.edu.ec/handle/25000/4298"
836,"d8f8bd14-feba-402c-be67-a176d49ab1ae","Análisis comparativo de los modelos y estándares de calidad de software y aplicación de las mejores prácticas para el levantamiento del proceso de gestión de calidad de productos de software.","https://www.dspace.uce.edu.ec/handle/25000/4184"
837,"d95e5610-b0d6-4c95-b0f3-8b75adbaee34","Sistema para la gestión de viviendas y generación de indicadores sociales, para el programa paso a paso, enfocado a dar vivienda digna a familias con ingresos por debajo del nivel de la línea de pobreza","https://www.dspace.uce.edu.ec/handle/25000/4510"
838,"d98241f5-17e9-4828-8f68-302820c0062f","Diseño, desarrollo e implementación de una aplicación web para la administración, prevención y soporte del sistema nacional de gestión de prevención de riesgos laborales SGP.","https://www.dspace.uce.edu.ec/handle/25000/4203"
839,"d9bf45bb-d3ae-41d2-a036-7103ef3cf7fa","Desarrollo de una aplicación web para monitorear los consumibles de un vehículo mediante una apk.","https://www.dspace.uce.edu.ec/handle/25000/28296"
840,"b72ed562-3f7f-4e1c-8763-be2d942e771b","Prototipo para seguimiento de parámetros de agua en pecera","https://www.dspace.uce.edu.ec/handle/25000/17161"
841,"b75204ac-af7a-4c5f-823d-57684f46e8d0","Análisis, diseño e implementación de una plataforma BPM para el seguimiento de proyectos de tesis de la Facultad de Ingeniería, Ciencias Físicas y Matemática de la Universidad Central del Ecuador.","https://www.dspace.uce.edu.ec/handle/25000/1954"
842,"dc01eef9-7543-4c02-8af0-911c2ad1da36","Sistema para la asignación de cubículos y control de sus bienes","https://www.dspace.uce.edu.ec/handle/25000/13896"
843,"e526e7ca-cb64-4e00-b80d-fb159509134e","Sistema para la inserción laboral y seguimiento de Egresados en la Facultad de Odontología e Instituto de Investigación y Posgrado de la Universidad Central del Ecuador.","https://www.dspace.uce.edu.ec/handle/25000/2935"
844,"e0c1cb13-9eb1-4114-b01a-c578e33881b9","Arquitectura de aplicaciones móviles para Asistencia a Emergencias Sociales","https://www.dspace.uce.edu.ec/handle/25000/25112"
845,"e0e47591-a238-41d1-8343-21d1ad68392f","Control de bienes e inventario Colegio Menor Universitario.","https://www.dspace.uce.edu.ec/handle/25000/477"
877,"ca4ee7c4-9ea6-4c09-afea-d0ad6c1bf334","Desarrollo e implementación de la biblioteca virtual INEPE","https://www.dspace.uce.edu.ec/handle/25000/18186"
846,"e0ecb8de-9e07-4f27-b5f2-cfda5f21bbaf","Diseño e implementación de un portal web de acuerdo con el reglamento de la ley de transperencia y acceso a la información pública, aplicada a la unidad educativa fiscal Quito sur.","https://www.dspace.uce.edu.ec/handle/25000/4224"
847,"e0fba86a-6b41-4e2e-9c99-4eb95f432ec7","Implementación de un sistema de digitalización y gestión documental DMS para la Empresa Textil Vicunha S. A. - Ecuador.","https://www.dspace.uce.edu.ec/handle/25000/4325"
848,"b434b524-97a2-45d8-9c40-dc0474c8a5ac","Estudio predictivo sobre cifras de contagio producidas a causa del COVID-19 en Ecuador.","https://www.dspace.uce.edu.ec/handle/25000/29596"
849,"b4401b09-cb32-4673-9ce1-77922eddc832","Análisis e implementación de una solución business intelligence en el Departamento de Cobranzas del Club Castillo de Amaguaña que apoye en la toma de decisiones financieras gerenciales.","https://www.dspace.uce.edu.ec/handle/25000/9360"
850,"e1677476-f172-4400-9c5a-a28470a95d54","Sistema para gestionar la información en el Archivo General de la Universidad Central del Ecuador.","https://www.dspace.uce.edu.ec/handle/25000/9663"
851,"d8d18c27-ab6b-4adb-82a1-5a38c88ceda6","Automatización de solicitud de viajes nacionales en binaria sistemas, sobre la plataforma Nintex Online y Sharepoint Online.","https://www.dspace.uce.edu.ec/handle/25000/6357"
852,"e3d3db59-e02c-453c-9c81-7133a8fd2246","Desarrollo e implementación del sistema de bolsa de empleos dirigido hacia estudiantes, Egresados y Profesionales de la carrera de Ingeniería Civil","https://www.dspace.uce.edu.ec/handle/25000/17620"
853,"e222890d-d638-4fff-bf9a-3ced6654df70","Sistema Web para la gestión y control de la entrada, salida y mantenimiento vehicular de la Universidad Central del Ecuador","https://www.dspace.uce.edu.ec/handle/25000/14331"
854,"e26a9231-b78a-483c-8a47-42a23fb3ab2b","Análisis del Framework Primefaces y la generación de código convencional JSF.","https://www.dspace.uce.edu.ec/handle/25000/6074"
855,"e2bc2c03-b6a7-4284-9c77-04ac510ac613","Implementación de los módulos del ámbito académico del sistema ERP social, en las escuelas fiscales mixtas Cristóbal Colón y Gabriel Noroña de la parroquia de Pintag del distrito metropolitano de Quito y reingeniería del sistema.","https://www.dspace.uce.edu.ec/handle/25000/4233"
856,"e64efc6d-bff2-444e-9fe3-2cd148b9b45c","Realidad virtual 3D aplicando fotogrametría de piezas arqueológicas expuestas en el Museo Antropológico Antonio Santiana en un ambiente especulativo.","https://www.dspace.uce.edu.ec/handle/25000/34175"
857,"ded6ac71-8913-484d-8603-d028b1eec5be","Estudio del rendimiento de una base de datos columnar en el análisis de datos","https://www.dspace.uce.edu.ec/handle/25000/15932"
858,"df17cb89-3eed-463e-9c9e-69744853d03d","Implementación y reingeniería del sistema ERP social en la junta parroquial de Tumbaco y en la escuela fiscal mixta San José de Collaqui de la parroquia Tumbaco del Distrito Metropolitano de Quito.","https://www.dspace.uce.edu.ec/handle/25000/4183"
859,"dfacafdf-253a-4da3-abe2-09b6c58442cb","Análisis de datos sobre Desnutrición Crónica Infantil en niños menores de 5 años en Ecuador con datos abiertos: caso de estudio Cantón Pedro Moncayo","https://www.dspace.uce.edu.ec/handle/25000/32301"
860,"dfcd6e16-8c19-48f9-99d0-c8a2f428a8fc","Desarrollo e implementación del sistema de registro de títulos en OUDE.","https://www.dspace.uce.edu.ec/handle/25000/1671"
861,"e7588af2-d5f1-4607-bb79-bdf8a96a2867","Sistema de inventarios de productos turísticos concernientes al turismo alternativo del Ecuador","https://www.dspace.uce.edu.ec/handle/25000/5165"
862,"e75b0a27-359f-4aa3-a7fd-355facdc7091","Desarrollo del sistema de información para la gestión de historias clínicas y técnicas de los canes del centro regional de adiestramiento canino de la Policía Nacional","https://www.dspace.uce.edu.ec/handle/25000/32996"
863,"e7a0fd39-636a-428b-807f-c341df8bc21a","Sistema de control electoral.","https://www.dspace.uce.edu.ec/handle/25000/6901"
864,"da40533b-29fb-4b78-8c9f-f60bb753276c","Sistema de Control de Asistencia y Gestión de Horario de Actividades Docentes","https://www.dspace.uce.edu.ec/handle/25000/20608"
865,"e90e1c36-440d-4cc4-86d1-aa01ad5c8866","Implementación de un esquema de seguridad para la red de la Unidad Educativa Particular Cardenal Spellman Femenino.","https://www.dspace.uce.edu.ec/handle/25000/11869"
866,"e940f9b9-0d20-4e20-b249-4f3df847f033","Estudio de la factibilidad para la implementación de videoconferencia basado en comunicaciones unificadas y colaboración entre Facultades de la Universidad Central del Ecuador.","https://www.dspace.uce.edu.ec/handle/25000/5421"
867,"d00a24a6-ff09-4bc8-bfdc-e776886c8c13","Sistema de capacitación virtual para la implementación de la metodología de desarrollo de software Test Driven Devolopment.","https://www.dspace.uce.edu.ec/handle/25000/7752"
868,"d0594b5d-af2a-4930-8d3c-faa552bbeecc","Análisis, diseño e implementación de una solución informática para el Registro del Cementerio de la  Parroquia San Pedro de Amaguaña.","https://www.dspace.uce.edu.ec/handle/25000/532"
869,"d097f25c-bc1d-498d-b0a9-f6822484d445","Modelo de gestión de seguridad a través del uso de buenas prácticas de ITIL y COBIT enfocado a los sistemas de detección de intrusos (IDS) en las aplicaciones informáticas de la Cooperativa de Ahorro y Crédito Chibuleo Ltda. Agencia Sangolquí.","https://www.dspace.uce.edu.ec/handle/25000/4331"
870,"d0ba0d63-da13-48ed-ad4a-e78093a02427","Análisis de datos en búsqueda de fertilizantes innovadores para aplicación en leguminosas en la región de la sierra del Ecuador","https://www.dspace.uce.edu.ec/handle/25000/25065"
871,"cc543df2-714c-4761-9d2d-363b626b53da","Análisis, diseño y desarrollo de un sistema de evaluación para la acreditación del Instituto de Investigación y Posgrado de la Facultad de Ingeniería, Ciencias Físicas y Matemática","https://www.dspace.uce.edu.ec/handle/25000/5167"
872,"cc8d3739-3427-4035-a476-7551a0032bfb","Sistema web de gestión de la Agenda de Comunicación y Cultura Dirección de Comunicación y Cultura Universidad Central del Ecuador.","https://www.dspace.uce.edu.ec/handle/25000/1953"
873,"cc93e218-44b3-48fd-8b6e-3622b3a3a85a","Carga horaria y leccionarios para Docentes en la Facultad de Ciencias Administrativas","https://www.dspace.uce.edu.ec/handle/25000/19475"
874,"ce0394dd-2d85-4322-83dd-6467d723ea97","Análisis de la evolución de la población con educación inconclusa mediante cadenas de Markov discretas.","https://www.dspace.uce.edu.ec/handle/25000/6049"
875,"ce906492-d2f2-4152-8a8a-f265a14fd4d7","Implementación de servidor de aplicaciones JBOSS modo Domain para el Ministerio de Educación del Ecuador.","https://www.dspace.uce.edu.ec/handle/25000/6869"
876,"bb4c900f-6dad-4697-a55f-ef8a4631273d","Diseño e implementación de un sistema web para manejo y seguimiento de proyectos en el Comité de Ética de Desarrollo e Investigación en Seres Humanos (CEISH UCE) de la Universidad Central del Ecuador.","https://www.dspace.uce.edu.ec/handle/25000/27943"
879,"cb088a9b-ded8-4be1-96c6-8f50b65e8663","Sistema de disponibilidad de última milla de fibra óptica en la Ciudad de Quito para la Corporación Nacional de Telecomunicaciones.","https://www.dspace.uce.edu.ec/handle/25000/2826"
880,"cb49d05f-92e8-4f5a-8572-80e6c5c4272d","Integración y consumo de información del data warehouse del Sistema Financiero Ecuatoriano, diseño, análisis de reportes dinámicos y su visualización web y en dispositivos móviles.","https://www.dspace.uce.edu.ec/handle/25000/2828"
881,"c1b9ee68-aa4d-4922-8e5e-b124bfe33bdb","Reingeniería de procesos de servicio de apoyo migratorio y control de permanencia migratoria para la puesta en marcha del proyecto institucional de fortalecimiento de unidades de control migratorio.","https://www.dspace.uce.edu.ec/handle/25000/5445"
882,"c2dd635e-71f7-4354-9c7b-f1199c634545","Implementación de un dashboard para la generación de indicadores de inserción laboral y competencias de graduados de la Carrera de Medicina de la Universidad Central del Ecuador.","https://www.dspace.uce.edu.ec/handle/25000/6068"
883,"c7412b85-2c53-49fe-a304-690efe01ffea","Análisis, diseño y desarrollo de un sistema score de gestión empresarial basada en la metodología del Balanced Scorecard.","https://www.dspace.uce.edu.ec/handle/25000/1957"
884,"c9d2567b-134b-4669-a658-13fbdbf0a35b","Desarrollo del sistema informático para el seguimiento de la historia clínica para la unidad de vinculación con la sociedad de la Facultad de Odontología de la Universidad Central del Ecuador","https://www.dspace.uce.edu.ec/handle/25000/16276"
885,"c9f64b39-3bed-4e0d-9f71-f5a741fb89c1","Proyecto de mejoramiento del Centro de Gestión de Riesgos para monitoreo de redes, en la Facultad de Ingeniería, Ciencias Físicas y Matemática","https://www.dspace.uce.edu.ec/handle/25000/4578"
886,"c870e7a1-2080-4c6a-9a21-923bba62e1c5","Desarrollo e implementación de un sistema de gestión documental para uso interno de soproma (Generación y Digitalización de Documentos).","https://www.dspace.uce.edu.ec/handle/25000/5459"
887,"c8a59f75-0078-4003-a2b8-37d1dc9d065a","Sistema de Gestión para la reserva de laboratorios de Informática en la Facultad de Economía","https://www.dspace.uce.edu.ec/handle/25000/20012"
888,"fc18c670-a284-4d51-9f2c-6ee8fe7c0a0e","Estudio de la factibilidad para la implementación de telefonía IP basado en comunicaciones unificadas y colaboración entre Facultades de la Universidad Central del Ecuador.","https://www.dspace.uce.edu.ec/handle/25000/5420"
889,"fbf81e35-8045-41e3-bf7a-ee1275287f29","Desarrollo de un sistema de información para la administración de docentes de la Facultad de Ciencias Médicas.","https://www.dspace.uce.edu.ec/handle/25000/8020"
890,"07c03706-41a1-40e4-a61c-148c50f5e1be","Gemelo digital de deslaves: innovación tecnológica para la gestión de riesgos naturales","https://www.dspace.uce.edu.ec/handle/25000/40547"
891,"ea725379-96f1-48c1-aecc-87510ba8331a","Blockchain en la protección de datos educativos en Ecuador: evaluación, prototipo y perspectivas futuras.","https://www.dspace.uce.edu.ec/handle/25000/40545"
892,"5a9e4023-66d9-4f79-b746-a370f66bc64a","Propuesta Metodológica en base al análisis de riesgos para fortalecer la protección del servidor DNS de la Universidad Central del Ecuador ante amenazas DDoS y DoS.","https://www.dspace.uce.edu.ec/handle/25000/40544"
893,"70a671c3-dc5a-462e-8f5d-ef2d5f33453d","Evaluación post electoral a través del análisis de sentimiento utilizando la red social Facebook. Caso de estudio: Segunda vuelta electoral Ecuador 2025.","https://www.dspace.uce.edu.ec/handle/25000/40694"
894,"5d3d553c-621b-4a13-b2e3-41f4d41643f3","Análisis del nivel de seguridad ante un ataque de Phishing en la Universidad Central del Ecuador y la creación de una plataforma educativa para su prevención.","https://www.dspace.uce.edu.ec/handle/25000/40681"
895,"ff3d1516-fdf1-4d2f-b752-00006b33beee","Evaluación y comparación de técnicas de aprendizaje automático para la clasificación de estudiantes según su vulnerabilidad socioeconómica para la asignación de becas.","https://www.dspace.uce.edu.ec/handle/25000/40680"
896,"d154b466-9821-4ffe-b90f-d61543712a9d","Sistema de Trazabilidad de Productos Sostenibles mediante Blockchain.","https://www.dspace.uce.edu.ec/handle/25000/40721"
897,"ea4dbe1b-a466-40b2-97c5-8acba8f7e012","Análisis, diseño e implementación de un entorno virtual de aprendizaje para el Colegio Menor Universitario.","https://www.dspace.uce.edu.ec/handle/25000/4312"
898,"f78b384e-8311-426a-9fc1-4f4b44ca6abf","Sistema de planificación, seguimiento y control de proyectos académicos y su vinculación con el sector productivo para la Unidad de Educación Continua de la Facultad de Ciencias Administrativas.","https://www.dspace.uce.edu.ec/handle/25000/4346"
899,"f826d074-90b2-4aeb-8c8c-1918093ad69a","Análisis y diseño de un modelo de gestión de la información hidrometeorológica para los procesos desconcentrados del Instituto Nacional de Meteorología e Hidrología - INAMHI.","https://www.dspace.uce.edu.ec/handle/25000/5446"
900,"f84bd1bc-f171-47dd-bb7a-4d0d42faa7bf","Sistema de administración de la bodega de suministros para el grupo de intervención y rescate mayor Galo E. Miño Jarrín.","https://www.dspace.uce.edu.ec/handle/25000/4176"
901,"f881719c-dd01-4c4f-9729-14028a042d19","Diseño e implementación automatizada para el control de visitas domiciliarias para la Corporación Domiciliaria Atucucho.","https://www.dspace.uce.edu.ec/handle/25000/9713"
902,"fa6642d4-1ad1-4713-a558-2ec930d5361c","Desarrollo de un sistema de seguimiento a graduados para la Facultad de Ciencias Médicas, Carrera de Medicina.","https://www.dspace.uce.edu.ec/handle/25000/7363"
903,"fa66c8d1-cb4c-4be2-bc4c-fcaa1e4b7cbb","Sistema de control de proveeduría para el Ministerio de Desarrollo Urbano y Vivienda.","https://www.dspace.uce.edu.ec/handle/25000/2848"
904,"fc9496c3-0001-4540-a2dc-28ae77461f6c","Sistema biométrico para préstamo de proyectores de Laboratorio de Computo de la Carrera de Ingeniería Civil.","https://www.dspace.uce.edu.ec/handle/25000/9706"
905,"fc95ad10-a137-40fd-86a5-b1e6f8fdd7a1","Reingeniería del proceso de control migratorio para la puesta en marcha del proyecto institutcional de fortalecimiento de unidades de control migratorio en el Ministerio del Interior.","https://www.dspace.uce.edu.ec/handle/25000/5443"
906,"fcaad82f-b60c-4b7f-a80f-c29189c32f3f","Pronóstico de calidad de servicio en servicios cloud aplicando técnicas de machine learning.","https://www.dspace.uce.edu.ec/handle/25000/34870"
907,"fd66e6b9-9d74-48be-99d3-04a070848541","Desafíos de la seguridad en cámaras de vigilancia de bajo costo, debido a la proliferación de la inseguridad en Quito DM","https://www.dspace.uce.edu.ec/handle/25000/39178"
908,"f4d99670-621e-4da5-8242-a9eb4ae8482b","Seguimiento de documentación de la Facultad de Comunicación Social de la Universidad Central del Ecuador","https://www.dspace.uce.edu.ec/handle/25000/4576"
909,"f50d1e4d-56a5-4172-a175-a556af4bd6a4","Análisis, diseño y desarrollo de una aplicación móvil para encontrar una plaza de aparcamiento a través de un dispositivo móvil con gps y un entorno web para la administración del parqueadero, haciendo uso de tecnologías y marcos de desarrollo de software libre","https://www.dspace.uce.edu.ec/handle/25000/5297"
910,"f5215e4b-2b6f-4abd-9304-fc58f96700af","Sistema web para inscripción a los cursos de capacitación del Patronato de Promoción Social de Rumiñahui.","https://www.dspace.uce.edu.ec/handle/25000/2845"
911,"f536b8a2-076a-476b-b27a-53635e05cc33","Análisis para la asignación de cupos a Carreras Universitarias a Estudiantes mediante un software de Business Intelligence.","https://www.dspace.uce.edu.ec/handle/25000/6896"
912,"f53bcd50-8f2e-47b5-ba97-91624d9b198d","Sistema de información ganadero para la automatización de la producción lechera y control reproductivo para la Facultad de Veterinaria Hacienda de Uyumbicho.","https://www.dspace.uce.edu.ec/handle/25000/2830"
913,"f57d51d3-ccb6-451a-9af4-68d2a09678fe","Investigación y desarrollo de un sistema de inteligencia de negocios empresarial, mediante una base de datos Hana","https://www.dspace.uce.edu.ec/handle/25000/18725"
914,"f361178c-6cc6-47c8-9ec3-fb857f4d86ad","Desarrollo de una página web y aplicativo en redes sociales para control médico utilizando metodologías ágiles y aplicando la normativa ISO 40500:2012 que permite la inclusión de discapacidades a los sistemas de información.","https://www.dspace.uce.edu.ec/handle/25000/26357"
915,"f3a7cf65-4e9b-4e45-86ce-98b5fa56a2f1","Desarrollo de un portal web, para la sistematización y control de información en la Biblioteca de la Facultad de Ciencias Médicas, mediante la implementación de software de código abierto.","https://www.dspace.uce.edu.ec/handle/25000/291"
916,"fa9a4fbb-9eec-4726-ae55-c742c362da41","Diseño e implementación de un sistema web para compra y venta de flores en la empresa floral Time.","https://www.dspace.uce.edu.ec/handle/25000/4311"
917,"fb554004-6321-4ae9-8b6a-11ccb3e834a7","Automatización del proceso de asignación de temas y tutores para la unidad de titulación de la Carrera de Ingeniería Informática.","https://www.dspace.uce.edu.ec/handle/25000/7403"
918,"ff2bbc56-a986-421c-a016-22a1a8d2fc8e","Sistema de control y seguimiento para graduados. Caso: Colegio Nacional Experimental Piloto Gonzalo Zaldumbide.","https://www.dspace.uce.edu.ec/handle/25000/2823"
919,"ff7a469c-386e-4cd6-bcef-81f2e89fc4c2","Sistema integral de gestión de educación basada en las TICS para el desarrollo profesional del docente.","https://www.dspace.uce.edu.ec/handle/25000/5463"
920,"f725b990-3ab1-4477-8f47-5b764e1a21e2","Mejoramiento de la administración tecnológica de una empresa de producción enfocados en las mejores prácticas","https://www.dspace.uce.edu.ec/handle/25000/5169"
921,"f6753a4e-035c-4357-9ccb-e8642a4d33ca","Sistema administrativo y de facturación para el Centro Dermatológico Luna Piel.","https://www.dspace.uce.edu.ec/handle/25000/1117"
