"id","uuid","title","abstract","original_abstract","source_url","pdf_url","published_date","accessioned_date","available_date","extent","publisher","rights","rights_uri","type","entity_type","journal_name","classified_at"
10,"oai:ojs.pkp.sfu.ca:article/276","DISEÑO Y DESARROLLO DE UN VIDEOJUEGO EDUCATIVO CON TÉCNICAS DE INTELIGENCIA ARTIFICIAL PARA ANDROID APLICANDO LA METODOLOGÍA OOHDM. CASO DE ESTUDIO: LABERINTO EN 3D","El presente trabajo explica el desarrollo de videojuego educativo en 3D conocido como Laberinto que se lo ha realizado empleando Autodesk Maya para el modelamiento del mundo virtual. Como componente fundamental para el proceso de desarrollo de la aplicación y del avatar del juego, se utilizó el lenguaje de programación C# con MonoDevelop junto con el motor de videojuegos Unity. Incluye el uso del lenguaje de modelamiento unificado UML y la aplicación de la Metodología de Diseño de Hipermedia Orientado a Objetos, para el diseño y desarrollo del videojuego. Finalmente se utilizaron técnicas de Inteligencia Artificial para que la computadora pueda generar los laberintos y el avatar del juego pueda resolverlo. El resultado del proyecto desarrollado constituye una aplicación de software definido como un juego educativo en 3D, para estimular el desarrollo cognitivo de los niños entre 7 y 11 años de escuelas, en lo referente al pensamiento lógico y espacial.","El presente trabajo explica el desarrollo de videojuego educativo en 3D conocido como Laberinto que se lo ha realizado empleando Autodesk Maya para el modelamiento del mundo virtual. Como componente fundamental para el proceso de desarrollo de la aplicación y del avatar del juego, se utilizó el lenguaje de programación C# con MonoDevelop junto con el motor de videojuegos Unity. Incluye el uso del lenguaje de modelamiento unificado UML y la aplicación de la Metodología de Diseño de Hipermedia Orientado a Objetos, para el diseño y desarrollo del videojuego. Finalmente se utilizaron técnicas de Inteligencia Artificial para que la computadora pueda generar los laberintos y el avatar del juego pueda resolverlo. El resultado del proyecto desarrollado constituye una aplicación de software definido como un juego educativo en 3D, para estimular el desarrollo cognitivo de los niños entre 7 y 11 años de escuelas, en lo referente al pensamiento lógico y espacial.","https://journal.espe.edu.ec/ojs/index.php/geeks/article/view/276","https://journal.espe.edu.ec/ojs/index.php/geeks/article/view/276/256","2016-10-18",,,,"Universidad de las Fuerzas Armadas ESPE",,,"JournalArticle","JournalArticle","GEEKS DECC-Reports (ESPE)","2026-07-15 00:55:06.402943+00"
11,"oai:ojs.pkp.sfu.ca:article/280","Determinación de niveles de agresividad en comentarios de la red social Facebook por medio de Minería de Texto","La presente investigación está basada en la utilización de técnicas de Text Mining para análisis de comentarios realizados por los usuarios de la red social Facebook. Además,  se utilizan diccionarios, conjunto de palabras ofensivas con pesos asignados, y  algoritmos como el de Levenshtein que permiten encontrar la similitud entre dos palabras. Posteriormente se procede a la clasificación  de los niveles de agresividad  que van desde bajo, medio y alto, con el fin de  clasificar las personas o entes cibernéticos que son potencialmente una amenaza al resto de la población virtual. Finalmente, como resultado de la investigación se obtiene un listado de personas que deberían ser investigados, expulsados o bloqueados de las redes sociales para prevenir futuros incidentes.","La presente investigación está basada en la utilización de técnicas de Text Mining para análisis de comentarios realizados por los usuarios de la red social Facebook. Además,  se utilizan diccionarios, conjunto de palabras ofensivas con pesos asignados, y  algoritmos como el de Levenshtein que permiten encontrar la similitud entre dos palabras. Posteriormente se procede a la clasificación  de los niveles de agresividad  que van desde bajo, medio y alto, con el fin de  clasificar las personas o entes cibernéticos que son potencialmente una amenaza al resto de la población virtual. Finalmente, como resultado de la investigación se obtiene un listado de personas que deberían ser investigados, expulsados o bloqueados de las redes sociales para prevenir futuros incidentes.","https://journal.espe.edu.ec/ojs/index.php/geeks/article/view/280","https://journal.espe.edu.ec/ojs/index.php/geeks/article/view/280/259","2016-10-18",,,,"Universidad de las Fuerzas Armadas ESPE",,,"JournalArticle","JournalArticle","GEEKS DECC-Reports (ESPE)","2026-07-15 00:55:06.402943+00"
8,"oai:ojs.pkp.sfu.ca:article/261","Sistema para Restringir el Acceso no Autorizado a Consolas de Administración y Monitoreo, basado en Reconocimiento de Patrones mediante Tecnología Kinect","La presente investigación describe el diseño de un sistema de seguridad inteligente, basado en la metodología de prototipos, capaz de detectar cuando el operador de la consola de administración se ha retirado de su puesto de trabajo y éste no ha bloqueado la misma; como consecuencia de esto, el sistema automáticamente lo hará. El sistema cuenta con un dispositivo llamado Kinect creado por Microsoft, que hace uso de un sensor de video, un emisor de matriz infrarroja más un sensor de recepción infrarroja. Estos sensores permitirán desarrollar un agente inteligente capaz de prevenir cualquier acceso no deseado a una consola de administración. Dado que el agente requiere de cálculo de ubicaciones espaciales y análisis estadístico para la atenuación de ruido, fue implementado en lenguajes de programación de alto nivel, con almacenamiento de información en un motor de base de datos. Los resultados muestran que se logró la identificación de los atributos de una persona que desea acceder a la consola de administración del Data Center, por medio de un proceso de aprendizaje, cuyo valor de confiabilidad llegó al 92.00%. En consecuencia, el prototipo logró mitigar el problema de la inseguridad.","La presente investigación describe el diseño de un sistema de seguridad inteligente, basado en la metodología de prototipos, capaz de detectar cuando el operador de la consola de administración se ha retirado de su puesto de trabajo y éste no ha bloqueado la misma; como consecuencia de esto, el sistema automáticamente lo hará. El sistema cuenta con un dispositivo llamado Kinect creado por Microsoft, que hace uso de un sensor de video, un emisor de matriz infrarroja más un sensor de recepción infrarroja. Estos sensores permitirán desarrollar un agente inteligente capaz de prevenir cualquier acceso no deseado a una consola de administración. Dado que el agente requiere de cálculo de ubicaciones espaciales y análisis estadístico para la atenuación de ruido, fue implementado en lenguajes de programación de alto nivel, con almacenamiento de información en un motor de base de datos. Los resultados muestran que se logró la identificación de los atributos de una persona que desea acceder a la consola de administración del Data Center, por medio de un proceso de aprendizaje, cuyo valor de confiabilidad llegó al 92.00%. En consecuencia, el prototipo logró mitigar el problema de la inseguridad.","https://journal.espe.edu.ec/ojs/index.php/geeks/article/view/261","https://journal.espe.edu.ec/ojs/index.php/geeks/article/view/261/238","2016-10-18",,,,"Universidad de las Fuerzas Armadas ESPE",,,"JournalArticle","JournalArticle","GEEKS DECC-Reports (ESPE)","2026-07-15 00:55:06.402943+00"
9,"oai:ojs.pkp.sfu.ca:article/271","VISIÓN ARTIFICIAL APLICADA PARA EL RECONOCIMIENTO DEL LENGUAJE DE SEÑAS","En el presente artículo, se realiza el estudio de la Visión Artificial, con el objetivo de  realizar el reconocimiento  del lenguaje de señas en un nivel básico y en tiempo real, dicho proyecto está encaminado a resolver ciertos problemas que se presentan en la enseñanza aprendizaje de los docentes así como de los alumnos, el problema más evidente en este contexto es la gran cantidad de tiempo que se demora el docente en indicar y corregir las posiciones de las manos a cada uno de los estudiantes, la implementación del sistema se lo realizó con el empleo de la metodología RAD junto a sus cuatro fases, la planificación de requerimientos, el diseño de usuario, la construcción rápida y la fase de transición, a más de ello se hizo uso de la librería OpenCV  y el IDE de desarrollo  QTCreator, para realizar el seguimiento de la mano del usuario se realizó un algoritmo que permite el seguimiento de un objeto a través del color,  para la clasificación de las señas realizadas por el usuario se combinaron de forma secuencial dos de los algoritmos que con mayor frecuencia son empleados en la construcción de estos sistemas, el algoritmo SVM y el KNN, con el objetivo de reducir el porcentaje de error durante las predicciones, finalmente  este proyecto estará implementado e implantado en la asociación de sordos de Loja “Virgen del Cisne”,  ya que esta institución ha brindado las facilidades para el desarrollo del mismo.","En el presente artículo, se realiza el estudio de la Visión Artificial, con el objetivo de  realizar el reconocimiento  del lenguaje de señas en un nivel básico y en tiempo real, dicho proyecto está encaminado a resolver ciertos problemas que se presentan en la enseñanza aprendizaje de los docentes así como de los alumnos, el problema más evidente en este contexto es la gran cantidad de tiempo que se demora el docente en indicar y corregir las posiciones de las manos a cada uno de los estudiantes, la implementación del sistema se lo realizó con el empleo de la metodología RAD junto a sus cuatro fases, la planificación de requerimientos, el diseño de usuario, la construcción rápida y la fase de transición, a más de ello se hizo uso de la librería OpenCV  y el IDE de desarrollo  QTCreator, para realizar el seguimiento de la mano del usuario se realizó un algoritmo que permite el seguimiento de un objeto a través del color,  para la clasificación de las señas realizadas por el usuario se combinaron de forma secuencial dos de los algoritmos que con mayor frecuencia son empleados en la construcción de estos sistemas, el algoritmo SVM y el KNN, con el objetivo de reducir el porcentaje de error durante las predicciones, finalmente  este proyecto estará implementado e implantado en la asociación de sordos de Loja “Virgen del Cisne”,  ya que esta institución ha brindado las facilidades para el desarrollo del mismo.","https://journal.espe.edu.ec/ojs/index.php/geeks/article/view/271","https://journal.espe.edu.ec/ojs/index.php/geeks/article/view/271/250","2016-10-18",,,,"Universidad de las Fuerzas Armadas ESPE",,,"JournalArticle","JournalArticle","GEEKS DECC-Reports (ESPE)","2026-07-15 00:55:06.402943+00"
12,"oai:ojs.pkp.sfu.ca:article/2723","Propuesta de una aplicación de aprendizaje automático con visión artificial como herramienta de apoyo para la detección de melanomas benignos y malignos.","El cáncer de piel es una de las enfermedades que más muertes causa mundialmente, siendo especialmente conocida por la agresividad con la que esta enfermedad se propaga. Sin embargo, la tasa de supervivencia es alta si los melanomas son detectados en etapas iniciales, siendo diagnosticados inicialmente por su tamaño, forma y coloración antes de continuar con procesos invasivos. En el presente paper se muestra una propuesta de aplicación como una herramienta aplicando técnicas de machine learning y procesamiento de imágenes que sea capaz de facilitar el diagnóstico de los melanomas categorizándolos por las características presentadas por la lesión analizada, con el propósito de ayudar al especialista en el diagnóstico del tratamiento que el paciente con esta lesión cutánea deba tomar.","El cáncer de piel es una de las enfermedades que más muertes causa mundialmente, siendo especialmente conocida por la agresividad con la que esta enfermedad se propaga. Sin embargo, la tasa de supervivencia es alta si los melanomas son detectados en etapas iniciales, siendo diagnosticados inicialmente por su tamaño, forma y coloración antes de continuar con procesos invasivos. En el presente paper se muestra una propuesta de aplicación como una herramienta aplicando técnicas de machine learning y procesamiento de imágenes que sea capaz de facilitar el diagnóstico de los melanomas categorizándolos por las características presentadas por la lesión analizada, con el propósito de ayudar al especialista en el diagnóstico del tratamiento que el paciente con esta lesión cutánea deba tomar.","https://journal.espe.edu.ec/ojs/index.php/geeks/article/view/2723","https://journal.espe.edu.ec/ojs/index.php/geeks/article/view/2723/2197","2022-07-05",,,,"Universidad de las Fuerzas Armadas ESPE",,,"JournalArticle","JournalArticle","GEEKS DECC-Reports (ESPE)","2026-07-15 00:55:06.402943+00"
13,"oai:ojs.pkp.sfu.ca:article/2851","Análisis emocional para el reconocimiento de trastornos mentales mediante lenguaje natural","Actualmente se han registrado propuestas enfocadas con el reconocimiento de voz. A diferencia de otros trabajos esta propuesta brinda un diseño interactivo que generaría un gran aporte al desarrollo de un sistema, además que cuenta con una arquitectura y herramientas ágiles y de fáciles costos, la cual tiene como objetivo diagnosticar posibles trastornos mentales mediante el reconocimiento emocional y la inteligencia emocional. La metodología de desarrollo propuesto es la Feature-Driven Development (FDD), la cual permitirá actualizar el proyecto reiteradamente y ajustar a las necesidades requeridas. La predicción del estado mental está constituida por la interpretación de los resultados del test de inteligencia emocional y el reconocimiento de emociones del paciente, por tanto, el aplicativo implementa el test de inteligencia emocional de Wechsler y el reconocimiento emocional en lenguaje natural. Los resultados recabados del test de Wechsler son obtenidos en formato de audio y texto mediante la API Speech Recognition. Los datos en formato texto son sometidos a una metodología léxica, permitiendo detectar la emoción de una oración, el análisis de los audios es realizado mediante la librería Emotion Recognition Library (ERL), esta librería emplea un modelo de predicción en base al algoritmo de SVM y los Coeﬁcientes Cepstrales en las Frecuencias de Mel (MFCC). Como resultado se espera que el aplicativo tenga una precisión del 65% en el diagnóstico de un trastorno mental, aunque esta puede variar dependiendo la intensidad y el tipo de trastorno. Conclusiones Con la presente propuesta se busca generar una herramienta que sirva como soporte a los profesionales de la salud en el diagnóstico de un trastorno mental, cabe resaltar que el reconocimiento emocional y mental son temas de investigación relativamente nuevos, por tanto, la exactitud de sus predicciones es dudables.&nbsp;","Actualmente se han registrado propuestas enfocadas con el reconocimiento de voz. A diferencia de otros trabajos esta propuesta brinda un diseño interactivo que generaría un gran aporte al desarrollo de un sistema, además que cuenta con una arquitectura y herramientas ágiles y de fáciles costos, la cual tiene como objetivo diagnosticar posibles trastornos mentales mediante el reconocimiento emocional y la inteligencia emocional. La metodología de desarrollo propuesto es la Feature-Driven Development (FDD), la cual permitirá actualizar el proyecto reiteradamente y ajustar a las necesidades requeridas. La predicción del estado mental está constituida por la interpretación de los resultados del test de inteligencia emocional y el reconocimiento de emociones del paciente, por tanto, el aplicativo implementa el test de inteligencia emocional de Wechsler y el reconocimiento emocional en lenguaje natural. Los resultados recabados del test de Wechsler son obtenidos en formato de audio y texto mediante la API Speech Recognition. Los datos en formato texto son sometidos a una metodología léxica, permitiendo detectar la emoción de una oración, el análisis de los audios es realizado mediante la librería Emotion Recognition Library (ERL), esta librería emplea un modelo de predicción en base al algoritmo de SVM y los Coeﬁcientes Cepstrales en las Frecuencias de Mel (MFCC). Como resultado se espera que el aplicativo tenga una precisión del 65% en el diagnóstico de un trastorno mental, aunque esta puede variar dependiendo la intensidad y el tipo de trastorno. Conclusiones Con la presente propuesta se busca generar una herramienta que sirva como soporte a los profesionales de la salud en el diagnóstico de un trastorno mental, cabe resaltar que el reconocimiento emocional y mental son temas de investigación relativamente nuevos, por tanto, la exactitud de sus predicciones es dudables.&nbsp;","https://journal.espe.edu.ec/ojs/index.php/geeks/article/view/2851","","2022-12-16",,,,"Universidad de las Fuerzas Armadas ESPE",,,"JournalArticle","JournalArticle","GEEKS DECC-Reports (ESPE)","2026-07-15 00:55:06.402943+00"
14,"oai:ojs.pkp.sfu.ca:article/3046","Propuesta de Aplicativo móvil para recomendar plantas medicinales mediante redes neuronales","Currently, mobile devices have become an essential tool, so several services from different fields have had to adapt to mobile environments in order to improve and facilitate certain processes, and the field of medicine has not been the exception. A viable and healthy alternative to conventional medicine is natural medicine, which consists of plant-based treatments. However, most applications with this approach are limited to statically descri-bing information about the benefits of medicinal plants. In order to improve aspects of experience, trust, and lan-guage, a mobile application is proposed that allows recommending medicinal plants according to the person's sym-ptoms through the use of Convolutional Neural Networks (CNN). The process began with the search and selection of previous works; furthermore, for the development of the mobile application, the use of an agile methodology and several tools is proposed. The implementation of the app will help relieve people's ailments quickly and relia-bly.","Currently, mobile devices have become an essential tool, so several services from different fields have had to adapt to mobile environments in order to improve and facilitate certain processes, and the field of medicine has not been the exception. A viable and healthy alternative to conventional medicine is natural medicine, which consists of plant-based treatments. However, most applications with this approach are limited to statically descri-bing information about the benefits of medicinal plants. In order to improve aspects of experience, trust, and lan-guage, a mobile application is proposed that allows recommending medicinal plants according to the person's sym-ptoms through the use of Convolutional Neural Networks (CNN). The process began with the search and selection of previous works; furthermore, for the development of the mobile application, the use of an agile methodology and several tools is proposed. The implementation of the app will help relieve people's ailments quickly and relia-bly.","https://journal.espe.edu.ec/ojs/index.php/geeks/article/view/3046","","2024-06-11",,,,"Universidad de las Fuerzas Armadas ESPE",,,"JournalArticle","JournalArticle","GEEKS DECC-Reports (ESPE)","2026-07-15 00:55:06.402943+00"
15,"oai:ojs.pkp.sfu.ca:article/3573","Implementación de un prototipo de Asistente Virtual para facilitar la experiencia del usuario en la línea de Supermercados","Hoy en día, los supermercados enfrentan el reto de mejorar la experiencia del cliente y la eficiencia operativa en un contexto de creciente digitalización y competencia. A través de este estudio, se realizó una evaluación exhaustiva mediante encuestas a clientes frecuentes de supermercados, identificando áreas críticas como la rapidez del servicio, la personalización de la atención, y la accesibilidad tanto en tiendas físicas como en plataformas de comercio electrónico. Este artículo no solo propone la implementación de un asistente virtual basado en inteligencia artificial y procesamiento del lenguaje natural, sino que también examina diversas tecnologías avanzadas para determinar la solución más adecuada. El asistente virtual propuesto busca mejorar la accesibilidad a información sobre productos, promociones y exhibiciones en tienda, además de proporcionar recomendaciones personalizadas. El uso de modelos de lenguaje de gran tamaño y bases de datos vectoriales promete no solo modernizar la interacción entre los clientes y los supermercados, sino también establecer un nuevo estándar en la satisfacción del cliente y la operatividad del comercio minorista.","Hoy en día, los supermercados enfrentan el reto de mejorar la experiencia del cliente y la eficiencia operativa en un contexto de creciente digitalización y competencia. A través de este estudio, se realizó una evaluación exhaustiva mediante encuestas a clientes frecuentes de supermercados, identificando áreas críticas como la rapidez del servicio, la personalización de la atención, y la accesibilidad tanto en tiendas físicas como en plataformas de comercio electrónico. Este artículo no solo propone la implementación de un asistente virtual basado en inteligencia artificial y procesamiento del lenguaje natural, sino que también examina diversas tecnologías avanzadas para determinar la solución más adecuada. El asistente virtual propuesto busca mejorar la accesibilidad a información sobre productos, promociones y exhibiciones en tienda, además de proporcionar recomendaciones personalizadas. El uso de modelos de lenguaje de gran tamaño y bases de datos vectoriales promete no solo modernizar la interacción entre los clientes y los supermercados, sino también establecer un nuevo estándar en la satisfacción del cliente y la operatividad del comercio minorista.","https://journal.espe.edu.ec/ojs/index.php/geeks/article/view/3573","","2025-04-30",,,,"Universidad de las Fuerzas Armadas ESPE",,,"JournalArticle","JournalArticle","GEEKS DECC-Reports (ESPE)","2026-07-15 00:55:06.402943+00"
16,"oai:ojs.pkp.sfu.ca:article/3600","Detección de Contenido Adictivo en la plataforma TikTok usando algoritmos de  aprendizaje supervisado.","El crecimiento exponencial de las plataformas de redes sociales, como TikTok, ha traído consigo preocupaciones sobre los efectos negativos del contenido adictivo en la salud mental y el bienestar de los usuarios, especialmente en niños y adolescentes. Este proyecto se centra en el desarrollo de un sistema de clasificación automatizada utilizando modelos de aprendizaje automático para identificar contenido potencialmente adictivo en TikTok. Se entrenaron y evaluaron varios modelos, incluidos Regresión Logística, Máquinas de Vectores de Soporte (SVM), k-Nearest Neighbors (k-NN), Árboles de Decisión, Naive Bayes y Redes Neuronales, utilizando un conjunto de datos de interacciones de usuarios y características del contenido. Los resultados preliminares muestran que los modelos de Redes Neuronales y SVM lineal  y Decision Tree son los más efectivos para capturar las complejas relaciones que definen la adictividad del contenido. Con una precisión superior al 90%, el sistema desarrollado puede ser una herramienta valiosa para mitigar la exposición de los usuarios a contenido perjudicial, reduciendo así el tiempo de pantalla y promoviendo hábitos digitales más saludables. Este estudio propone un enfoque innovador para abordar el problema emergente de la adicción a las redes sociales mediante la intervención directa en los algoritmos de recomendación.","El crecimiento exponencial de las plataformas de redes sociales, como TikTok, ha traído consigo preocupaciones sobre los efectos negativos del contenido adictivo en la salud mental y el bienestar de los usuarios, especialmente en niños y adolescentes. Este proyecto se centra en el desarrollo de un sistema de clasificación automatizada utilizando modelos de aprendizaje automático para identificar contenido potencialmente adictivo en TikTok. Se entrenaron y evaluaron varios modelos, incluidos Regresión Logística, Máquinas de Vectores de Soporte (SVM), k-Nearest Neighbors (k-NN), Árboles de Decisión, Naive Bayes y Redes Neuronales, utilizando un conjunto de datos de interacciones de usuarios y características del contenido. Los resultados preliminares muestran que los modelos de Redes Neuronales y SVM lineal  y Decision Tree son los más efectivos para capturar las complejas relaciones que definen la adictividad del contenido. Con una precisión superior al 90%, el sistema desarrollado puede ser una herramienta valiosa para mitigar la exposición de los usuarios a contenido perjudicial, reduciendo así el tiempo de pantalla y promoviendo hábitos digitales más saludables. Este estudio propone un enfoque innovador para abordar el problema emergente de la adicción a las redes sociales mediante la intervención directa en los algoritmos de recomendación.","https://journal.espe.edu.ec/ojs/index.php/geeks/article/view/3600","","2025-04-30",,,,"Universidad de las Fuerzas Armadas ESPE",,,"JournalArticle","JournalArticle","GEEKS DECC-Reports (ESPE)","2026-07-15 00:55:06.402943+00"
17,"oai:ojs.pkp.sfu.ca:article/497","Perspectiva de modelado para el mercado relevante de servicios de voz: De móvil a móvil","Los mercados asociados a los servicios de voz móvil a móvil, brindados por operadoras del Sistema Móvil Avanzado en Latinoamérica, han estado sujetos a procesos regulatorios motivados por la dominancia en el mercado de un operador, buscando obtener óptimas condiciones de competencia. Específicamente en Ecuador, la Superintendencia de Telecomunicaciones (Organismo Técnico de Control de Telecomunicaciones) desarrolló un modelo para identificar acciones de regulación que puedan proporcionar al mercado efectos sostenibles de competencia en el largo plazo. Este artículo trata sobre la aplicación de la ingeniería de control para desarrollar un modelo integral del mercado, empleando redes neuronales para la predicción de trarifas de cada operador y un modelo de lógica difusa para predecir la demanda. Adicionalmente, se presenta un modelo de inferencia de lógica difusa para reproducir las estrategias de mercadeo de los operadores y la influencia sobre las tarifas. Dichos modelos permitirían la toma adecuada de decisiones y fueron validados con datos reales.","Los mercados asociados a los servicios de voz móvil a móvil, brindados por operadoras del Sistema Móvil Avanzado en Latinoamérica, han estado sujetos a procesos regulatorios motivados por la dominancia en el mercado de un operador, buscando obtener óptimas condiciones de competencia. Específicamente en Ecuador, la Superintendencia de Telecomunicaciones (Organismo Técnico de Control de Telecomunicaciones) desarrolló un modelo para identificar acciones de regulación que puedan proporcionar al mercado efectos sostenibles de competencia en el largo plazo. Este artículo trata sobre la aplicación de la ingeniería de control para desarrollar un modelo integral del mercado, empleando redes neuronales para la predicción de trarifas de cada operador y un modelo de lógica difusa para predecir la demanda. Adicionalmente, se presenta un modelo de inferencia de lógica difusa para reproducir las estrategias de mercadeo de los operadores y la influencia sobre las tarifas. Dichos modelos permitirían la toma adecuada de decisiones y fueron validados con datos reales.","https://publicaciones.ucuenca.edu.ec/ojs/index.php/maskana/article/view/497","https://publicaciones.ucuenca.edu.ec/ojs/index.php/maskana/article/view/497/421","2015-12-15",,,,"Universidad de Cuenca",,,"JournalArticle","JournalArticle","Maskana (U. Cuenca)","2026-07-15 00:55:06.402943+00"
18,"oai:revistas.ups.edu.ec:article/40","PlaM-DeP: una plataforma modular para el desarrollo y evaluación de algoritmos de detección de plagio académico","En este trabajo se presenta un modelo de plataforma de software para desarrollar y evaluar los algoritmos de detección de plagio. La plataforma se basa en un diseño modular escalable, que implementa un conjunto de servicios que posibilitan realizar automáticamente tareas como: análisis sintáctico y semántico a través de WordNet y Freeling, extracción automática de texto de múltiples formatos de archivos (PDF, Word y texto), extracción de contenido de páginas web (empleando algunos motores de búsqueda como Google, Yandex, Yahoo, Bing), el almacenamiento, la carga y el uso de algoritmos de detección de plagio. Estos servicios permiten a un programador desarrollar el código centrando el esfuerzo en el diseño del algoritmo y la base matemática/estadística. Actualmente, la plataforma se probó usando varias consultas de texto (n-gramas), y los resultados de rendimiento son prometedores.","En este trabajo se presenta un modelo de plataforma de software para desarrollar y evaluar los algoritmos de detección de plagio. La plataforma se basa en un diseño modular escalable, que implementa un conjunto de servicios que posibilitan realizar automáticamente tareas como: análisis sintáctico y semántico a través de WordNet y Freeling, extracción automática de texto de múltiples formatos de archivos (PDF, Word y texto), extracción de contenido de páginas web (empleando algunos motores de búsqueda como Google, Yandex, Yahoo, Bing), el almacenamiento, la carga y el uso de algoritmos de detección de plagio. Estos servicios permiten a un programador desarrollar el código centrando el esfuerzo en el diseño del algoritmo y la base matemática/estadística. Actualmente, la plataforma se probó usando varias consultas de texto (n-gramas), y los resultados de rendimiento son prometedores.","https://revistas.ups.edu.ec/index.php/ingenius/article/view/11.2014.04","","2014-06-30",,,,"Universidad Politécnica Salesiana",,,"JournalArticle","JournalArticle","Ingenius (U. Politécnica Salesiana)","2026-07-15 00:55:06.402943+00"
19,"oai:revistas.ups.edu.ec:article/42","Diseño y construcción de un robot móvil que permita la obtención de una nube de puntos del escaneo de habitaciones utilizando láser y webcams","Se desarrolló un algoritmo y se construyó un hardware para la obtención de una nube de puntos en coordenadas X, Y , Z, de un conjunto de imágenes capturadas de una habitación con proyección de láser, las imágenes son obtenidas por medio de la adquisición y preprocesamiento de imágenes utilizando visión artificial y la teoría de visión estéreo, para un escaneo bifocal por medio de láser y webcams. Mediante la utilización de filtros digitales se logra digitalizar las imágenes para obtener las coordenadas X, Y que representan proyección del láser en el plano de la imagen, por medio de la fórmula de cálculo de profundidades con visión estereoscópica se logra obtener la coordenada en Z que representa la profundidad o distancia de separación entre las cámaras y los objetos en los que se proyecta el láser. Los resultados obtenidos por la reconstrucción tridimensional son semejantes a las habitaciones que se aplicó el escaneo con un margen de error pequeño que representa la disparidad entre puntos correspondientes.","Se desarrolló un algoritmo y se construyó un hardware para la obtención de una nube de puntos en coordenadas X, Y , Z, de un conjunto de imágenes capturadas de una habitación con proyección de láser, las imágenes son obtenidas por medio de la adquisición y preprocesamiento de imágenes utilizando visión artificial y la teoría de visión estéreo, para un escaneo bifocal por medio de láser y webcams. Mediante la utilización de filtros digitales se logra digitalizar las imágenes para obtener las coordenadas X, Y que representan proyección del láser en el plano de la imagen, por medio de la fórmula de cálculo de profundidades con visión estereoscópica se logra obtener la coordenada en Z que representa la profundidad o distancia de separación entre las cámaras y los objetos en los que se proyecta el láser. Los resultados obtenidos por la reconstrucción tridimensional son semejantes a las habitaciones que se aplicó el escaneo con un margen de error pequeño que representa la disparidad entre puntos correspondientes.","https://revistas.ups.edu.ec/index.php/ingenius/article/view/11.2014.06","","2014-06-30",,,,"Universidad Politécnica Salesiana",,,"JournalArticle","JournalArticle","Ingenius (U. Politécnica Salesiana)","2026-07-15 00:55:06.402943+00"
20,"oai:revistas.ups.edu.ec:article/389","Sistema para identificación de hablantes robusto a cambios en la voz","Los sistemas de reconocimiento de hablante se componen de tres partes principales: preprocesamiento, extracción de características y clasificación de vectores. En el trabajo presente se considera la cuestión de los cambios en la voz, voluntarios e involuntarios, y cómo esto afecta al reconocimiento de hablante. Para este proyecto se detalla todo el pre procesamiento que se realiza sobre la señal y cómo se obtienen los segmentos vocalizados de la misma. También se aplica un modelo de elaboración de vectores característicos basados en ciertas propiedades de la voz, y en Coeficientes Cepstrales en la Frecuencia de Mel (MFCC), así como una Máquina de Soporte Vectorial (SVM) y una Red Neuronal Artificial (ANN) como clasificadores, posteriormente se comparan los resultados obtenidos. Las pruebas realizadas consisten en analizar la trama que se le presenta al sistema, detectar el segmento vocalizado e indicarle al sistema de qué vocal se trata, para posteriormente, identificar a qué persona pertenece dicha vocal. Los resultados muestran que la elaboración de estos vectores conjuntando propiedades y coeficientes MFCC tienen un alto índice de reconocimiento.","Los sistemas de reconocimiento de hablante se componen de tres partes principales: preprocesamiento, extracción de características y clasificación de vectores. En el trabajo presente se considera la cuestión de los cambios en la voz, voluntarios e involuntarios, y cómo esto afecta al reconocimiento de hablante. Para este proyecto se detalla todo el pre procesamiento que se realiza sobre la señal y cómo se obtienen los segmentos vocalizados de la misma. También se aplica un modelo de elaboración de vectores característicos basados en ciertas propiedades de la voz, y en Coeficientes Cepstrales en la Frecuencia de Mel (MFCC), así como una Máquina de Soporte Vectorial (SVM) y una Red Neuronal Artificial (ANN) como clasificadores, posteriormente se comparan los resultados obtenidos. Las pruebas realizadas consisten en analizar la trama que se le presenta al sistema, detectar el segmento vocalizado e indicarle al sistema de qué vocal se trata, para posteriormente, identificar a qué persona pertenece dicha vocal. Los resultados muestran que la elaboración de estos vectores conjuntando propiedades y coeficientes MFCC tienen un alto índice de reconocimiento.","https://revistas.ups.edu.ec/index.php/ingenius/article/view/8.2012.06","","2012-12-30",,,,"Universidad Politécnica Salesiana",,,"JournalArticle","JournalArticle","Ingenius (U. Politécnica Salesiana)","2026-07-15 00:55:06.402943+00"
67,"4b53684c-3435-42a2-9fd3-15d8c3726e3c","Generación automática de música a través de técnicas de machine learning","las aplicaciones del aprendizaje automatico aumentan aceleradamente, y uno de sus campos de aplicacion mas llamativos es la generacion de arte. en este trabajo de fin de grado se pretende exponer la creacion de diversos modelos de aprendizaje automatico capaces de aprender a generar nueva musica a partir de musica creada previamente por humanos, como herramienta que facilite el proceso creativo y permita a futuro reducir el tiempo y costo de creacion musical en proyectos de toda indole. se puso un especial interes en la primera etapa del proyecto que consta de la investigacion y creacion del apartado teorico, para que el proyecto pueda servir como referencia de futuros desarrollos enfocados a la generacion de arte basada en tecnicas de aprendizaje automatico. como segunda etapa, se desarrollaron los modelos planteados utilizando python3 como lenguaje de programacion, y se realizo una pequena comparacion entre los resultados obtenidos por los diferentes modelos","Las aplicaciones del Aprendizaje Automático aumentan aceleradamente, y uno de sus campos de aplicación más llamativos es la generación de arte. En este Trabajo de Fin de Grado se pretende exponer la creación de diversos modelos de Aprendizaje Automático capaces de aprender a generar nueva música a partir de música creada previamente por humanos, como herramienta que facilite el proceso creativo y permita a futuro reducir el tiempo y costo de creación musical en proyectos de toda índole. Se puso un especial interés en la primera etapa del proyecto que consta de la investigación y creación del apartado teórico, para que el proyecto pueda servir como referencia de futuros desarrollos enfocados a la generación de arte basada en técnicas de Aprendizaje Automático. Como segunda etapa, se desarrollaron los modelos planteados utilizando Python3 como lenguaje de programación, y se realizó una pequeña comparación entre los resultados obtenidos por los diferentes modelos","https://www.dspace.uce.edu.ec/handle/25000/15109","https://www.dspace.uce.edu.ec/server/api/core/bitstreams/9c920ac7-f8d0-45e2-a8c0-44f889ea3238/content","2018-01-01","2018-04-16","2018-04-16",,"Universidad Central del Ecuador","openAccess","http://creativecommons.org/licenses/by-nc-sa/3.0/ec/","bachelorThesis","Publication",,"2026-07-15 00:55:06.402943+00"
21,"oai:revistas.ups.edu.ec:article/2143","Comparación entre redes neuronales artificiales y regresión múltiple para la predicción de la rugosidad superficial en el torneado en seco","Los métodos de regresión múltiple y redes neuronales artificiales son técnicas usadas en muchas aplicaciones de la industria. En este trabajo se utilizaron dos métodos de predicción: regresión múltiple y redes neuronales artificiales (perceptrón multicapa) con el objetivo de predecir la rugosidad superficial en el torneado en seco del acero AISI 316l. En su implementación fueron considerados varios parámetros de corte como la velocidad, el avance y el tiempo de mecanizado. Las ecuaciones obtenidas por ambos métodos fueron comparadas desarrollando un diseño factorial completo para aumentar la fiabilidad de los valores registrados de rugosidad superficial. En el análisis se puede comprobar mediante los valores de coeficientes de determinación que los modelos propuestos son capaces de predecir la rugosidad superficial. Los modelos obtenidos demuestran que la técnica de redes neuronales artificiales tiene mejor precisión que la regresión múltiple para este estudio.","Los métodos de regresión múltiple y redes neuronales artificiales son técnicas usadas en muchas aplicaciones de la industria. En este trabajo se utilizaron dos métodos de predicción: regresión múltiple y redes neuronales artificiales (perceptrón multicapa) con el objetivo de predecir la rugosidad superficial en el torneado en seco del acero AISI 316l. En su implementación fueron considerados varios parámetros de corte como la velocidad, el avance y el tiempo de mecanizado. Las ecuaciones obtenidas por ambos métodos fueron comparadas desarrollando un diseño factorial completo para aumentar la fiabilidad de los valores registrados de rugosidad superficial. En el análisis se puede comprobar mediante los valores de coeficientes de determinación que los modelos propuestos son capaces de predecir la rugosidad superficial. Los modelos obtenidos demuestran que la técnica de redes neuronales artificiales tiene mejor precisión que la regresión múltiple para este estudio.","https://revistas.ups.edu.ec/index.php/ingenius/article/view/19.2018.08","","2018-01-01",,,,"Universidad Politécnica Salesiana",,,"JournalArticle","JournalArticle","Ingenius (U. Politécnica Salesiana)","2026-07-15 00:55:06.402943+00"
22,"oai:revistas.ups.edu.ec:article/2659","Aplicación de una red neuronal feed-forward backpropagation para el diagnóstico de fallas mecánicas en motores de encendido provocado","En la presente investigación se explica la metodología para la creación de un sistema de diagnóstico aplicado a la detección de fallas mecánicas en vehículos con motores a gasolina mediante redes neuronales artificiales, el sistema se basa en el estudio de la fase de admisión del ciclo Otto, el cual es registrado a través de la implementación física de un sensor MAP (Manifold Absolute Pressure). Se emplea un estricto protocolo de muestreo y su correspondiente análisis estadístico. Los valores estadísticos de la señal del sensor MAP: área, energía, entropía, máximo, media, mínimo, potencia y RMS se seleccionaron en función al mayor aporte de información y diferencia significativa. Los datos se obtuvieron con la aplicación de 3 métodos estadísticos (ANOVA, matriz de correlación y Random Forest) para tener una base de datos que permita el entrenamiento de una red neuronal feed-forward backpropagation, con la cual se obtiene un error de clasificación de 1.89e-11. La validación del sistema de diagnóstico se llevó a cabo mediante la provocación de fallas supervisadas en diferentes motores de encendido provocado.","En la presente investigación se explica la metodología para la creación de un sistema de diagnóstico aplicado a la detección de fallas mecánicas en vehículos con motores a gasolina mediante redes neuronales artificiales, el sistema se basa en el estudio de la fase de admisión del ciclo Otto, el cual es registrado a través de la implementación física de un sensor MAP (Manifold Absolute Pressure). Se emplea un estricto protocolo de muestreo y su correspondiente análisis estadístico. Los valores estadísticos de la señal del sensor MAP: área, energía, entropía, máximo, media, mínimo, potencia y RMS se seleccionaron en función al mayor aporte de información y diferencia significativa. Los datos se obtuvieron con la aplicación de 3 métodos estadísticos (ANOVA, matriz de correlación y Random Forest) para tener una base de datos que permita el entrenamiento de una red neuronal feed-forward backpropagation, con la cual se obtiene un error de clasificación de 1.89e-11. La validación del sistema de diagnóstico se llevó a cabo mediante la provocación de fallas supervisadas en diferentes motores de encendido provocado.","https://revistas.ups.edu.ec/index.php/ingenius/article/view/21.2019.03","","2018-12-29",,,,"Universidad Politécnica Salesiana",,,"JournalArticle","JournalArticle","Ingenius (U. Politécnica Salesiana)","2026-07-15 00:55:06.402943+00"
23,"oai:revistas.ups.edu.ec:article/3137","Predicción de emisiones de CO y HC en motores Otto mediante redes neuronales","En el presente trabajo se explica la aplicación de RNA (redes neuronales artificiales) para la predicción de emisiones contaminantes generadas por fallas mecánicas en motores de encendido provocado, de la cual se puede cuantificar el porcentaje de CO (% monóxido de carbono) y el particulado por millón HC (ppm hidrocarburos sin quemar), a través del estudio de la fase de admisión del ciclo Otto, la cual es registrada por medio de la implementación física de un sensor MAP (Manifold Absolute Pressure). Se aplica un riguroso protocolo de muestreo y consecuente análisis estadístico. La selección y reducción de atributos de la señal del sensor MAP se realiza en función del mayor aporte de información y diferencia significativa con la aplicación de tres métodos estadísticos (ANOVA, matriz de correlación y Random Forest), de la cual se obtiene una base de datos que permite el entrenamiento de dos redes neuronales feed-forward backpropagation, con las cuales se obtiene un error de clasificación de 5.4061e-9 y de 9.7587e-5 para la red neuronal de CO y HC respectivamente.","En el presente trabajo se explica la aplicación de RNA (redes neuronales artificiales) para la predicción de emisiones contaminantes generadas por fallas mecánicas en motores de encendido provocado, de la cual se puede cuantificar el porcentaje de CO (% monóxido de carbono) y el particulado por millón HC (ppm hidrocarburos sin quemar), a través del estudio de la fase de admisión del ciclo Otto, la cual es registrada por medio de la implementación física de un sensor MAP (Manifold Absolute Pressure). Se aplica un riguroso protocolo de muestreo y consecuente análisis estadístico. La selección y reducción de atributos de la señal del sensor MAP se realiza en función del mayor aporte de información y diferencia significativa con la aplicación de tres métodos estadísticos (ANOVA, matriz de correlación y Random Forest), de la cual se obtiene una base de datos que permite el entrenamiento de dos redes neuronales feed-forward backpropagation, con las cuales se obtiene un error de clasificación de 5.4061e-9 y de 9.7587e-5 para la red neuronal de CO y HC respectivamente.","https://revistas.ups.edu.ec/index.php/ingenius/article/view/23.2020.03","","2019-12-27",,,,"Universidad Politécnica Salesiana",,,"JournalArticle","JournalArticle","Ingenius (U. Politécnica Salesiana)","2026-07-15 00:55:06.402943+00"
24,"oai:revistas.ups.edu.ec:article/3393","Filtraje robusto de señales débiles de fenómenos reales","En un gran número de escenarios de la vida real se requiere procesar señales de interés que se encuentran muy inmersas en medio de ruido de fondo: señales tectónicas de las entrañas de la Tierra, otras provenientes del lejano cosmos, de telemetría biomédica, acústicas lejanas, interfaces neuronales no invasivas, etc. El propósito de este trabajo es presentar la descripción de una plataforma robusta y eficiente para hacer filtraje en tiempo real de señales muy inmersas en ruido (bastante débiles) y de naturaleza muy diferente. La estrategia propuesta se basa en dos principios: el modelado de las señales de los fenómenos físicos mediante procesos caóticos y la aplicación de estrategias de filtraje basadas en la teoría de sistemas dinámicos no lineales. Tomando como caso de estudio señales sísmicas, señales de electrocardiogramas fetales, señales de tipo voz y señales de interferencias de radiofrecuencia, este trabajo experimental muestra que la metodología es eficiente (error cuadrático medio menor al 1 %) y robusta (la estructura de filtraje, basada en filtro de Kalman, es invariante ante diferentes señales fenomenológicas). La metodología presentada resulta ser muy atractiva para aplicaciones prácticas para la detección de señales débiles en tiempo real por su alta precisión de filtraje con una mínima complejidad computacional y tiempos de procesamiento muy cortos.","En un gran número de escenarios de la vida real se requiere procesar señales de interés que se encuentran muy inmersas en medio de ruido de fondo: señales tectónicas de las entrañas de la Tierra, otras provenientes del lejano cosmos, de telemetría biomédica, acústicas lejanas, interfaces neuronales no invasivas, etc. El propósito de este trabajo es presentar la descripción de una plataforma robusta y eficiente para hacer filtraje en tiempo real de señales muy inmersas en ruido (bastante débiles) y de naturaleza muy diferente. La estrategia propuesta se basa en dos principios: el modelado de las señales de los fenómenos físicos mediante procesos caóticos y la aplicación de estrategias de filtraje basadas en la teoría de sistemas dinámicos no lineales. Tomando como caso de estudio señales sísmicas, señales de electrocardiogramas fetales, señales de tipo voz y señales de interferencias de radiofrecuencia, este trabajo experimental muestra que la metodología es eficiente (error cuadrático medio menor al 1 %) y robusta (la estructura de filtraje, basada en filtro de Kalman, es invariante ante diferentes señales fenomenológicas). La metodología presentada resulta ser muy atractiva para aplicaciones prácticas para la detección de señales débiles en tiempo real por su alta precisión de filtraje con una mínima complejidad computacional y tiempos de procesamiento muy cortos.","https://revistas.ups.edu.ec/index.php/ingenius/article/view/23.2020.10","","2019-12-27",,,,"Universidad Politécnica Salesiana",,,"JournalArticle","JournalArticle","Ingenius (U. Politécnica Salesiana)","2026-07-15 00:55:06.402943+00"
25,"oai:revistas.ups.edu.ec:article/4303","Algoritmos para el reconocimiento de estructuras de tablas","Las Tablas son una manera bien común de organizar y publicar datos. Por ejemplo, la Web posee un enorme número de tablas publicadas en HTML integradas en documentos PDF, o que pueden ser simplemente descargadas de páginas Web. Sin embargo, las tablas no siempre son fáciles de interpretar pues poseen una gran variedad de características y son organizadas en diferentes formatos. De hecho, se han desarrollado un gran número de métodos y herramientas para la interpretación de tablas. Este trabajo presenta la implementación de un algoritmo, basado en Campos Aleatorios Condicionales (CRF, Conditional Random Fields), para clasificar las filas de una tabla como fila de encabezado, fila de datos y fila metadatos. La implementación se complementa con dos algoritmos para reconocer tablas en hojas de cálculos, específicamente, basados en reglas y detección de regiones. Finalmente, el trabajo describe los resultados y beneficios obtenidos por la aplicación del algoritmo para tablas HTML, obtenidas desde la Web, y las tablas en forma de hojas de cálculo, descargadas desde el sitio Web de la Agencia Nacional de Petróleo de Brasil.","Las Tablas son una manera bien común de organizar y publicar datos. Por ejemplo, la Web posee un enorme número de tablas publicadas en HTML integradas en documentos PDF, o que pueden ser simplemente descargadas de páginas Web. Sin embargo, las tablas no siempre son fáciles de interpretar pues poseen una gran variedad de características y son organizadas en diferentes formatos. De hecho, se han desarrollado un gran número de métodos y herramientas para la interpretación de tablas. Este trabajo presenta la implementación de un algoritmo, basado en Campos Aleatorios Condicionales (CRF, Conditional Random Fields), para clasificar las filas de una tabla como fila de encabezado, fila de datos y fila metadatos. La implementación se complementa con dos algoritmos para reconocer tablas en hojas de cálculos, específicamente, basados en reglas y detección de regiones. Finalmente, el trabajo describe los resultados y beneficios obtenidos por la aplicación del algoritmo para tablas HTML, obtenidas desde la Web, y las tablas en forma de hojas de cálculo, descargadas desde el sitio Web de la Agencia Nacional de Petróleo de Brasil.","https://revistas.ups.edu.ec/index.php/ingenius/article/view/25.2021.05","","2020-12-31",,,,"Universidad Politécnica Salesiana",,,"JournalArticle","JournalArticle","Ingenius (U. Politécnica Salesiana)","2026-07-15 00:55:06.402943+00"
26,"oai:revistas.ups.edu.ec:article/4562","Apoyo a los subsistemas de talento humano, selección y reclutamiento a partir de un sistema experto. Caso de estudio","La gestión de talento humano es un factor fundamental en el éxito de las organizaciones. La inclusión en el entorno laboral de las personas con discapacidad ha ayudado a potenciar sus cualidades y a aprovechar su talento. Muchos de los sistemas de gestión de talento humano carecen de directrices para el reclutamiento y selección de una persona con discapacidad, es por eso por lo que el presente trabajo muestra el estudio realizado a estos dos procesos indicando los factores que influyen en la asignación o no de un cargo, donde de cada candidato es considerando el nivel y tipo de discapacidad, nivel de estudios, experiencia, capacitación entre otros aspectos, enfocándose en la tarea de aplicar técnicas de aprendizaje supervisado que permitan clasificar a un candidato con discapacidad para un puesto de trabajo como apto o no y técnicas de aprendizaje no supervisado como el clustering&nbsp;que ayuda a definir patrones ocultos en los datos si los hubiera. El resultado obtenido del estudio presenta varias técnicas de clasificación y la selección de la más adecuada para el conjunto de datos en cuestión, igualmente mediante técnicas de aprendizaje no supervisado se determina cuántos clústeres representativos se identifican en los datos. No se busca que se integren las personas a través de las discapacidades, sino todo lo contrario, que se integren las personas por medio de la potencialidad de todas sus capacidades.","La gestión de talento humano es un factor fundamental en el éxito de las organizaciones. La inclusión en el entorno laboral de las personas con discapacidad ha ayudado a potenciar sus cualidades y a aprovechar su talento. Muchos de los sistemas de gestión de talento humano carecen de directrices para el reclutamiento y selección de una persona con discapacidad, es por eso por lo que el presente trabajo muestra el estudio realizado a estos dos procesos indicando los factores que influyen en la asignación o no de un cargo, donde de cada candidato es considerando el nivel y tipo de discapacidad, nivel de estudios, experiencia, capacitación entre otros aspectos, enfocándose en la tarea de aplicar técnicas de aprendizaje supervisado que permitan clasificar a un candidato con discapacidad para un puesto de trabajo como apto o no y técnicas de aprendizaje no supervisado como el clustering&nbsp;que ayuda a definir patrones ocultos en los datos si los hubiera. El resultado obtenido del estudio presenta varias técnicas de clasificación y la selección de la más adecuada para el conjunto de datos en cuestión, igualmente mediante técnicas de aprendizaje no supervisado se determina cuántos clústeres representativos se identifican en los datos. No se busca que se integren las personas a través de las discapacidades, sino todo lo contrario, que se integren las personas por medio de la potencialidad de todas sus capacidades.","https://revistas.ups.edu.ec/index.php/ingenius/article/view/26.2021.04","","2021-06-29",,,,"Universidad Politécnica Salesiana",,,"JournalArticle","JournalArticle","Ingenius (U. Politécnica Salesiana)","2026-07-15 00:55:06.402943+00"
27,"oai:revistas.ups.edu.ec:article/4573","Transfer learning en la clasificación binaria de imágenes térmicas","La clasificación de imágenes térmicas es un aspecto clave en el sector industrial, debido a que suele ser el punto de partida en la detección de fallos en equipos eléctricos. En algunos casos, esta tarea se automatiza mediante el uso de técnicas tradicionales de inteligencia artificial, mientras que en otros, es realizada de manera manual, lo cual puede traer consigo altas tasas de error humano. Este artículo presenta un análisis comparativo entre once arquitecturas de transfer learning (AlexNet, VGG16, VGG19, ResNet, DenseNet, MobileNet v2, GoogLeNet, ResNeXt, Wide ResNet, MNASNet y ShuffleNet) mediante el uso de fine-tuning, con la finalidad de realizar una clasificación binaria de imágenes térmicas en una red de distribución eléctrica. Para ello, se dispone de una base de datos con 815 imágenes, divididas mediante la técnica tipo hold-out 60-20-20 y validación cruzada con 5-folds, para finalmente analizar su rendimiento mediante el test de Friedman. Luego de los experimentos, se obtuvieron resultados satisfactorios con exactitudes superiores a 85 % en diez de las arquitecturas previamente entrenadas. Sin embargo, la arquitectura que no se entrenó previamente presentó una exactitud baja; concluyéndose que la aplicación de transfer learning mediante el uso de arquitecturas previamente entrenadas es un mecanismo adecuado en la clasificación de este tipo de imágenes, y representa una alternativa confiable frente a técnicas tradicionales de inteligencia artificial.","La clasificación de imágenes térmicas es un aspecto clave en el sector industrial, debido a que suele ser el punto de partida en la detección de fallos en equipos eléctricos. En algunos casos, esta tarea se automatiza mediante el uso de técnicas tradicionales de inteligencia artificial, mientras que en otros, es realizada de manera manual, lo cual puede traer consigo altas tasas de error humano. Este artículo presenta un análisis comparativo entre once arquitecturas de transfer learning (AlexNet, VGG16, VGG19, ResNet, DenseNet, MobileNet v2, GoogLeNet, ResNeXt, Wide ResNet, MNASNet y ShuffleNet) mediante el uso de fine-tuning, con la finalidad de realizar una clasificación binaria de imágenes térmicas en una red de distribución eléctrica. Para ello, se dispone de una base de datos con 815 imágenes, divididas mediante la técnica tipo hold-out 60-20-20 y validación cruzada con 5-folds, para finalmente analizar su rendimiento mediante el test de Friedman. Luego de los experimentos, se obtuvieron resultados satisfactorios con exactitudes superiores a 85 % en diez de las arquitecturas previamente entrenadas. Sin embargo, la arquitectura que no se entrenó previamente presentó una exactitud baja; concluyéndose que la aplicación de transfer learning mediante el uso de arquitecturas previamente entrenadas es un mecanismo adecuado en la clasificación de este tipo de imágenes, y representa una alternativa confiable frente a técnicas tradicionales de inteligencia artificial.","https://revistas.ups.edu.ec/index.php/ingenius/article/view/26.2021.07","","2021-06-29",,,,"Universidad Politécnica Salesiana",,,"JournalArticle","JournalArticle","Ingenius (U. Politécnica Salesiana)","2026-07-15 00:55:06.402943+00"
28,"oai:revistas.ups.edu.ec:article/5096","Detección de peatones en el día y en la noche usando YOLO-v5","En este artículo se presenta un nuevo algoritmo basado en aprendizaje profundo para la detección de peatones en el día y en la noche, denominada multiespectral, enfocado en aplicaciones de seguridad vehicular. La propuesta se basa en YOLO-v5, y consiste en la construcción de dos subredes que se enfocan en trabajar sobre las imágenes en color (RGB) y térmicas (IR), respectivamente. Luego se fusiona la información, a través, de una subred de fusión que integra las redes RGB e IR, para llegar a un detector de peatones. Los experimentos, destinados a verificar la calidad de la propuesta, fueron desarrollados usando distintas bases de datos públicas de peatones destinadas a su detección en el día y en la noche. Los principales resultados en función de la métrica mAP, estableciendo un IoU en 0.5 son 96.6 % sobre la base de datos INRIA, 89.2 % sobre CVC09, 90.5 % en LSIFIR, 56 % sobre FLIR-ADAS, 79.8 % para CVC14, 72.3 % sobre Nightowls y KAIST un 53.3 %.","En este artículo se presenta un nuevo algoritmo basado en aprendizaje profundo para la detección de peatones en el día y en la noche, denominada multiespectral, enfocado en aplicaciones de seguridad vehicular. La propuesta se basa en YOLO-v5, y consiste en la construcción de dos subredes que se enfocan en trabajar sobre las imágenes en color (RGB) y térmicas (IR), respectivamente. Luego se fusiona la información, a través, de una subred de fusión que integra las redes RGB e IR, para llegar a un detector de peatones. Los experimentos, destinados a verificar la calidad de la propuesta, fueron desarrollados usando distintas bases de datos públicas de peatones destinadas a su detección en el día y en la noche. Los principales resultados en función de la métrica mAP, estableciendo un IoU en 0.5 son 96.6 % sobre la base de datos INRIA, 89.2 % sobre CVC09, 90.5 % en LSIFIR, 56 % sobre FLIR-ADAS, 79.8 % para CVC14, 72.3 % sobre Nightowls y KAIST un 53.3 %.","https://revistas.ups.edu.ec/index.php/ingenius/article/view/27.2022.08","","2022-01-01",,,,"Universidad Politécnica Salesiana",,,"JournalArticle","JournalArticle","Ingenius (U. Politécnica Salesiana)","2026-07-15 00:55:06.402943+00"
29,"oai:revistas.ups.edu.ec:article/5102","Un enfoque de aprendizaje profundo para estimar la frecuencia respiratoria del fotopletismograma","Este trabajo presenta una metodología para entrenar y probar una red neuronal profunda (Deep Neural Network – DNN) con datos de fotopletismografías (Photoplethysmography – PPG), con la finalidad de llevar a cabo una tarea de regresión para estimar la frecuencia respiratoria (Respiratory Rate – RR). La arquitectura de la DNN está basada en un modelo utilizado para inferir la frecuencia cardíaca (FC) a partir de señales PPG ruidosas. Dicho modelo se ha optimizado a través de algoritmos genéticos. En las pruebas realizadas se usaron BIDMC y CapnoBase, dos conjuntos de datos de acceso abierto. Con CapnoBase, la DNN logró un error de la mediana de 1,16 respiraciones/min, que es comparable con los métodos analíticos reportados en la literatura, donde el mejor error es 1,1 respiraciones/min (excluyendo el 8 % de datos más ruidosos). Por otro lado, el conjunto de datos BIDMC aparenta ser más desafiante, ya que el error mínimo de la mediana de los métodos reportados en la literatura es de 2,3 respiraciones/min (excluyendo el 6 % de datos más ruidosos). Para este conjunto de datos la DNN logra un error de mediana de 1,52 respiraciones/min.","Este trabajo presenta una metodología para entrenar y probar una red neuronal profunda (Deep Neural Network – DNN) con datos de fotopletismografías (Photoplethysmography – PPG), con la finalidad de llevar a cabo una tarea de regresión para estimar la frecuencia respiratoria (Respiratory Rate – RR). La arquitectura de la DNN está basada en un modelo utilizado para inferir la frecuencia cardíaca (FC) a partir de señales PPG ruidosas. Dicho modelo se ha optimizado a través de algoritmos genéticos. En las pruebas realizadas se usaron BIDMC y CapnoBase, dos conjuntos de datos de acceso abierto. Con CapnoBase, la DNN logró un error de la mediana de 1,16 respiraciones/min, que es comparable con los métodos analíticos reportados en la literatura, donde el mejor error es 1,1 respiraciones/min (excluyendo el 8 % de datos más ruidosos). Por otro lado, el conjunto de datos BIDMC aparenta ser más desafiante, ya que el error mínimo de la mediana de los métodos reportados en la literatura es de 2,3 respiraciones/min (excluyendo el 6 % de datos más ruidosos). Para este conjunto de datos la DNN logra un error de mediana de 1,52 respiraciones/min.","https://revistas.ups.edu.ec/index.php/ingenius/article/view/27.2022.09","","2022-01-01",,,,"Universidad Politécnica Salesiana",,,"JournalArticle","JournalArticle","Ingenius (U. Politécnica Salesiana)","2026-07-15 00:55:06.402943+00"
30,"oai:revistas.ups.edu.ec:article/5512","Análisis de sentimiento de los datos de twitter de COVID-19 utilizando modelos de aprendizaje profundo y aprendizaje máquina","En este artículo, aplicamos técnicas de aprendizaje automático para predecir el sentimiento de las personas que usan las redes sociales como Twitter durante el pico de COVID-19 en abril de 2021. Los datos contienen tweets recopilados en las fechas entre el 16 de abril de 2021 y el 26 de abril de 2021, donde el texto de los tweets se ha etiquetado mediante la formación de los modelos con un conjunto de datos ya etiquetado de tweets de virus de corona como positivo, negativo y neutro. El análisis del sentimiento se llevó a cabo mediante un modelo de aprendizaje profundo conocido como Representaciones de Codificadores Bidireccionales de Transformers (BERT) y varios modelos de aprendizaje automático para el análisis de texto y el rendimiento, que luego se compararon entre sí. Los modelos ML utilizados son Bayes ingenuas, regresión logística, bosque aleatorio, máquinas vectoriales de soporte, descenso de gradiente estocástico y aumento de gradiente extremo. La precisión de cada sentimiento se calculó por separado. La precisión de clasificación de todos los modelos de ML producidos fue de 66.4 %, 77.7 %, 74.5 %, 74.7 %, 78.6 % y 75.5 %, respectivamente y el modelo BERT produjo 84.2 %. Cada modelo clasificado de sentimiento tiene una precisión de alrededor o superior al 75 %, que es un valor bastante significativo en los algoritmos de minería de texto. Vemos que la mayoría de las personas que tuitean están adoptando un enfoque positivo y neutral.","En este artículo, aplicamos técnicas de aprendizaje automático para predecir el sentimiento de las personas que usan las redes sociales como Twitter durante el pico de COVID-19 en abril de 2021. Los datos contienen tweets recopilados en las fechas entre el 16 de abril de 2021 y el 26 de abril de 2021, donde el texto de los tweets se ha etiquetado mediante la formación de los modelos con un conjunto de datos ya etiquetado de tweets de virus de corona como positivo, negativo y neutro. El análisis del sentimiento se llevó a cabo mediante un modelo de aprendizaje profundo conocido como Representaciones de Codificadores Bidireccionales de Transformers (BERT) y varios modelos de aprendizaje automático para el análisis de texto y el rendimiento, que luego se compararon entre sí. Los modelos ML utilizados son Bayes ingenuas, regresión logística, bosque aleatorio, máquinas vectoriales de soporte, descenso de gradiente estocástico y aumento de gradiente extremo. La precisión de cada sentimiento se calculó por separado. La precisión de clasificación de todos los modelos de ML producidos fue de 66.4 %, 77.7 %, 74.5 %, 74.7 %, 78.6 % y 75.5 %, respectivamente y el modelo BERT produjo 84.2 %. Cada modelo clasificado de sentimiento tiene una precisión de alrededor o superior al 75 %, que es un valor bastante significativo en los algoritmos de minería de texto. Vemos que la mayoría de las personas que tuitean están adoptando un enfoque positivo y neutral.","https://revistas.ups.edu.ec/index.php/ingenius/article/view/5512","https://revistas.ups.edu.ec/index.php/ingenius/article/view/5512/6258","2023-01-24",,,,"Universidad Politécnica Salesiana",,,"JournalArticle","JournalArticle","Ingenius (U. Politécnica Salesiana)","2026-07-15 00:55:06.402943+00"
31,"oai:revistas.ups.edu.ec:article/5624","Evaluación de AIoT en modelos computacionales en la nube y en el borde aplicado a la detección de mascarillas","La COVID-19 ha provocado graves daños a la salud: centenas de millones de personas infectadas y varios millones de fallecidos en el mundo. Los programas de vacunación de cada Gobierno han influido en el decaimiento de estos índices, pero con la aparición de nuevas mutaciones del coronavirus más contagiosas, la preocupación sobre la efectividad de las vacunas se hace presente. Frente a esta situación el uso de mascarillas sigue siendo eficaz para prevenir la transmisión y contagio de la COVID-19. Lo que ha generado una creciente demanda de servicios de detección automática de mascarillas, que permita recordar a las personas la importancia del empleo de estas. En este trabajo se plantea un análisis del rendimiento de un sistema AIoT para la detección del uso correcto, incorrecto y sin mascarilla basado en dos modelos computacionales de Cloud y Edge, con la finalidad de determinar qué modelo se adecua mejor en un entorno real (interior y exterior) sobre la base de la confiabilidad del algoritmo, uso de recursos computacionales y tiempo de respuesta. Los resultados experimentales demuestran que el modelo computacional Edge presentó un mejor desempeño en comparación con el Cloud.","La COVID-19 ha provocado graves daños a la salud: centenas de millones de personas infectadas y varios millones de fallecidos en el mundo. Los programas de vacunación de cada Gobierno han influido en el decaimiento de estos índices, pero con la aparición de nuevas mutaciones del coronavirus más contagiosas, la preocupación sobre la efectividad de las vacunas se hace presente. Frente a esta situación el uso de mascarillas sigue siendo eficaz para prevenir la transmisión y contagio de la COVID-19. Lo que ha generado una creciente demanda de servicios de detección automática de mascarillas, que permita recordar a las personas la importancia del empleo de estas. En este trabajo se plantea un análisis del rendimiento de un sistema AIoT para la detección del uso correcto, incorrecto y sin mascarilla basado en dos modelos computacionales de Cloud y Edge, con la finalidad de determinar qué modelo se adecua mejor en un entorno real (interior y exterior) sobre la base de la confiabilidad del algoritmo, uso de recursos computacionales y tiempo de respuesta. Los resultados experimentales demuestran que el modelo computacional Edge presentó un mejor desempeño en comparación con el Cloud.","https://revistas.ups.edu.ec/index.php/ingenius/article/view/27.2022.04","","2022-01-01",,,,"Universidad Politécnica Salesiana",,,"JournalArticle","JournalArticle","Ingenius (U. Politécnica Salesiana)","2026-07-15 00:55:06.402943+00"
32,"oai:revistas.ups.edu.ec:article/6294","Plataforma de enseñanza a distancia de microcontroladores e internet de las cosas","Debido al creciente desarrollo tecnológico de los sistemas embebidos y el internet de las cosas (IoT), los dispositivos basados en microcontroladores se aplican cada vez más en diversas áreas del conocimiento. En este contexto, las plataformas y productos educativos online se consideran laboratorios virtuales remotos, ya que los estudiantes pueden acceder a los dispositivos físicos en cualquier lugar siempre que dispongan de un sistema informático conectado a internet. En este sentido, este trabajo describe el diseño y desarrollo de una plataforma con cuatro productos educativos online para la enseñanza de microcontroladores y IoT. Estos productos educativos están basados en software de código abierto, lo que permite su distribución gratuita en línea y se puede acceder a ellos desde un servidor en la nube. El enfoque de código abierto y multiplataforma (Linux, Windows® y Mac OSX) permite una mayor interacción y accesibilidad del usuario. Los productos educativos en línea hacen posible la programación del firmware de ESP32 de forma remota a través de OTA (over the air) y de sistemas embebidos Linux basados en Raspberry Pi (Rpi). Además, los productos educativos en línea permiten manipular los pines a través de la interfaz gráfica de los microcontroladores ESP32 y ESP8266, así como del Rpi. Como resultado, se prueba la plataforma en línea propuesta, ejecutada en un servidor en la nube, y se validaron los cuatro productos educativos de aprendizaje a distancia y la aplicación real de microcontroladores e IoT se encuentran operativos tal como fueron diseñados.","Debido al creciente desarrollo tecnológico de los sistemas embebidos y el internet de las cosas (IoT), los dispositivos basados en microcontroladores se aplican cada vez más en diversas áreas del conocimiento. En este contexto, las plataformas y productos educativos online se consideran laboratorios virtuales remotos, ya que los estudiantes pueden acceder a los dispositivos físicos en cualquier lugar siempre que dispongan de un sistema informático conectado a internet. En este sentido, este trabajo describe el diseño y desarrollo de una plataforma con cuatro productos educativos online para la enseñanza de microcontroladores y IoT. Estos productos educativos están basados en software de código abierto, lo que permite su distribución gratuita en línea y se puede acceder a ellos desde un servidor en la nube. El enfoque de código abierto y multiplataforma (Linux, Windows® y Mac OSX) permite una mayor interacción y accesibilidad del usuario. Los productos educativos en línea hacen posible la programación del firmware de ESP32 de forma remota a través de OTA (over the air) y de sistemas embebidos Linux basados en Raspberry Pi (Rpi). Además, los productos educativos en línea permiten manipular los pines a través de la interfaz gráfica de los microcontroladores ESP32 y ESP8266, así como del Rpi. Como resultado, se prueba la plataforma en línea propuesta, ejecutada en un servidor en la nube, y se validaron los cuatro productos educativos de aprendizaje a distancia y la aplicación real de microcontroladores e IoT se encuentran operativos tal como fueron diseñados.","https://revistas.ups.edu.ec/index.php/ingenius/article/view/6294","https://revistas.ups.edu.ec/index.php/ingenius/article/view/6294/5637","2022-08-17",,,,"Universidad Politécnica Salesiana",,,"JournalArticle","JournalArticle","Ingenius (U. Politécnica Salesiana)","2026-07-15 00:55:06.402943+00"
33,"oai:revistas.ups.edu.ec:article/6724","Predicción de arritmias e infartos agudos de miocardio usando aprendizaje automático","Las enfermedades cardiovasculares, como el infarto agudo de miocardio, son una de las tres principales causas de muerte en el mundo según datos de la OMS. De forma similar, las arritmias cardíacas¸ como la fibrilación auricular, son enfermedades muy comunes en la actualidad. El electrocardiograma (ECG) es el medio de diagnóstico cardíaco que se utiliza de forma estandarizada en todo el mundo. Los modelos de aprendizaje automático son muy útiles en problemas de clasificación y predicción. Aplicadas al campo de la salud, las redes neuronales artificiales (ANN) y las redes neuronales convolucionales (CNN) en conjunto con modelos basados en árboles como XGBoost, son de vital ayuda en la prevención y control de enfermedades del corazón. El presente estudio tiene como objetivo comparar y evaluar el aprendizaje basado en los algoritmos ANN, CNN y XGBoost mediante el uso de las bases de datos de ECG Physionet MIT-BIH y PTB, que proporcionan ECG clasificados con arritmias e infartos agudos de miocardio, respectivamente. Se comparan por separado los tiempos de aprendizaje y el porcentaje de exactitud de los tres algoritmos en las dos bases de datos, y finalmente se cruzan los datos para comparar la validez y seguridad de la predicción.","Las enfermedades cardiovasculares, como el infarto agudo de miocardio, son una de las tres principales causas de muerte en el mundo según datos de la OMS. De forma similar, las arritmias cardíacas¸ como la fibrilación auricular, son enfermedades muy comunes en la actualidad. El electrocardiograma (ECG) es el medio de diagnóstico cardíaco que se utiliza de forma estandarizada en todo el mundo. Los modelos de aprendizaje automático son muy útiles en problemas de clasificación y predicción. Aplicadas al campo de la salud, las redes neuronales artificiales (ANN) y las redes neuronales convolucionales (CNN) en conjunto con modelos basados en árboles como XGBoost, son de vital ayuda en la prevención y control de enfermedades del corazón. El presente estudio tiene como objetivo comparar y evaluar el aprendizaje basado en los algoritmos ANN, CNN y XGBoost mediante el uso de las bases de datos de ECG Physionet MIT-BIH y PTB, que proporcionan ECG clasificados con arritmias e infartos agudos de miocardio, respectivamente. Se comparan por separado los tiempos de aprendizaje y el porcentaje de exactitud de los tres algoritmos en las dos bases de datos, y finalmente se cruzan los datos para comparar la validez y seguridad de la predicción.","https://revistas.ups.edu.ec/index.php/ingenius/article/view/6724","https://revistas.ups.edu.ec/index.php/ingenius/article/view/6724/6268","2023-01-24",,,,"Universidad Politécnica Salesiana",,,"JournalArticle","JournalArticle","Ingenius (U. Politécnica Salesiana)","2026-07-15 00:55:06.402943+00"
34,"oai:revistas.ups.edu.ec:article/7112","Metodología basada en ciencia de datos para el desarrollo de pronóstico de la generación de energía de una planta solar fotovoltaica","El uso de plantas solares fotovoltaicas para la generación de energía eléctrica ha ido en constante aumento en los últimos años. Muchas de estas se conectan a la red eléctrica externa, por lo que se hace necesario el pronóstico de la energía eléctrica generada por las plantas solares para coadyuvar en la gestión del operador de la red. En esta investigación se presenta una metodología basada en la ciencia de datos para desarrollar el pronóstico de energía eléctrica generada de plantas solares fotovoltaicas, utilizando, para efectos de comparación, tres técnicas diferentes: análisis de series de tiempo, regresión lineal múltiple y red neuronal artificial. Se trabajó con los datos históricos de la potencia pico, la irradiancia solar, la temperatura ambiente, la velocidad del viento y la tasa de suciedad de una planta solar fotovoltaica experimental del NREL. Para evaluar el desempeño de los modelos se utilizan las métricas RMSE, MAE y MAPE, resultando que el modelo ARIMA del análisis de series de tiempo fue el que mejor desempeño tuvo con un MAE de 1.38 kWh, RMSE de 1.40 kWh y MAPE de 6.35 %. En el análisis de correlación se determinó que la generación de energía era independiente de la tasa de suciedad, por lo que se descartó esta variable en los modelos de regresión.","El uso de plantas solares fotovoltaicas para la generación de energía eléctrica ha ido en constante aumento en los últimos años. Muchas de estas se conectan a la red eléctrica externa, por lo que se hace necesario el pronóstico de la energía eléctrica generada por las plantas solares para coadyuvar en la gestión del operador de la red. En esta investigación se presenta una metodología basada en la ciencia de datos para desarrollar el pronóstico de energía eléctrica generada de plantas solares fotovoltaicas, utilizando, para efectos de comparación, tres técnicas diferentes: análisis de series de tiempo, regresión lineal múltiple y red neuronal artificial. Se trabajó con los datos históricos de la potencia pico, la irradiancia solar, la temperatura ambiente, la velocidad del viento y la tasa de suciedad de una planta solar fotovoltaica experimental del NREL. Para evaluar el desempeño de los modelos se utilizan las métricas RMSE, MAE y MAPE, resultando que el modelo ARIMA del análisis de series de tiempo fue el que mejor desempeño tuvo con un MAE de 1.38 kWh, RMSE de 1.40 kWh y MAPE de 6.35 %. En el análisis de correlación se determinó que la generación de energía era independiente de la tasa de suciedad, por lo que se descartó esta variable en los modelos de regresión.","https://revistas.ups.edu.ec/index.php/ingenius/article/view/7112","https://revistas.ups.edu.ec/index.php/ingenius/article/view/7112/7509","2023-11-22",,,,"Universidad Politécnica Salesiana",,,"JournalArticle","JournalArticle","Ingenius (U. Politécnica Salesiana)","2026-07-15 00:55:06.402943+00"
35,"oai:revistas.ups.edu.ec:article/7314","Predicción de desgaste abrasivo y dureza superficial de partes impresas por tecnología SLA","En el presente estudio se realizó una predicción del deterioro de la dureza y el desgaste abrasivo a través de una red neuronal utilizando inteligencia artificial sobre un material impreso en SLA. Esta investigación tiene como objetivo predecir las propiedades mecánicas de resistencia al desgaste y dureza superficial de piezas fabricadas mediante impresión por estereolitografía (SLA). Para realizar los experimentos se utilizó un diseño factorial de dos niveles o DOE factorial completo y así asociar los parámetros peculiares (orientación de impresión, tiempo de curado, altura de la capa). Las propiedades mecánicas fueron evaluadas según normativas ASTM, con el objetivo de obtener datos de alimentación y validación de las predicciones del índice de desgaste Taber y la dureza empleando una red neuronal artificial. Los resultados experimentales concuerdan con los datos medidos con errores de predicción satisfactorios con un error cuadrático medio (MSE) de 0,01 correspondiente al desgaste abrasivo utilizando la resina transparente y un error absoluto medio (MSE) de 0,09 con un R2 de 0,76. La predicción con la red neuronal tiene un error cuadrático medio (MSE) de 2.47 perteneciente al desgaste abrasivo utilizando la resina resistente y un error absoluto medio (MSE) de 14,3 con un R2 de 0,97. Se demostró que la precisión de la predicción es razonable, y que la red tiene potencial para mejorar si se pudiera ampliar la base de datos experimental para entrenar la red. Por lo tanto, las propiedades mecánicas de desgaste y dureza se pueden predecir, adecuadamente, con una RNA.","En el presente estudio se realizó una predicción del deterioro de la dureza y el desgaste abrasivo a través de una red neuronal utilizando inteligencia artificial sobre un material impreso en SLA. Esta investigación tiene como objetivo predecir las propiedades mecánicas de resistencia al desgaste y dureza superficial de piezas fabricadas mediante impresión por estereolitografía (SLA). Para realizar los experimentos se utilizó un diseño factorial de dos niveles o DOE factorial completo y así asociar los parámetros peculiares (orientación de impresión, tiempo de curado, altura de la capa). Las propiedades mecánicas fueron evaluadas según normativas ASTM, con el objetivo de obtener datos de alimentación y validación de las predicciones del índice de desgaste Taber y la dureza empleando una red neuronal artificial. Los resultados experimentales concuerdan con los datos medidos con errores de predicción satisfactorios con un error cuadrático medio (MSE) de 0,01 correspondiente al desgaste abrasivo utilizando la resina transparente y un error absoluto medio (MSE) de 0,09 con un R2 de 0,76. La predicción con la red neuronal tiene un error cuadrático medio (MSE) de 2.47 perteneciente al desgaste abrasivo utilizando la resina resistente y un error absoluto medio (MSE) de 14,3 con un R2 de 0,97. Se demostró que la precisión de la predicción es razonable, y que la red tiene potencial para mejorar si se pudiera ampliar la base de datos experimental para entrenar la red. Por lo tanto, las propiedades mecánicas de desgaste y dureza se pueden predecir, adecuadamente, con una RNA.","https://revistas.ups.edu.ec/index.php/ingenius/article/view/7314","https://revistas.ups.edu.ec/index.php/ingenius/article/view/7314/7838","2024-05-17",,,,"Universidad Politécnica Salesiana",,,"JournalArticle","JournalArticle","Ingenius (U. Politécnica Salesiana)","2026-07-15 00:55:06.402943+00"
36,"oai:revistas.ups.edu.ec:article/7318","Diagnóstico de cáncer oral mediante algoritmos de aprendizaje profundo","El propósito de este estudio fue diagnosticar automáticamente el cáncer oral en imágenes de labios, mucosa y cavidad oral utilizando aprendizaje profundo. Se propuso un modelo de red neuronal convolucional (CNN) profunda con aumento de datos para el diagnóstico de enfermedades bucodentales. Se desarrolló una CNN profunda de MobileNet para detectar y clasificar la enfermedad de cáncer oral en la zona de los labios, mucosa y cavidad oral. El conjunto de datos de 131 imágenes de labios, mucosa y cavidad oral estaba compuesto por 87 casos positivos y 44 casos negativos. Además, el número de imágenes se multiplicó mediante cambios de corte, enfoque, rotación, brillo y volteo. Se evaluó el rendimiento de diagnóstico de la CNN propuesta a través del cálculo de la exactitud, la precisión, la recuperación, la puntuación F1 y el AUC (Área bajo la curva) para la enfermedad de cáncer oral. El rendimiento general del diagnóstico de la enfermedad de cáncer oral alcanzó el 90,9 % de exactitud y 0,91 AUC usando la CNN con el conjunto de datos. El método CNN desarrollado para diagnosticar automáticamente el cáncer oral en imágenes de labios, mucosa y cavidad oral usando aumento de datos mostró una alta exactitud, precisión, recuperación, puntaje F1 y AUC a pesar del número limitado de imágenes de labios, mucosa y cavidad oral utilizadas.","El propósito de este estudio fue diagnosticar automáticamente el cáncer oral en imágenes de labios, mucosa y cavidad oral utilizando aprendizaje profundo. Se propuso un modelo de red neuronal convolucional (CNN) profunda con aumento de datos para el diagnóstico de enfermedades bucodentales. Se desarrolló una CNN profunda de MobileNet para detectar y clasificar la enfermedad de cáncer oral en la zona de los labios, mucosa y cavidad oral. El conjunto de datos de 131 imágenes de labios, mucosa y cavidad oral estaba compuesto por 87 casos positivos y 44 casos negativos. Además, el número de imágenes se multiplicó mediante cambios de corte, enfoque, rotación, brillo y volteo. Se evaluó el rendimiento de diagnóstico de la CNN propuesta a través del cálculo de la exactitud, la precisión, la recuperación, la puntuación F1 y el AUC (Área bajo la curva) para la enfermedad de cáncer oral. El rendimiento general del diagnóstico de la enfermedad de cáncer oral alcanzó el 90,9 % de exactitud y 0,91 AUC usando la CNN con el conjunto de datos. El método CNN desarrollado para diagnosticar automáticamente el cáncer oral en imágenes de labios, mucosa y cavidad oral usando aumento de datos mostró una alta exactitud, precisión, recuperación, puntaje F1 y AUC a pesar del número limitado de imágenes de labios, mucosa y cavidad oral utilizadas.","https://revistas.ups.edu.ec/index.php/ingenius/article/view/7318","https://revistas.ups.edu.ec/index.php/ingenius/article/view/7318/8700","2024-10-07",,,,"Universidad Politécnica Salesiana",,,"JournalArticle","JournalArticle","Ingenius (U. Politécnica Salesiana)","2026-07-15 00:55:06.402943+00"
37,"oai:revistas.ups.edu.ec:article/8052","Localización de robots basada en red neural utilizando características visuales","Este artículo presenta el desarrollo de un módulo que puede desarrollar un algoritmo de construcción de mapas mediante odometría inercial y características visuales. Utiliza un módulo de reconocimiento de objetos basado en características locales y redes neuronales artificiales no supervisadas para conocer elementos no dinámicos en una habitación y asignarles una posición. El mapa está representado por una red neuronal donde cada neurona corresponde a una posición absoluta en la habitación. Una vez construido el mapa, basta con capturar un par de imágenes del entorno para estimar la ubicación del robot. Los experimentos se realizaron mediante simulación y utilizando un robot real. Se utilizó el entorno Webots con el robot humanoide virtual NAO para realizar las simulaciones. Al mismo tiempo, se obtuvieron resultados utilizando un robot NAO real en un escenario con diversos objetos. Los resultados muestran una buena precisión en la localización dentro de los mapas bidimensionales de ±(0,06, 0,1)m en simulación en contraste con el entorno natural; el mejor valor obtenido fue ±(0,25, 0,16)m.","Este artículo presenta el desarrollo de un módulo que puede desarrollar un algoritmo de construcción de mapas mediante odometría inercial y características visuales. Utiliza un módulo de reconocimiento de objetos basado en características locales y redes neuronales artificiales no supervisadas para conocer elementos no dinámicos en una habitación y asignarles una posición. El mapa está representado por una red neuronal donde cada neurona corresponde a una posición absoluta en la habitación. Una vez construido el mapa, basta con capturar un par de imágenes del entorno para estimar la ubicación del robot. Los experimentos se realizaron mediante simulación y utilizando un robot real. Se utilizó el entorno Webots con el robot humanoide virtual NAO para realizar las simulaciones. Al mismo tiempo, se obtuvieron resultados utilizando un robot NAO real en un escenario con diversos objetos. Los resultados muestran una buena precisión en la localización dentro de los mapas bidimensionales de ±(0,06, 0,1)m en simulación en contraste con el entorno natural; el mejor valor obtenido fue ±(0,25, 0,16)m.","https://revistas.ups.edu.ec/index.php/ingenius/article/view/8052","https://revistas.ups.edu.ec/index.php/ingenius/article/view/8052/8710","2024-10-07",,,,"Universidad Politécnica Salesiana",,,"JournalArticle","JournalArticle","Ingenius (U. Politécnica Salesiana)","2026-07-15 00:55:06.402943+00"
38,"oai:revistas.ups.edu.ec:article/8054","Arquitectura de IoT para el Monitoreo de Emisiones de Gases Contaminantes de Vehículos y su Validación a través de Machine Learning","Este estudio propone una arquitectura IoT para el monitoreo de emisiones de gases contaminantes en vehículos, en respuesta a la creciente preocupación por la contaminación del aire y el calentamiento global. La arquitectura se basa en un nodo equipado con sensores DHT22, MQ9 y MQ135 para capturar la temperatura, humedad y emisiones de gases, mismo que se comunica de manera efectiva a través de la red LTE para enviar los datos a la plataforma ThingSpeak. Se lleva a cabo un análisis de los niveles de contaminación de CO2, CO y CH4 mediante los datos recopilados. Estos datos se validan mediante la revisión técnica de un vehículo de prueba. Posterior, se entrena una red neural artificial (ANN) utilizando una base de datos específica de emisiones de CO2 de vehículos en Canadá, como resultado se obtiene un R2 alto de 99.2% y los valores de RMSE y MSE bajos, esto indican que el modelo está haciendo predicciones precisas y se ajusta bien a los datos de entrenamiento. La ANN tiene como objetivo predecir las emisiones de CO2 y verificar los datos de CO2 provenientes de la red IoT. La arquitectura demuestra su capacidad para el monitoreo en tiempo real y su potencial para contribuir a la reducción de la contaminación.","Este estudio propone una arquitectura IoT para el monitoreo de emisiones de gases contaminantes en vehículos, en respuesta a la creciente preocupación por la contaminación del aire y el calentamiento global. La arquitectura se basa en un nodo equipado con sensores DHT22, MQ9 y MQ135 para capturar la temperatura, humedad y emisiones de gases, mismo que se comunica de manera efectiva a través de la red LTE para enviar los datos a la plataforma ThingSpeak. Se lleva a cabo un análisis de los niveles de contaminación de CO2, CO y CH4 mediante los datos recopilados. Estos datos se validan mediante la revisión técnica de un vehículo de prueba. Posterior, se entrena una red neural artificial (ANN) utilizando una base de datos específica de emisiones de CO2 de vehículos en Canadá, como resultado se obtiene un R2 alto de 99.2% y los valores de RMSE y MSE bajos, esto indican que el modelo está haciendo predicciones precisas y se ajusta bien a los datos de entrenamiento. La ANN tiene como objetivo predecir las emisiones de CO2 y verificar los datos de CO2 provenientes de la red IoT. La arquitectura demuestra su capacidad para el monitoreo en tiempo real y su potencial para contribuir a la reducción de la contaminación.","https://revistas.ups.edu.ec/index.php/ingenius/article/view/8054","https://revistas.ups.edu.ec/index.php/ingenius/article/view/8054/8670","2024-10-07",,,,"Universidad Politécnica Salesiana",,,"JournalArticle","JournalArticle","Ingenius (U. Politécnica Salesiana)","2026-07-15 00:55:06.402943+00"
39,"oai:revistas.ups.edu.ec:article/8646","Cuentacuentos basado en IA generativa para promover la inclusión de personas con discapacidades","En este artículo se presenta el diseño completo y la evaluación de un sistema cuentacuentos digital destinado a niños de entre 4 y 6 años en Latinoamérica. Este sistema está basado en inteligencia artificial generativa.
Se realizaron pruebas que abarcaron el funcionamiento del sistema, la diversidad de contenidos, los tiempos de generación, la evaluación de voz, entonación, velocidad y calidad de pronunciación. Los resultados confirman que el sistema funciona correctamente y es intuitivo. Las historias generadas muestran un alto grado de diversidad, ya que al calcular los índices de Jaccard, el valor máximo encontrado fue de 0.2 en las evaluaciones de 30 cuentos analizados; como era de esperarse, los tiempos de generación aumentan conforme se incrementa la longitud de cuentos. Se identificó que la voz que mejor se adapta para contar los cuentos es Onyx de la TTS de OpenAI. Sin embargo, se observaron errores de pronunciación en todas las voces del modelo TTS.
De acuerdo con el análisis realizado, el sistema crea historias diferentes, que promueven valores en los niños de habla hispana, fomentando la importancia de la inclusión de personas con capacidades diferentes. Cabe destacar que en ningún cuento se encontró contenido no apto para niños.","En este artículo se presenta el diseño completo y la evaluación de un sistema cuentacuentos digital destinado a niños de entre 4 y 6 años en Latinoamérica. Este sistema está basado en inteligencia artificial generativa.
Se realizaron pruebas que abarcaron el funcionamiento del sistema, la diversidad de contenidos, los tiempos de generación, la evaluación de voz, entonación, velocidad y calidad de pronunciación. Los resultados confirman que el sistema funciona correctamente y es intuitivo. Las historias generadas muestran un alto grado de diversidad, ya que al calcular los índices de Jaccard, el valor máximo encontrado fue de 0.2 en las evaluaciones de 30 cuentos analizados; como era de esperarse, los tiempos de generación aumentan conforme se incrementa la longitud de cuentos. Se identificó que la voz que mejor se adapta para contar los cuentos es Onyx de la TTS de OpenAI. Sin embargo, se observaron errores de pronunciación en todas las voces del modelo TTS.
De acuerdo con el análisis realizado, el sistema crea historias diferentes, que promueven valores en los niños de habla hispana, fomentando la importancia de la inclusión de personas con capacidades diferentes. Cabe destacar que en ningún cuento se encontró contenido no apto para niños.","https://revistas.ups.edu.ec/index.php/ingenius/article/view/8646","https://revistas.ups.edu.ec/index.php/ingenius/article/view/8646/8720","2024-10-07",,,,"Universidad Politécnica Salesiana",,,"JournalArticle","JournalArticle","Ingenius (U. Politécnica Salesiana)","2026-07-15 00:55:06.402943+00"
40,"oai:revistas.ups.edu.ec:article/8846","Redes neuronales convolucionales para detección de retinopatía diabetica","La detección temprana de la retinopatía diabética representa un desafío crítico en el diagnóstico médico, donde el aprendizaje profundo dentro del campo de la inteligencia artificial emerge como una herramienta prometedora para optimizar la identificación de patrones patológicos en imágenes retinales. Este estudio evaluó comparativamente tres arquitecturas de redes neuronales convolucionales ResNet-18, ResNet-50 y una CNN personalizada o no-preentrenada para clasificar imágenes de retinopatía diabética en un conjunto de datos de imágenes agrupadas en cinco categorías, revelando diferencias significativas en su capacidad para aprender y generalizar. Los resultados demostraron que la arquitectura de red neuronal convolucional no-preentrenada superó consistentemente a los modelos preentrenados basados en ResNet-18 y ResNet-50, alcanzando una precisión del 91 % y una notable estabilidad en la clasificación. Mientras ResNet-18 mostró limitaciones severas, degradándose de un 70 % a un 26 % de precisión, y ResNet-50 requirió ajustes para mejorar su rendimiento, la CNN no preentrenada exhibió una capacidad sobresaliente para manejar el desbalance de clases y capturar patrones diagnósticos complejos. El estudio subraya la importancia de diseñar arquitecturas específicamente adaptadas a problemas médicos, destacando que la complejidad no garantiza necesariamente un mejor desempeño, y que un diseño cuidadoso puede superar modelos preentrenados en tareas de diagnóstico por imagen cuando la cantidad de datos con que se cuenta es limitada.","La detección temprana de la retinopatía diabética representa un desafío crítico en el diagnóstico médico, donde el aprendizaje profundo dentro del campo de la inteligencia artificial emerge como una herramienta prometedora para optimizar la identificación de patrones patológicos en imágenes retinales. Este estudio evaluó comparativamente tres arquitecturas de redes neuronales convolucionales ResNet-18, ResNet-50 y una CNN personalizada o no-preentrenada para clasificar imágenes de retinopatía diabética en un conjunto de datos de imágenes agrupadas en cinco categorías, revelando diferencias significativas en su capacidad para aprender y generalizar. Los resultados demostraron que la arquitectura de red neuronal convolucional no-preentrenada superó consistentemente a los modelos preentrenados basados en ResNet-18 y ResNet-50, alcanzando una precisión del 91 % y una notable estabilidad en la clasificación. Mientras ResNet-18 mostró limitaciones severas, degradándose de un 70 % a un 26 % de precisión, y ResNet-50 requirió ajustes para mejorar su rendimiento, la CNN no preentrenada exhibió una capacidad sobresaliente para manejar el desbalance de clases y capturar patrones diagnósticos complejos. El estudio subraya la importancia de diseñar arquitecturas específicamente adaptadas a problemas médicos, destacando que la complejidad no garantiza necesariamente un mejor desempeño, y que un diseño cuidadoso puede superar modelos preentrenados en tareas de diagnóstico por imagen cuando la cantidad de datos con que se cuenta es limitada.","https://revistas.ups.edu.ec/index.php/ingenius/article/view/8846","https://revistas.ups.edu.ec/index.php/ingenius/article/view/8846/9373","2025-03-12",,,,"Universidad Politécnica Salesiana",,,"JournalArticle","JournalArticle","Ingenius (U. Politécnica Salesiana)","2026-07-15 00:55:06.402943+00"
41,"oai:revistas.ups.edu.ec:article/9310","Exploración de modelos generativos profundos para una mejor generación de datos en la miocardiopatía hipertrófica","Las estrategias de generación de datos son fundamentales para superar el desafío de los datos de entrenamiento limitados en el análisis de imágenes médicas basado en aprendizaje profundo, en particular para la miocardiopatía hipertrófica (HCM) mediante resonancia magnética (MRI). A diferencia de los métodos de aumento tradicionales, los modelos generativos profundos pueden sintetizar imágenes de MRI novedosas y diversas. Este estudio evalúa múltiples modelos generativos: autocodificadores variacionales (VAE), redes generativas adversarias (GAN), GAN convolucionales profundas (DCGAN), GAN con clasificador auxiliar (ACGAN), InfoGAN y modelos de difusión, utilizando el índice de similitud estructural (SSIM) y el coeficiente de correlación cruzada (CC) para evaluar la calidad de imagen y la fidelidad estructural. Si bien los VAE mostraron limitaciones como el ruido y la borrosidad, los modelos basados en GAN, especialmente DCGAN y ACGAN, produjeron imágenes de mayor calidad y precisión anatómica. Los modelos de difusión lograron la mayor fidelidad de imagen, aunque a expensas de tiempos de generación más prolongados. Estos resultados destacan la compensación entre la calidad de imagen y la eficiencia computacional, y demuestran el potencial de los modelos generativos para ampliar los conjuntos de datos de MRI, mejorando así las aplicaciones de aprendizaje profundo para el diagnóstico de HCM.","Las estrategias de generación de datos son fundamentales para superar el desafío de los datos de entrenamiento limitados en el análisis de imágenes médicas basado en aprendizaje profundo, en particular para la miocardiopatía hipertrófica (HCM) mediante resonancia magnética (MRI). A diferencia de los métodos de aumento tradicionales, los modelos generativos profundos pueden sintetizar imágenes de MRI novedosas y diversas. Este estudio evalúa múltiples modelos generativos: autocodificadores variacionales (VAE), redes generativas adversarias (GAN), GAN convolucionales profundas (DCGAN), GAN con clasificador auxiliar (ACGAN), InfoGAN y modelos de difusión, utilizando el índice de similitud estructural (SSIM) y el coeficiente de correlación cruzada (CC) para evaluar la calidad de imagen y la fidelidad estructural. Si bien los VAE mostraron limitaciones como el ruido y la borrosidad, los modelos basados en GAN, especialmente DCGAN y ACGAN, produjeron imágenes de mayor calidad y precisión anatómica. Los modelos de difusión lograron la mayor fidelidad de imagen, aunque a expensas de tiempos de generación más prolongados. Estos resultados destacan la compensación entre la calidad de imagen y la eficiencia computacional, y demuestran el potencial de los modelos generativos para ampliar los conjuntos de datos de MRI, mejorando así las aplicaciones de aprendizaje profundo para el diagnóstico de HCM.","https://revistas.ups.edu.ec/index.php/ingenius/article/view/9310","https://revistas.ups.edu.ec/index.php/ingenius/article/view/9310/10057","2025-10-13",,,,"Universidad Politécnica Salesiana",,,"JournalArticle","JournalArticle","Ingenius (U. Politécnica Salesiana)","2026-07-15 00:55:06.402943+00"
42,"oai:revistas.ups.edu.ec:article/9557","Una evaluación integral de las técnicas de ia para predecir el índice de calidad del aire: RNN y transformers","Este estudio evalúa la eficacia de las redes neuronales recurrentes (RNN) y los modelos basados en transformadores para predecir el índice de calidad del aire (ICA). La investigación compara los modelos RNN tradicionales, incluidos los de memoria a corto y largo plazo (LSTM) y la unidad recurrente controlada (GRU), con arquitecturas avanzadas de transformadores. El estudio utiliza datos de una estación meteorológica en Cuenca, Ecuador, centrándose en contaminantes como CO, NO2, O3, PM2.5 y SO2. Para evaluar el rendimiento de los modelos, se utilizaron métricas clave como el error cuadrático medio (RMSE), el error absoluto medio (MAE) y el coeficiente de determinación (R2). Los resultados del estudio muestran que el modelo LSTM fue el más preciso, alcanzando un R2 de 0,701, un RMSE de 0,087 y un MAE de 0,056. Esto lo convierte en la mejor opción para capturar dependencias temporales en los datos de series temporales complejas. En comparación, los modelos basados en transformadores demostraron tener potencial, pero no lograron la misma precisión que los modelos LSTM, especialmente en datos temporales más complicados. El estudio concluye que el LSTM es más eficaz en la predicción del ICA, equilibrando tanto la precisión como la eficiencia computacional, o que podría ayudar en intervenciones para mitigar la contaminación del aire.","Este estudio evalúa la eficacia de las redes neuronales recurrentes (RNN) y los modelos basados en transformadores para predecir el índice de calidad del aire (ICA). La investigación compara los modelos RNN tradicionales, incluidos los de memoria a corto y largo plazo (LSTM) y la unidad recurrente controlada (GRU), con arquitecturas avanzadas de transformadores. El estudio utiliza datos de una estación meteorológica en Cuenca, Ecuador, centrándose en contaminantes como CO, NO2, O3, PM2.5 y SO2. Para evaluar el rendimiento de los modelos, se utilizaron métricas clave como el error cuadrático medio (RMSE), el error absoluto medio (MAE) y el coeficiente de determinación (R2). Los resultados del estudio muestran que el modelo LSTM fue el más preciso, alcanzando un R2 de 0,701, un RMSE de 0,087 y un MAE de 0,056. Esto lo convierte en la mejor opción para capturar dependencias temporales en los datos de series temporales complejas. En comparación, los modelos basados en transformadores demostraron tener potencial, pero no lograron la misma precisión que los modelos LSTM, especialmente en datos temporales más complicados. El estudio concluye que el LSTM es más eficaz en la predicción del ICA, equilibrando tanto la precisión como la eficiencia computacional, o que podría ayudar en intervenciones para mitigar la contaminación del aire.","https://revistas.ups.edu.ec/index.php/ingenius/article/view/9557","https://revistas.ups.edu.ec/index.php/ingenius/article/view/9557/9363","2025-03-12",,,,"Universidad Politécnica Salesiana",,,"JournalArticle","JournalArticle","Ingenius (U. Politécnica Salesiana)","2026-07-15 00:55:06.402943+00"
43,"oai:revistas.ups.edu.ec:article/10253","Optimización de la computación humana multitud con IUI adaptables para obtener escalabilidad y explicación","Las interfaces de usuario inteligentes (IUI) representan un enfoque transformador para mejorar la computación colectiva y la computación humana, mediante la optimización en la distribución de tareas, el fortalecimiento de la colaboración entre humanos e inteligencia artificial (IA) y la garantía de la seguridad de los datos. Este estudio presenta un análisis basado en estudios de caso sobre una IUI adaptativa diseñada para mejorar la escalabilidad, el compromiso de los usuarios y la precisión en la resolución de problemas a gran escala mediante crowdsourcing. A través del examen de tres plataformas clave —Amazon Mechanical Turk (MTurk), Zooniverse (plataforma de ciencia ciudadana) y un análisis de análisis de imágenes médicas asistido por IA en el ámbito de la salud pública— se evalúa el impacto de la asignación dinámica de tareas, la inteligencia artificial explicable (XAI) y la gamificación sobre la participación de los usuarios y el rendimiento en las tareas. Los resultados indican que las IUI adaptativas mejoran la precisión de las tareas de acuerdo con el nivel de habilidad del usuario, reducen el tiempo de ejecución a medida que los participantes adquieren experiencia y aumentan la retención de voluntarios gracias a los mecanismos de gamificación. Asimismo, la integración de XAI en el diagnóstico médico asistido por IA incrementa de manera significativa tanto los niveles de confianza como la precisión diagnóstica. Estos hallazgos evidencian la escalabilidad, adaptabilidad y eficacia de las IUI en el campo de la computación humana, y ofrecen un marco de referencia para futuros avances en la optimización de tareas y la explicabilidad de los sistemas inteligentes.","Las interfaces de usuario inteligentes (IUI) representan un enfoque transformador para mejorar la computación colectiva y la computación humana, mediante la optimización en la distribución de tareas, el fortalecimiento de la colaboración entre humanos e inteligencia artificial (IA) y la garantía de la seguridad de los datos. Este estudio presenta un análisis basado en estudios de caso sobre una IUI adaptativa diseñada para mejorar la escalabilidad, el compromiso de los usuarios y la precisión en la resolución de problemas a gran escala mediante crowdsourcing. A través del examen de tres plataformas clave —Amazon Mechanical Turk (MTurk), Zooniverse (plataforma de ciencia ciudadana) y un análisis de análisis de imágenes médicas asistido por IA en el ámbito de la salud pública— se evalúa el impacto de la asignación dinámica de tareas, la inteligencia artificial explicable (XAI) y la gamificación sobre la participación de los usuarios y el rendimiento en las tareas. Los resultados indican que las IUI adaptativas mejoran la precisión de las tareas de acuerdo con el nivel de habilidad del usuario, reducen el tiempo de ejecución a medida que los participantes adquieren experiencia y aumentan la retención de voluntarios gracias a los mecanismos de gamificación. Asimismo, la integración de XAI en el diagnóstico médico asistido por IA incrementa de manera significativa tanto los niveles de confianza como la precisión diagnóstica. Estos hallazgos evidencian la escalabilidad, adaptabilidad y eficacia de las IUI en el campo de la computación humana, y ofrecen un marco de referencia para futuros avances en la optimización de tareas y la explicabilidad de los sistemas inteligentes.","https://revistas.ups.edu.ec/index.php/ingenius/article/view/10253","https://revistas.ups.edu.ec/index.php/ingenius/article/view/10253/10255","2026-01-16",,,,"Universidad Politécnica Salesiana",,,"JournalArticle","JournalArticle","Ingenius (U. Politécnica Salesiana)","2026-07-15 00:55:06.402943+00"
44,"oai:revistas.ups.edu.ec:article/10377","Avances en el análisis computacional para la optimización de motores a reacción: una revisión de CFD, análisis estructural y enfoques multidisciplinarios","La evolución de la tecnología de los motores a reacción ha estado profundamente influenciada por los avances en el análisis computacional, especialmente en la dinámica de fluidos computacional (CFD), el análisis estructural y la optimización multidisciplinaria. Esta revisión aborda las técnicas computacionales de vanguardia aplicadas al estudio de motores a reacción, resaltando sus aplicaciones, beneficios y desafíos. La CFD se ha consolidado como una herramienta esencial que permite simulaciones detalladas de los complejos procesos aerodinámicos y de combustión. Métodos como las simulaciones de grandes remolinos (LES) y las simulaciones numéricas directas (DNS) han permitido comprender con mayor profundidad la turbulencia y la dinámica de la combustión, mejorando la eficiencia y reduciendo las emisiones. No obstante, estas simulaciones de alta fidelidad demandan un elevado costo computacional, lo que ha impulsado el desarrollo de algoritmos más eficientes y el uso de recursos de cómputo de alto rendimiento. La integración del análisis estructural con las simulaciones aerodinámicas ha facilitado el diseño de componentes capaces de soportar condiciones extremas, aumentando la fiabilidad y seguridad del motor. Los marcos de optimización de diseño multidisciplinario (MDO) han transformado el diseño al evaluar simultáneamente múltiples métricas de rendimiento, logrando configuraciones equilibradas entre eficiencia, peso y durabilidad. Pese a estos avances, persisten retos en el modelado de fenómenos complejos, como las inestabilidades de combustión y el comportamiento de materiales a altas temperaturas. La incorporación del aprendizaje automático ofrece soluciones prometedoras, orientadas hacia sistemas de propulsión más eficientes, confiables y sostenibles.","La evolución de la tecnología de los motores a reacción ha estado profundamente influenciada por los avances en el análisis computacional, especialmente en la dinámica de fluidos computacional (CFD), el análisis estructural y la optimización multidisciplinaria. Esta revisión aborda las técnicas computacionales de vanguardia aplicadas al estudio de motores a reacción, resaltando sus aplicaciones, beneficios y desafíos. La CFD se ha consolidado como una herramienta esencial que permite simulaciones detalladas de los complejos procesos aerodinámicos y de combustión. Métodos como las simulaciones de grandes remolinos (LES) y las simulaciones numéricas directas (DNS) han permitido comprender con mayor profundidad la turbulencia y la dinámica de la combustión, mejorando la eficiencia y reduciendo las emisiones. No obstante, estas simulaciones de alta fidelidad demandan un elevado costo computacional, lo que ha impulsado el desarrollo de algoritmos más eficientes y el uso de recursos de cómputo de alto rendimiento. La integración del análisis estructural con las simulaciones aerodinámicas ha facilitado el diseño de componentes capaces de soportar condiciones extremas, aumentando la fiabilidad y seguridad del motor. Los marcos de optimización de diseño multidisciplinario (MDO) han transformado el diseño al evaluar simultáneamente múltiples métricas de rendimiento, logrando configuraciones equilibradas entre eficiencia, peso y durabilidad. Pese a estos avances, persisten retos en el modelado de fenómenos complejos, como las inestabilidades de combustión y el comportamiento de materiales a altas temperaturas. La incorporación del aprendizaje automático ofrece soluciones prometedoras, orientadas hacia sistemas de propulsión más eficientes, confiables y sostenibles.","https://revistas.ups.edu.ec/index.php/ingenius/article/view/10377","https://revistas.ups.edu.ec/index.php/ingenius/article/view/10377/10241","2026-01-15",,,,"Universidad Politécnica Salesiana",,,"JournalArticle","JournalArticle","Ingenius (U. Politécnica Salesiana)","2026-07-15 00:55:06.402943+00"
45,"oai:revistas.ups.edu.ec:article/10552","Clasificación de fracturas en extremidades superiores con aprendizaje profundo","La identificación precisa de fracturas en las extremidades superiores es fundamental para un diagnóstico oportuno en los entornos de urgencias médicas. Este estudio analiza y compara el desempeño de tres modelos de aprendizaje profundo preentrenados: EfficientNet-B4, ResNet-50 y ConvNeXt-Large, aplicados a la clasificación automática de fracturas óseas en radiografías del repositorio MURA, distribuidas en siete regiones anatómicas. Se aplicaron técnicas avanzadas de preprocesamiento digital, como Unsharp Masking y CLAHE, junto con estrategias de normalización y balanceo de datos. El entrenamiento se llevó a cabo en dos experimentos: uno binario, que clasifica entre “fractura” y “no fractura”, y otro multiclase, con catorce tipos de fracturas identificadas. La evaluación, mediante métricas como F1-Score, sensibilidad, exactitud y curvas ROC-AUC, reveló que ConvNeXt-Large alcanzó el mejor rendimiento, logrando una precisión del 99,0 % en clasificación binaria y del 99,4 % en la clasificación multiclase. Estos resultados posicionan a ConvNeXt-Large como una herramienta altamente prometedora para apoyar el diagnóstico temprano de fracturas óseas.","La identificación precisa de fracturas en las extremidades superiores es fundamental para un diagnóstico oportuno en los entornos de urgencias médicas. Este estudio analiza y compara el desempeño de tres modelos de aprendizaje profundo preentrenados: EfficientNet-B4, ResNet-50 y ConvNeXt-Large, aplicados a la clasificación automática de fracturas óseas en radiografías del repositorio MURA, distribuidas en siete regiones anatómicas. Se aplicaron técnicas avanzadas de preprocesamiento digital, como Unsharp Masking y CLAHE, junto con estrategias de normalización y balanceo de datos. El entrenamiento se llevó a cabo en dos experimentos: uno binario, que clasifica entre “fractura” y “no fractura”, y otro multiclase, con catorce tipos de fracturas identificadas. La evaluación, mediante métricas como F1-Score, sensibilidad, exactitud y curvas ROC-AUC, reveló que ConvNeXt-Large alcanzó el mejor rendimiento, logrando una precisión del 99,0 % en clasificación binaria y del 99,4 % en la clasificación multiclase. Estos resultados posicionan a ConvNeXt-Large como una herramienta altamente prometedora para apoyar el diagnóstico temprano de fracturas óseas.","https://revistas.ups.edu.ec/index.php/ingenius/article/view/10552","https://revistas.ups.edu.ec/index.php/ingenius/article/view/10552/10237","2026-01-14",,,,"Universidad Politécnica Salesiana",,,"JournalArticle","JournalArticle","Ingenius (U. Politécnica Salesiana)","2026-07-15 00:55:06.402943+00"
46,"oai:revistas.ups.edu.ec:article/10648","Estimación de emisiones por fallos en motores Otto mediante redes neuronales convolucionales","En este estudio se implementa una técnica de aprendizaje automático, concretamente redes neuronales convolucionales (CNN, por sus siglas en inglés), con el objetivo de predecir las emisiones contaminantes producidas por fallos en actuadores y componentes de motores Otto. Así pues, el problema de investigación abordado en este trabajo es la ausencia de métodos no intrusivos que, a partir de señales ya disponibles en el vehículo, permitan estimar con alta precisión las emisiones asociadas a fallas en sistemas de inyección, encendido y admisión de aire. Se cuantifican los niveles de CO (monóxido de carbono, %), CO2 (dióxido de carbono, %), HC (hidrocarburos no quemados en ppm) y O2 (oxígeno, %) a partir del análisis de la señal proveniente del sensor MAP (Manifold Absolute Pressure). Para ello, se adopta un protocolo riguroso de muestreo y procesamiento de la señal. La extracción de características óptimas del sensor MAP se basa en su relevancia informativa y capacidad de discriminación, determinadas mediante la transformación espectrográfica de la señal, lo que permite construir una base de datos robusta. Esta base sirve como entrada eficaz para el entrenamiento de la CNN, con la cual se logra un error de predicción inferior al 1 %.","En este estudio se implementa una técnica de aprendizaje automático, concretamente redes neuronales convolucionales (CNN, por sus siglas en inglés), con el objetivo de predecir las emisiones contaminantes producidas por fallos en actuadores y componentes de motores Otto. Así pues, el problema de investigación abordado en este trabajo es la ausencia de métodos no intrusivos que, a partir de señales ya disponibles en el vehículo, permitan estimar con alta precisión las emisiones asociadas a fallas en sistemas de inyección, encendido y admisión de aire. Se cuantifican los niveles de CO (monóxido de carbono, %), CO2 (dióxido de carbono, %), HC (hidrocarburos no quemados en ppm) y O2 (oxígeno, %) a partir del análisis de la señal proveniente del sensor MAP (Manifold Absolute Pressure). Para ello, se adopta un protocolo riguroso de muestreo y procesamiento de la señal. La extracción de características óptimas del sensor MAP se basa en su relevancia informativa y capacidad de discriminación, determinadas mediante la transformación espectrográfica de la señal, lo que permite construir una base de datos robusta. Esta base sirve como entrada eficaz para el entrenamiento de la CNN, con la cual se logra un error de predicción inferior al 1 %.","https://revistas.ups.edu.ec/index.php/ingenius/article/view/10648","https://revistas.ups.edu.ec/index.php/ingenius/article/view/10648/10267","2026-01-28",,,,"Universidad Politécnica Salesiana",,,"JournalArticle","JournalArticle","Ingenius (U. Politécnica Salesiana)","2026-07-15 00:55:06.402943+00"
47,"oai:revistas.ups.edu.ec:article/11077","Mejorando la segmentación semántica para la accesibilidad urbana mediante datos sintéticos de alta fidelidad","La segmentación semántica de escenas urbanas es un componente clave para el desarrollo de ciudades inteligentes; sin embargo, su efectividad depende de grandes volúmenes de datos anotados a nivel de píxel, los cuales son costosos y especialmente escasos en clases críticas relacionadas con la accesibilidad y la movilidad asistida. Este trabajo tiene como objetivo mejorar la segmentación semántica para aplicaciones de accesibilidad urbana mediante el uso de datos sintéticos. La metodología propuesta integra la generación de datos sintéticos hiperrealistas utilizando Unreal Engine 5.1, el procesamiento automático de máscaras semánticas con etiquetas perfectas y el entrenamiento de modelos de segmentación de referencia. Se generaron 5036 imágenes anotadas en 22 clases, incluyendo aceras, sillas de ruedas y bastones. Se evaluaron dos arquitecturas de segmentación: una U-Net básica y DeepLabv3+ con módulos ASPP. El preentrenamiento con datos sintéticos incrementó el mIoU global de 0.0626 a 0.84, lo que representa una mejora de 13.4x, y produjo aumentos significativos en precisión, recall y F1-score (aproximadamente 6.8x, 9.3x y 10.4x, respectivamente). En clases críticas para la accesibilidad, se alcanzó un IoU de 0.94 para sillas de ruedas motorizadas y un recall de 0.98 para aceras. En total, las 22 clases superaron el umbral operativo de despliegue (IoU ≥ 0.75). Estos resultados demuestran que la incorporación de datos sintéticos, junto con estrategias de entrenamiento sensibles al desbalance de clases, constituye una solución efectiva y escalable para el desarrollo de sistemas robustos de segmentación semántica orientados a la accesibilidad urbana.","La segmentación semántica de escenas urbanas es un componente clave para el desarrollo de ciudades inteligentes; sin embargo, su efectividad depende de grandes volúmenes de datos anotados a nivel de píxel, los cuales son costosos y especialmente escasos en clases críticas relacionadas con la accesibilidad y la movilidad asistida. Este trabajo tiene como objetivo mejorar la segmentación semántica para aplicaciones de accesibilidad urbana mediante el uso de datos sintéticos. La metodología propuesta integra la generación de datos sintéticos hiperrealistas utilizando Unreal Engine 5.1, el procesamiento automático de máscaras semánticas con etiquetas perfectas y el entrenamiento de modelos de segmentación de referencia. Se generaron 5036 imágenes anotadas en 22 clases, incluyendo aceras, sillas de ruedas y bastones. Se evaluaron dos arquitecturas de segmentación: una U-Net básica y DeepLabv3+ con módulos ASPP. El preentrenamiento con datos sintéticos incrementó el mIoU global de 0.0626 a 0.84, lo que representa una mejora de 13.4x, y produjo aumentos significativos en precisión, recall y F1-score (aproximadamente 6.8x, 9.3x y 10.4x, respectivamente). En clases críticas para la accesibilidad, se alcanzó un IoU de 0.94 para sillas de ruedas motorizadas y un recall de 0.98 para aceras. En total, las 22 clases superaron el umbral operativo de despliegue (IoU ≥ 0.75). Estos resultados demuestran que la incorporación de datos sintéticos, junto con estrategias de entrenamiento sensibles al desbalance de clases, constituye una solución efectiva y escalable para el desarrollo de sistemas robustos de segmentación semántica orientados a la accesibilidad urbana.","https://revistas.ups.edu.ec/index.php/ingenius/article/view/11077","https://revistas.ups.edu.ec/index.php/ingenius/article/view/11077/10286","2026-01-30",,,,"Universidad Politécnica Salesiana",,,"JournalArticle","JournalArticle","Ingenius (U. Politécnica Salesiana)","2026-07-15 00:55:06.402943+00"
48,"oai:revistas.ups.edu.ec:article/11209","Swin Transformer V2 para clasificación de café lojano","Esta investigación presenta un modelo de clasificación binaria para granos de café verde de la variedad arábico procedentes de la región de Loja, Ecuador, basado en la arquitectura Swin Transformer V2. Se emplearon dos fuentes de datos, el conjunto de datos público USK-Coffee, de origen indonesio, y un conjunto de datos propio capturado bajo condiciones controladas. Se evaluaron dos estrategias de entrenamiento: transferencia secuencial y entrenamiento unificado, siendo este último el que alcanzó una precisión de validación del 98,30 %. Tras la optimización de hiperparámetros, el modelo logró una precisión del 100 % en un conjunto de prueba de 150 imágenes y del 93 % en un conjunto de generalización externo de 400 imágenes con condiciones variables de iluminación y fondo. La interpretabilidad del modelo se validó mediante Grad-CAM, evidenciando que la red enfoca su atención en zonas defectuosas reales. Un análisis de ablación mostró que la disminución de rendimiento en escenarios no controlados se debe principalmente a la sensibilidad al ruido y a la iluminación extrema. Como principales aportes, se destaca la creación de un conjunto de datos especializado y un modelo eficiente para la clasificación automática de café verde arábico.","Esta investigación presenta un modelo de clasificación binaria para granos de café verde de la variedad arábico procedentes de la región de Loja, Ecuador, basado en la arquitectura Swin Transformer V2. Se emplearon dos fuentes de datos, el conjunto de datos público USK-Coffee, de origen indonesio, y un conjunto de datos propio capturado bajo condiciones controladas. Se evaluaron dos estrategias de entrenamiento: transferencia secuencial y entrenamiento unificado, siendo este último el que alcanzó una precisión de validación del 98,30 %. Tras la optimización de hiperparámetros, el modelo logró una precisión del 100 % en un conjunto de prueba de 150 imágenes y del 93 % en un conjunto de generalización externo de 400 imágenes con condiciones variables de iluminación y fondo. La interpretabilidad del modelo se validó mediante Grad-CAM, evidenciando que la red enfoca su atención en zonas defectuosas reales. Un análisis de ablación mostró que la disminución de rendimiento en escenarios no controlados se debe principalmente a la sensibilidad al ruido y a la iluminación extrema. Como principales aportes, se destaca la creación de un conjunto de datos especializado y un modelo eficiente para la clasificación automática de café verde arábico.","https://revistas.ups.edu.ec/index.php/ingenius/article/view/11209","https://revistas.ups.edu.ec/index.php/ingenius/article/view/11209/10290","2026-02-02",,,,"Universidad Politécnica Salesiana",,,"JournalArticle","JournalArticle","Ingenius (U. Politécnica Salesiana)","2026-07-15 00:55:06.402943+00"
49,"oai:revistas.ups.edu.ec:article/11522","Clasificación automática de reclamos eléctricos mediante árboles de decisión y random forest: un estudio aplicado a CNEL EP","Este estudio presenta un sistema de clasificación automática destinado a priorizar reclamos eléctricos en CNEL EP. Para ello se procesaron 143 113 registros reales, incluyendo limpieza de datos, imputación de valores faltantes y la creación de variables predictivas relacionadas con la urgencia y la recurrencia de los reclamos. A partir de estos criterios se construyó la variable objetivo “prioridad”, que permite distinguir entre reclamos prioritarios y normales. Con esta información se entrenaron modelos de aprendizaje supervisado —árbol de decisión y random forest— aplicando técnicas como one-hot encoding y validación cruzada. El modelo random forest obtuvo los mejores resultados, con una exactitud del 91 % y un AUC-ROC de 0.89. Los resultados muestran que el sistema propuesto puede mejorar significativamente la asignación de recursos técnicos y los tiempos de respuesta ante reclamos eléctricos. Además, demuestra la viabilidad de incorporar técnicas de aprendizaje automático en la gestión operativa de empresas distribuidoras de electricidad, abriendo posibilidades para futuras mejoras y aplicaciones en tiempo real.","Este estudio presenta un sistema de clasificación automática destinado a priorizar reclamos eléctricos en CNEL EP. Para ello se procesaron 143 113 registros reales, incluyendo limpieza de datos, imputación de valores faltantes y la creación de variables predictivas relacionadas con la urgencia y la recurrencia de los reclamos. A partir de estos criterios se construyó la variable objetivo “prioridad”, que permite distinguir entre reclamos prioritarios y normales. Con esta información se entrenaron modelos de aprendizaje supervisado —árbol de decisión y random forest— aplicando técnicas como one-hot encoding y validación cruzada. El modelo random forest obtuvo los mejores resultados, con una exactitud del 91 % y un AUC-ROC de 0.89. Los resultados muestran que el sistema propuesto puede mejorar significativamente la asignación de recursos técnicos y los tiempos de respuesta ante reclamos eléctricos. Además, demuestra la viabilidad de incorporar técnicas de aprendizaje automático en la gestión operativa de empresas distribuidoras de electricidad, abriendo posibilidades para futuras mejoras y aplicaciones en tiempo real.","https://revistas.ups.edu.ec/index.php/ingenius/article/view/11522","https://revistas.ups.edu.ec/index.php/ingenius/article/view/11522/10263","2026-01-28",,,,"Universidad Politécnica Salesiana",,,"JournalArticle","JournalArticle","Ingenius (U. Politécnica Salesiana)","2026-07-15 00:55:06.402943+00"
50,"0ce541e0-fb7f-4ead-86f7-9f092e8b7e15","Data Scraping orientado a Search Engine Optimization (SEO) para mejorar el posicionamiento de páginas web: Caso de estudio laptops en Ecuador","in this research it is proposed to find through machine learning techniques supervised a classification model to identify the factors that influence the degree of adjustment of a website for organic positioning in the search engine google. due to the growing publication of new websites, there has been intense competition for top positions in search engine results. the research starts with a preliminary analysis of similar studies that have been carried out. then as part of collecting information from the selected websites we used web scraping techniques to extract the parameters of each website and categorize them as high seo and low seo depending on the page number of the search engine where it appeared. each of the parameters have different importance, so it is important to establish their influence within the study. later, several classificatory models were implemented and it was determined which model fits the desired results. finally, the selected model will be able to categorize new websites, predicting what type of seo it belongs to (high or low), with the best possible accuracy","In this research it is proposed to find through machine learning techniques supervised a classification model to identify the factors that influence the degree of adjustment of a website for organic positioning in the search engine Google. Due to the growing publication of new websites, there has been intense competition for top positions in search engine results. The research starts with a preliminary analysis of similar studies that have been carried out. Then as part of collecting information from the selected websites we used Web Scraping techniques to extract the parameters of each website and categorize them as high SEO and low SEO depending on the page number of the search engine where it appeared. Each of the parameters have different importance, so it is important to establish their influence within the study. Later, several classificatory models were implemented and it was determined which model fits the desired results. Finally, the selected model will be able to categorize new websites, predicting what type of SEO it belongs to (high or low), with the best possible accuracy","https://www.dspace.uce.edu.ec/handle/25000/31815","https://www.dspace.uce.edu.ec/server/api/core/bitstreams/4d72cf93-2855-43c7-9286-dce0e9de75a6/content","2023-01-01","2023-10-23","2023-10-23","96 páginas","Universidad Central del Ecuador","openAccess","http://creativecommons.org/licenses/by-nc-sa/3.0/ec/","bachelorThesis","Publication",,"2026-07-15 00:55:06.402943+00"
51,"331424e8-f938-4704-9250-e3794ee5970a","Implementación de un sistema informático para el monitoreo de actividades realizadas en el Instituto de Ciencias Básicas, a través de un dispositivo móvil.","hoy en dia, la seguridad se esta convirtiendo en uno de los ejes fundamentales de la sociedad. las tasas crecientes de violencia y la inseguridad se han traducido en una inversion en el crecimiento economico en el sector de la seguridad, mediante la investigacion y el desarrollo de nuevos productos de seguridad, cuya finalidad es prevenir y reducir esas tasas. por otra parte, el auge tecnologico ofrece nuevos dispositivos al publico en general, como los telefonos inteligentes que permite, entre otras cosas, la transmision y recepcion de video. el objetivo principal de este proyecto es la integracion de los dispositivos moviles en un sistema de video vigilancia, de tal forma que un smartphone con un sistema operativo android y conexion a internet, se puede utilizar para visualizar de forma remota y en tiempo real las video-camaras o videos de vigilancia previamente guardados en el servidor. este proyecto describe el diseno de un sistema de video vigilancia, y de sus componentes como video-camaras, servidor de transmision de video, unidad de almacenamiento de datos, dispositivos moviles android; especificando la interaccion entre ellos.","Hoy en día, la seguridad se está convirtiendo en uno de los ejes fundamentales de la sociedad. Las tasas crecientes de violencia y la inseguridad se han traducido en una inversión en el crecimiento económico en el sector de la seguridad, mediante la investigación y el desarrollo de nuevos productos de seguridad, cuya finalidad es prevenir y reducir esas tasas. Por otra parte, el auge tecnológico ofrece nuevos dispositivos al público en general, como los teléfonos inteligentes que permite, entre otras cosas, la transmisión y recepción de video. El objetivo principal de este proyecto es la integración de los dispositivos móviles en un sistema de video vigilancia, de tal forma que un smartphone con un Sistema Operativo Android y conexión a Internet, se puede utilizar para visualizar de forma remota y en tiempo real las video-cámaras o vídeos de vigilancia previamente guardados en el servidor. Este proyecto describe el diseño de un sistema de video vigilancia, y de sus componentes como vídeo-cámaras, servidor de transmisión de vídeo, unidad de almacenamiento de datos, dispositivos móviles Android; especificando la interacción entre ellos.","https://www.dspace.uce.edu.ec/handle/25000/4411","https://www.dspace.uce.edu.ec/server/api/core/bitstreams/fe2d471c-38e3-4c7d-b607-d26ac59853b0/content","2015-01-01","2015-06-29","2015-06-29",,"Universidad Central del Ecuador","openAccess","http://creativecommons.org/licenses/by-nc-sa/3.0/ec/","bachelorThesis","Publication",,"2026-07-15 00:55:06.402943+00"
52,"2a6dddc6-8ad1-4924-a791-1b0bc56bb635","Sistema de análisis de proyecciones y tendencias de consumo de energía a través de machine learning dirigido a la Dirección de Control y Distribución de la Comercialización del Sector Eléctrico","el presente proyecto se enfoco en la implementacion de un modelo de machine learning para mejorar la proyeccion de la demanda electrica dentro de la direccion de control y distribucion de comercializacion del sector electrico (dcdcse), en el marco de la agencia de regulacion de control de energia y recursos naturales no renovables (arcernnr). se compararon diversos algoritmos, incluyendo redes convolucionales, redes neuronales recurrentes lstm y bilstm. la metodologia principal utilizada fue crisp-dm, lo que permitio llevar a cabo un proceso de experimentacion de datos y comprender completamente los objetivos del negocio. se opto por desarrollar un sistema basado en programacion extrema (xp) que permitio implementar los resultados en un sistema web. ademas, en respuesta a los objetivos y requisitos especificos de la direccion, se desarrollo un proceso que permitio a la dcdcse gestionar de manera mas efectiva la informacion recopilada durante este proceso. uno de los aspectos destacados de este proyecto fue la implementacion de un proceso etl en el sistema, disenado para mejorar la recoleccion de datos provenientes de las empresas distribuidoras de energia hacia la dcdcse. para la construccion del modelo y el procesamiento de datos se utilizaron herramientas como python. el proceso etl se llevo a cabo utilizando pentaho, una herramienta especializada en extraccion, transformacion y carga de datos. el sistema en si fue desarrollado utilizando el framework laravel en php. como resultado, el sistema ahora cuenta con un modelo basado en redes convolucionales que ofrece una proyeccion de la demanda de energia electrica.","El presente proyecto se enfocó en la implementación de un modelo de Machine Learning para mejorar la proyección de la demanda eléctrica dentro de la Dirección de Control y Distribución de Comercialización del Sector Eléctrico (DCDCSE), en el marco de la Agencia de Regulación de Control de Energía y Recursos Naturales no Renovables (ARCERNNR). Se compararon diversos algoritmos, incluyendo redes convolucionales, redes neuronales recurrentes LSTM y BiLSTM. La metodología principal utilizada fue CRISP-DM, lo que permitió llevar a cabo un proceso de experimentación de datos y comprender completamente los objetivos del negocio. Se optó por desarrollar un sistema basado en programación extrema (XP) que permitió implementar los resultados en un sistema web. Además, en respuesta a los objetivos y requisitos específicos de la Dirección, se desarrolló un proceso que permitió a la DCDCSE gestionar de manera más efectiva la información recopilada durante este proceso. Uno de los aspectos destacados de este proyecto fue la implementación de un proceso ETL en el sistema, diseñado para mejorar la recolección de datos provenientes de las empresas distribuidoras de energía hacia la DCDCSE. Para la construcción del modelo y el procesamiento de datos se utilizaron herramientas como Python. El proceso ETL se llevó a cabo utilizando Pentaho, una herramienta especializada en extracción, transformación y carga de datos. El sistema en sí fue desarrollado utilizando el framework Laravel en PHP. Como resultado, el sistema ahora cuenta con un modelo basado en redes convolucionales que ofrece una proyección de la demanda de energía eléctrica.","https://www.dspace.uce.edu.ec/handle/25000/32043","https://www.dspace.uce.edu.ec/server/api/core/bitstreams/25f497c1-f82e-43a7-b569-ab0651abea3a/content","2023-01-01","2023-11-23","2023-11-23","89 páginas","Universidad Central del Ecuador",,,"Trabajo de grado - Pregrado","Publication",,"2026-07-15 00:55:06.402943+00"
53,"7b7c1718-5427-4222-8181-777c3f62eae2","Comparación de métodos de aprendizaje para el reconocimiento de platos típicos ecuatorianos.","la inteligencia artificial es de gran importancia en la actualidad, uno de los aspectos en los que se destaca esta disciplina es en el reconocimiento y clasificacion de imagenes mediante redes neuronales convolucionales, hasta el momento, no se han identificado investigaciones que hayan logrado un avance significativo en la integracion del ambito gastronomico y cultural de una sociedad mediante una herramienta de reconocimiento que permita obtener la informacion nutricional e historica de un plato tradicional especifico, ademas de fomentar el turismo inteligente. la presente investigacion se fundamenta en la implementacion y analisis comparativo de rendimientos entre un modelo de aprendizaje profundo personalizado y algunos modelos preentrenados de reconocimiento y clasificacion de imagenes como: resnext-50, densenet-121, efficientnet-b0, resnet-50 y yolo-v8 sobre imagenes de platos tipicos ecuatorianos con el fin de determinar el modelo mas eficiente en las tareas de clasificacion y reconocimiento sobre este conjunto de imagenes. se utiliza la metodologia crisp-dm para la investigacion de mineria de datos y rad como metodologia agil para el desarrollo de software de un aplicativo movil prototipo. el modelo seleccionado se integra en el aplicativo movil, para proporcionar informacion nutricional sobre un plato tipico ecuatoriano, asi como una breve resena historica. esta aplicacion permite evaluar el desempeno del modelo en un entorno practico.","La inteligencia artificial es de gran importancia en la actualidad, uno de los aspectos en los que se destaca esta disciplina es en el reconocimiento y clasificación de imágenes mediante redes neuronales convolucionales, hasta el momento, no se han identificado investigaciones que hayan logrado un avance significativo en la integración del ámbito gastronómico y cultural de una sociedad mediante una herramienta de reconocimiento que permita obtener la información nutricional e histórica de un plato tradicional específico, además de fomentar el turismo inteligente. La presente investigación se fundamenta en la implementación y análisis comparativo de rendimientos entre un modelo de aprendizaje profundo personalizado y algunos modelos preentrenados de reconocimiento y clasificación de imágenes como: ResNeXt-50, DenseNet-121, EfficientNet-b0, Resnet-50 y YOLO-v8 sobre imágenes de platos típicos ecuatorianos con el fin de determinar el modelo más eficiente en las tareas de clasificación y reconocimiento sobre este conjunto de imágenes. Se utiliza la metodología CRISP-DM para la investigación de Minería de Datos y RAD como metodología ágil para el desarrollo de software de un aplicativo móvil prototipo. El modelo seleccionado se integra en el aplicativo móvil, para proporcionar información nutricional sobre un plato típico ecuatoriano, así como una breve reseña histórica. Esta aplicación permite evaluar el desempeño del modelo en un entorno práctico.","https://www.dspace.uce.edu.ec/handle/25000/37553","https://www.dspace.uce.edu.ec/server/api/core/bitstreams/004d6f79-08ac-43b3-a658-54ebcda103e3/content","2025-01-01","2025-07-02","2025-07-02","99 páginas","Universidad Central del Ecuador",,,"Trabajo de grado - Pregrado","Publication",,"2026-07-15 00:55:06.402943+00"
54,"7bb20228-094e-47fe-98f7-2992b9e8d42c","Creación de una herramienta para la detección de cáncer de piel mediante el uso de fotografías digitales tomadas al paciente con y sin patologías.","el presente proyecto tiene la finalidad de llevar a cabo la implementacion de un sistema web para detectar melanoma maligno en tiempo real. es una herramienta de ayuda, que permitira al medico dermatologo dar un resultado mas certero con respeto a la situacion actual de la piel del paciente, usando la tecnica de procesamiento de imagenes y el aprendizaje profundo. para ello se construyo una red neuronal convolucional personalizada y una red neuronal entrenada resnet-50 para determinar cual red es mas eficiente, se entreno con un dataset de 18.000 imagenes. posterior al
entrenamiento del modelo se realizo pruebas necesarias para validar si el modelo es eficiente, se utilizo la matriz de confusion, curva de aprendizaje y la curva roc, que son las metricas mas comunes para verificar la efectividad del modelo. ademas, la metodologia empleada para crear un modelo inteligente fue crisp-dm que consta de 6 fases. finalmente, despues de generar del modelo, se guardo en un formato .h5 para integrarlo a la aplicacion, fue desarrollada e implementada con ayuda de la metodologia de desarrollo en cascada. la aplicacion permite cargar una imagen, evaluar y el resultado se enviar automaticamente al paciente mediante un correo electronico.","El presente proyecto tiene la finalidad de llevar a cabo la implementación de un sistema web para detectar melanoma maligno en tiempo real. Es una herramienta de ayuda, que permitirá al médico dermatólogo dar un resultado más certero con respeto a la situación actual de la piel del paciente, usando la técnica de procesamiento de imágenes y el aprendizaje profundo. Para ello se construyó una red neuronal convolucional personalizada y una red neuronal entrenada ResNet-50 para determinar cuál red es más eficiente, se entrenó con un dataset de 18.000 imágenes. Posterior al
entrenamiento del modelo se realizó pruebas necesarias para validar si el modelo es eficiente, se utilizó la matriz de confusión, curva de aprendizaje y la curva ROC, que son las métricas más comunes para verificar la efectividad del modelo. Además, la metodología empleada para crear un modelo inteligente fue CRISP-DM que consta de 6 fases. Finalmente, después de generar del modelo, se guardó en un formato .h5 para integrarlo a la aplicación, fue desarrollada e implementada con ayuda de la metodología de desarrollo en cascada. La aplicación permite cargar una imagen, evaluar y el resultado se enviar automáticamente al paciente mediante un correo electrónico.","https://www.dspace.uce.edu.ec/handle/25000/26294","https://www.dspace.uce.edu.ec/server/api/core/bitstreams/14e371a4-4387-4541-ba24-5af6895c06bd/content","2022-01-01","2022-04-19","2022-04-19","26 páginas","Universidad Central del Ecuador","openAccess","http://creativecommons.org/licenses/by-nc-sa/3.0/ec/","bachelorThesis","Publication",,"2026-07-15 00:55:06.402943+00"
55,"12318f67-4aa2-4c31-b129-271f1de71ff9","Detección de tuberculosis pulmonar en radiografías de tórax usando redes neuronales convolucionales.","esta investigacion se enfoca en la deteccion de tuberculosis pulmonar mediante el analisis de
radiografias de torax, utilizando y comparando tres arquitecturas de redes neuronales
convolucionales que son un tipo de algoritmo en el deep learning. las arquitecturas evaluadas
incluyen inceptionv3, resnet-50 y densenet. para el analisis se utilizo un conjunto de datos de
aproximadamente 7000 imagenes, estableciendo varios criterios que permitieron el
aprendizaje y evaluacion de cada red neuronal con la finalidad de establecer que arquitectura
es la que ofrece mejores resultados a partir del analisis de las metricas de evaluacion
consideradas que fueron exactitud, puntuacion f1, precision, sensibilidad y matriz de
confusion. se aplico la metodologia crisp-dm para el manejo y tratamiento de los datos,
asi como para la evaluacion e implementacion de los resultados obtenidos. el modelo
inceptionv3 demostro el mejor rendimiento, alcanzando una precision del 95%, y fue
seleccionado para su implementacion en el desarrollo del prototipo de aplicacion movil. esta
aplicacion permite cargar imagenes de radiografias en formato .png y .jpg para la deteccion
temprana y automatica de tuberculosis pulmonar. este prototipo tiene el potencial de
representar una contribucion significativa en el campo de la medicina y la neumologia,
especialmente en areas con recursos medicos limitados.","Esta investigación se enfoca en la detección de tuberculosis pulmonar mediante el análisis de
radiografías de tórax, utilizando y comparando tres arquitecturas de redes neuronales
convolucionales que son un tipo de algoritmo en el Deep Learning. Las arquitecturas evaluadas
incluyen InceptionV3, ResNet-50 y DenseNet. Para el análisis se utilizó un conjunto de datos de
aproximadamente 7000 imágenes, estableciendo varios criterios que permitieron el
aprendizaje y evaluación de cada red neuronal con la finalidad de establecer que arquitectura
es la que ofrece mejores resultados a partir del análisis de las métricas de evaluación
consideradas que fueron exactitud, puntuación F1, precisión, sensibilidad y matriz de
confusión. Se aplicó la metodología CRISP-DM para el manejo y tratamiento de los datos,
así como para la evaluación e implementación de los resultados obtenidos. El modelo
InceptionV3 demostró el mejor rendimiento, alcanzando una precisión del 95%, y fue
seleccionado para su implementación en el desarrollo del prototipo de aplicación móvil. Esta
aplicación permite cargar imágenes de radiografías en formato .png y .jpg para la detección
temprana y automática de tuberculosis pulmonar. Este prototipo tiene el potencial de
representar una contribución significativa en el campo de la medicina y la neumología,
especialmente en áreas con recursos médicos limitados.","https://www.dspace.uce.edu.ec/handle/25000/39206","https://www.dspace.uce.edu.ec/server/api/core/bitstreams/9971a524-f65e-4925-a137-84601950b442/content","2025-01-01","2025-12-15","2025-12-15","106 páginas","Universidad Central del Ecuador",,,"Trabajo de grado - Pregrado","Publication",,"2026-07-15 00:55:06.402943+00"
56,"12719e57-381f-4675-9758-58b9829b8c0c","Reconocimiento de imágenes con técnicas de minería de datos","el presente trabajo tiene como objetivo implementar una aplicacion que permita el reconocimiento de imagenes con tecnicas de mineria de datos captando las fotografias del abecedario del lenguaje de senas a traves de una camara web. la primera parte fundamenta la base teorica del proyecto mediante criterios de diversos autores. la metodologia aplicada es mixta, descriptiva, experimental, metodo inductivo-deductivo, incluyendo la metodologia de trabajo crisp-dm con 4 fases como: comprension del negocio, preparacion o procesamiento digital, entrenamiento, e identificacion. en la preparacion se utilizo la camara web y se vinculo con el programa matlab, capturando 24 imagenes por cada sena con fondo negro. para identificar las caracteristicas se efectuo dos procesos, en el primero se aplico el algoritmo de binarizacion, y como siguiente paso el algoritmo histogramas de gradientes orientados (histogram of oriented gradients, hog) determinando el tamano optimo de cada celda con 79 pixeles, finalmente se selecciono 1260 entradas, 1 capa oculta con 100 neuronas y 25 salidas para el entrenamiento mediante clasificadores red neuronal artificial (rna o ann del ingles artificial neural network) tipo perceptron multicapa (multi-layer perceptron). con las entradas se entreno la red neuronal basado en retropropagacion a traves del algoritmo de perceptron multicapa embebido en matlab y simulink(es un entorno de diagrama de bloques, simulador y genera codigo automatico) cuya exactitud fue de 86,86%, en cambio, para la identificacion se aplico una interfaz grafica en tiempo real, luego de ejecutar la misma, se logro reconocer las senas con un promedio global superior al 85 % de precision.","El presente trabajo tiene como objetivo implementar una aplicación que permita el reconocimiento de imágenes con técnicas de minería de datos captando las fotografías del abecedario del lenguaje de señas a través de una cámara web. La primera parte fundamenta la base teórica del proyecto mediante criterios de diversos autores. La metodología aplicada es mixta, descriptiva, experimental, método inductivo-deductivo, incluyendo la metodología de trabajo CRISP-DM con 4 fases como: comprensión del negocio, preparación o procesamiento digital, entrenamiento, e identificación. En la preparación se utilizó la cámara web y se vinculó con el programa MATLAB, capturando 24 imágenes por cada seña con fondo negro. Para identificar las características se efectuó dos procesos, en el primero se aplicó el algoritmo de binarización, y como siguiente paso el algoritmo histogramas de gradientes orientados (Histogram of Oriented Gradients, HOG) determinando el tamaño óptimo de cada celda con 79 pixeles, finalmente se seleccionó 1260 entradas, 1 capa oculta con 100 neuronas y 25 salidas para el entrenamiento mediante clasificadores Red Neuronal Artificial (RNA o ANN del inglés Artificial Neural Network) tipo perceptrón multicapa (Multi-Layer Perceptron). Con las entradas se entrenó la red neuronal basado en retropropagación a través del algoritmo de perceptrón multicapa embebido en MATLAB y simulink(Es un entorno de diagrama de bloques, simulador y genera código automático) cuya exactitud fue de 86,86%, en cambio, para la identificación se aplicó una interfaz gráfica en tiempo real, luego de ejecutar la misma, se logró reconocer las señas con un promedio global superior al 85 % de precisión.","https://www.dspace.uce.edu.ec/handle/25000/19364","https://www.dspace.uce.edu.ec/server/api/core/bitstreams/1cf51894-9210-4a64-aeb7-f0c924c8dfc5/content","2019-01-01","2019-09-06","2019-09-06",,"Universidad Central del Ecuador","openAccess","http://creativecommons.org/licenses/by-nc-sa/3.0/ec/","bachelorThesis","Publication",,"2026-07-15 00:55:06.402943+00"
57,"130aa571-1149-46c5-bcf9-4975963ee3e3","Propuesta de una herramienta basada en algoritmos de machine learning para soportar  el diagnóstico de malaria.","esta investigacion aborda la deteccion temprana de la malaria, una enfermedad transmitida por 
mosquitos infectados con parasitos del genero plasmodium, y responsable de numerosos casos 
y fallecimientos en regiones como africa, sudeste asiatico, el mediterraneo oriental, pacifico 
occidental y america latina. la deteccion temprana de la enfermedad es esencial, pero los 
metodos convencionales son costosos e imprecisos. proponemos una herramienta de 
diagnostico basada en algoritmos de aprendizaje automatico. empleando imagenes de muestras 
de sangre infectadas y no infectadas, exploramos diversas arquitecturas de redes neuronales 
convolucionales, como vgg16, inception v3, restnet50 e inceptionresnet, evaluando su 
rendimiento. el analisis revela que la arquitectura vgg-16 presenta una precision del 95.8%. la 
validacion mediante la matriz de confusion y metricas como recall, puntaje f1, precision y 
exactitud respalda la eficacia de la propuesta. el analisis del problema de la malaria, incluye su 
marco teorico y los metodos de diagnostico convencionales, asi como la aplicacion del 
aprendizaje automatico en el ambito medico. la metodologia experimental y de desarrollo del 
prototipo se estructuran segun crisp-dm, dividiendo la investigacion en seis fases. la fase de 
construccion se enfoca en traducir el diseno arquitectonico y los requisitos en codigo ejecutable, 
utilizando bibliotecas como streamlit para la interfaz web y desarrollando funciones para el 
diagnostico de malaria mediante aprendizaje automatico. la fase de verificacion garantiza la 
coherencia del diseno y una experiencia optima para el usuario, revisando exhaustivamente todas 
las funciones implementadas en la pagina web. la aplicacion resultante ofrece una solucion 
completa y solida para la deteccion temprana de la malaria, incluyendo ventanas funcionales con 
herramientas de diagnostico, noticias actualizadas y servicios medicos, proporcionando acceso a 
informacion crucial sobre la enfermedad","Esta investigación aborda la detección temprana de la malaria, una enfermedad transmitida por 
mosquitos infectados con parásitos del género Plasmodium, y responsable de numerosos casos 
y fallecimientos en regiones como África, sudeste asiático, el Mediterráneo Oriental, Pacífico 
Occidental y América Latina. La detección temprana de la enfermedad es esencial, pero los 
métodos convencionales son costosos e imprecisos. Proponemos una herramienta de 
diagnóstico basada en algoritmos de aprendizaje automático. Empleando imágenes de muestras 
de sangre infectadas y no infectadas, exploramos diversas arquitecturas de redes neuronales 
convolucionales, como VGG16, Inception V3, RestNet50 e InceptionResNet, evaluando su 
rendimiento. El análisis revela que la arquitectura VGG-16 presenta una precisión del 95.8%. La 
validación mediante la matriz de confusión y métricas como recall, puntaje F1, precisión y 
exactitud respalda la eficacia de la propuesta. El análisis del problema de la malaria, incluye su 
marco teórico y los métodos de diagnóstico convencionales, así como la aplicación del 
aprendizaje automático en el ámbito médico. La metodología experimental y de desarrollo del 
prototipo se estructuran según CRISP-DM, dividiendo la investigación en seis fases. La fase de 
construcción se enfoca en traducir el diseño arquitectónico y los requisitos en código ejecutable, 
utilizando bibliotecas como Streamlit para la interfaz web y desarrollando funciones para el 
diagnóstico de malaria mediante aprendizaje automático. La fase de verificación garantiza la 
coherencia del diseño y una experiencia óptima para el usuario, revisando exhaustivamente todas 
las funciones implementadas en la página web. La aplicación resultante ofrece una solución 
completa y sólida para la detección temprana de la malaria, incluyendo ventanas funcionales con 
herramientas de diagnóstico, noticias actualizadas y servicios médicos, proporcionando acceso a 
información crucial sobre la enfermedad","https://www.dspace.uce.edu.ec/handle/25000/37009","https://www.dspace.uce.edu.ec/server/api/core/bitstreams/3b021d90-fc4d-4990-8417-93ecd3ce4311/content","2025-01-01","2025-05-13","2025-05-13","102 páginas","Universidad Central del Ecuador",,,"Trabajo de grado - Pregrado","Publication",,"2026-07-15 00:55:06.402943+00"
58,"14487b1c-b2a6-4f7a-b66e-77339f71d896","El Impacto de la Inteligencia artificial en el rendimiento académico de los estudiantes.","la presente investigacion se enfoco en analizar el impacto de la inteligencia artificial (ia) en el rendimiento academico de los estudiantes de tercer ano de bachillerato en el ecuador. se llevo a cabo un estudio con un grupo de estudiantes, aplicando un instrumento de recoleccion de datos que evaluo el porcentaje de aquellos estudiantes que habian utilizado herramientas o sistemas con inteligencia artificial, la frecuencia con la que emplean estas herramientas, las asignaturas en las que se emplean con mayor regularidad, asi como los principales propositos para utilizar estas herramientas. los resultados muestran que la adopcion de la inteligencia artificial en la educacion tuvo un efecto positivo en el rendimiento academico de los estudiantes, presentando un aprendizaje mas personalizado y efectivo. por otro lado tambien se logro identificar desafios en su implementacion, como la dependencia excesiva de estas herramientas, perdida de pensamiento critico, entre otras. este estudio busca mostrarnos que, si se implementa de manera correcta, la inteligencia artificial puede mejorar significativamente el rendimiento academico, ademas, que nos indica la relevancia del uso consciente de estas herramientas.","La presente investigación se enfocó en analizar el impacto de la inteligencia artificial (IA) en el rendimiento académico de los estudiantes de tercer año de Bachillerato en el Ecuador. Se llevó a cabo un estudio con un grupo de estudiantes, aplicando un instrumento de recolección de datos que evaluó el porcentaje de aquellos estudiantes que habían utilizado herramientas o sistemas con inteligencia artificial, la frecuencia con la que emplean estas herramientas, las asignaturas en las que se emplean con mayor regularidad, así como los principales propósitos para utilizar estas herramientas. Los resultados muestran que la adopción de la Inteligencia artificial en la educación tuvo un efecto positivo en el rendimiento académico de los estudiantes, presentando un aprendizaje más personalizado y efectivo. Por otro lado tambien se logró identificar desafíos en su implementación, como la dependencia excesiva de estas herramientas, perdida de pensamiento crítico, entre otras. Este estudio busca mostrarnos que, si se implementa de manera correcta, la inteligencia artificial puede mejorar significativamente el rendimiento académico, además, que nos indica la relevancia del uso consciente de estas herramientas.","https://www.dspace.uce.edu.ec/handle/25000/35349","https://www.dspace.uce.edu.ec/server/api/core/bitstreams/943da5c4-37d3-4551-83b9-e2e0a530690d/content","2024-01-01","2024-11-25","2024-11-25","77 páginas.","Universidad Central del Ecuador",,,"Trabajo de grado - Pregrado","Publication",,"2026-07-15 00:55:06.402943+00"
72,"d80593d7-1661-4430-853c-02e7c4625d05","Chatbot para el aprendizaje del idioma Kichwa basado en Random Forest","el presente proyecto de titulacion se realiza con el objetivo de impulsar el aprendizaje del kichwa. para lo cual se desarrolla un bot que permite aprender este idioma mediante la interaccion entre la persona y el bot. se aplica el algoritmo random forest, con el cual se puede aprender numeros, colores, alfabeto, saludos, frutas y animales. un vocabulario basico.para lograr lo anteriormente descrito y despues de evaluar diferentes metodologias se utiliza el metodo scrum con el fin de obtener mejores resultados. se trabaja de manera colaborativa con el lenguaje de programacion python y como motor de base de datos mysql, digitalocean (droplets), ubuntu 16.04, git, keycloak","El presente proyecto de titulación se realiza con el objetivo de impulsar el aprendizaje del Kichwa. Para lo cual se desarrolla un bot que permite aprender este idioma mediante la interacción entre la persona y el bot. Se aplica el algoritmo Random Forest, con el cual se puede aprender números, colores, alfabeto, saludos, frutas y animales. Un vocabulario básico.Para lograr lo anteriormente descrito y después de evaluar diferentes metodologías se utiliza el método SCRUM con el fin de obtener mejores resultados. Se trabaja de manera colaborativa con el lenguaje de programación Python y como motor de base de datos MySQL, DigitalOcean (Droplets), Ubuntu 16.04, Git, Keycloak","https://www.dspace.uce.edu.ec/handle/25000/19366","https://www.dspace.uce.edu.ec/server/api/core/bitstreams/8388998c-40a9-4eb9-9471-cfa5944d9094/content","2019-01-01","2019-09-06","2019-09-06",,"Universidad Central del Ecuador","openAccess","http://creativecommons.org/licenses/by-nc-sa/3.0/ec/","bachelorThesis","Publication",,"2026-07-15 00:55:06.402943+00"
78,"abdcfbbe-f58a-48cd-b85e-32e86dbbc7af","Comparación del rendimiento de modelos de inteligencia artificial basados en redes convolucionales para la detección de robos y asaltos en el sector de San Pablo, Quito, Ecuador, utilizando cámaras IP y protocolos de streaming.","este proyecto se centro en el analisis de modelos de inteligencia artificial basados en redes convolucionales para la deteccion de robos y asaltos en el sector de san pablo, quito, ecuador. la investigacion comparo los modelos: vgg16, inception v3 y yolov8, siendo este ultimo el mas eficaz, con una precision del 91% en la identificacion de actividades delictivas. para el entrenamiento y evaluacion de los modelos, se utilizaron datos recopilados especificamente para esta investigacion, asegurando la adecuacion de la muestra en funcion de las condiciones del sector y la tipologia de los delitos. se desarrollo un prototipo de implementacion del modelo yolov8, probando su rendimiento en tiempo real y demostrando su capacidad para identificar robos y asaltos de manera eficaz. el desarrollo del prototipo incluyo la integracion de algoritmos con sistemas de videovigilancia en tiempo real, adaptados a las condiciones especificas de san pablo, tales como variaciones de iluminacion y patrones de actividad. este ejercicio permitio validar no solo la precision del modelo, sino tambien su viabilidad operativa en un entorno urbano complejo.","Este proyecto se centró en el análisis de modelos de inteligencia artificial basados en redes convolucionales para la detección de robos y asaltos en el sector de San Pablo, Quito, Ecuador. La investigación comparó los modelos: VGG16, Inception V3 y YOLOv8, siendo este último el más eficaz, con una precisión del 91% en la identificación de actividades delictivas. Para el entrenamiento y evaluación de los modelos, se utilizaron datos recopilados específicamente para esta investigación, asegurando la adecuación de la muestra en función de las condiciones del sector y la tipología de los delitos. Se desarrolló un prototipo de implementación del modelo YOLOv8, probando su rendimiento en tiempo real y demostrando su capacidad para identificar robos y asaltos de manera eficaz. El desarrollo del prototipo incluyó la integración de algoritmos con sistemas de videovigilancia en tiempo real, adaptados a las condiciones específicas de San Pablo, tales como variaciones de iluminación y patrones de actividad. Este ejercicio permitió validar no solo la precisión del modelo, sino también su viabilidad operativa en un entorno urbano complejo.","https://www.dspace.uce.edu.ec/handle/25000/35354","https://www.dspace.uce.edu.ec/server/api/core/bitstreams/3a4b3f4c-c4c7-4f55-a9ca-7dfbd0a75131/content","2024-01-01","2024-11-26","2024-11-26","66 páginas.","Universidad Central del Ecuador",,,"Trabajo de grado - Pregrado","Publication",,"2026-07-15 00:55:06.402943+00"
103,"b2d9ba3b-b62f-4cd5-b0e0-927322091fbd","Propuesta de una herramienta basada en redes neuronales convolucionales para soportar la detección de tumores de pulmones utilizando imágenes histopatológicas.","la deteccion temprana y precisa de tumores pulmonares es clave para orientar un tratamiento
oportuno; sin embargo, la interpretacion manual de imagenes histopatologicas puede ser
lenta y sujeta a variabilidad interobservador. esta investigacion propone una herramienta
basada en redes neuronales convolucionales (cnn) para apoyar la deteccion automatica de
tumores de pulmon a partir de imagenes histopatologicas. se empleo el subconjunto
pulmonar del conjunto de datos publico lung and colon cancer histopathological image
dataset (lc25000), compuesto por 15 000 imagenes balanceadas en tres clases:
adenocarcinoma, carcinoma de celulas escamosas y tejido benigno. bajo la metodologia
crisp-dm se ejecutaron las fases de comprension, preparacion, modelado y evaluacion,
comparando ocho arquitecturas: un modelo entrenado desde cero (scratch) y siete modelos
con transferencia de aprendizaje (resnet50/101, inceptionv3, densenet121/201,
vgg16/19). la evaluacion final en un conjunto de prueba de 1 752 imagenes reporto
promedios macro de exactitud, precision, sensibilidad y f1-score. el modelo scratch obtuvo
el mejor desempeno con 98.12% de exactitud y 98.13% de f1-score macro, ademas del
menor costo computacional (19.1 min de entrenamiento y 2.35 s de prediccion), por lo que
fue seleccionado como modelo optimo. finalmente, se implemento un prototipo web en
django que permite cargar imagenes jpg o png, realiza el preprocesamiento requerido y
presenta la clase predicha con su nivel de confianza, aportando soporte al analisis
histopatologico.","La detección temprana y precisa de tumores pulmonares es clave para orientar un tratamiento
oportuno; sin embargo, la interpretación manual de imágenes histopatológicas puede ser
lenta y sujeta a variabilidad interobservador. Esta investigación propone una herramienta
basada en redes neuronales convolucionales (CNN) para apoyar la detección automática de
tumores de pulmón a partir de imágenes histopatológicas. Se empleó el subconjunto
pulmonar del conjunto de datos público “Lung and Colon Cancer Histopathological Image
Dataset” (LC25000), compuesto por 15 000 imágenes balanceadas en tres clases:
adenocarcinoma, carcinoma de células escamosas y tejido benigno. Bajo la metodología
CRISP-DM se ejecutaron las fases de comprensión, preparación, modelado y evaluación,
comparando ocho arquitecturas: un modelo entrenado desde cero (Scratch) y siete modelos
con transferencia de aprendizaje (ResNet50/101, InceptionV3, DenseNet121/201,
VGG16/19). La evaluación final en un conjunto de prueba de 1 752 imágenes reportó
promedios macro de exactitud, precisión, sensibilidad y F1-Score. El modelo Scratch obtuvo
el mejor desempeño con 98.12% de exactitud y 98.13% de F1-Score macro, además del
menor costo computacional (19.1 min de entrenamiento y 2.35 s de predicción), por lo que
fue seleccionado como modelo óptimo. Finalmente, se implementó un prototipo web en
Django que permite cargar imágenes JPG o PNG, realiza el preprocesamiento requerido y
presenta la clase predicha con su nivel de confianza, aportando soporte al análisis
histopatológico.","https://www.dspace.uce.edu.ec/handle/25000/40700","https://www.dspace.uce.edu.ec/server/api/core/bitstreams/0d7d4b19-4eda-4ea6-93b2-4e77ae1ab3ed/content","2026-01-01","2026-06-02","2026-06-02","158 páginas","Universidad Central del Ecuador",,,"Trabajo de grado - Pregrado","Publication",,"2026-07-15 00:55:06.402943+00"
59,"0a531d3a-f3a6-44b2-b882-c0bfdd71fd9f","Propuesta de una herramienta para soportar la detección de tumores cerebrales mediante algoritmos de machine learning","la deteccion temprana y precisa de tumores cerebrales reviste de una importancia critica debido a su alta tasa de mortalidad y a la necesidad de tratamientos especificos para cada caso. sin embargo, el diagnostico manual realizado por profesionales de la salud a menudo presenta limitaciones e imprecisiones debido a la complejidad que esta tarea implica. ademas, la escasez de expertos en este campo agrava la situacion al prolongar el tiempo necesario para diagnosticar tumores, lo que pone en riesgo la salud y la vida del paciente. en este contexto, se identifico el conjunto de datos ""brain tumor mri dataset"" en la plataforma kaggle como un reto predictivo. estos datos contienen imagenes de resonancia magnetica de cuatro condiciones cerebrales: meningioma, glioma, tumor de la glandula pituitaria y cerebro sin tumor. a traves de la metodologia de mineria de datos crisp-dm, este proyecto se enfoco en explorar algoritmos de aprendizaje automatico, en especial, las redes neuronales convolucionales como inceptionv3, vgg, resnet, densenet e inceptionresnet v2. el objetivo era desarrollar un modelo optimo que detecte estas patologias cerebrales en las imagenes de resonancia magnetica, para posteriormente incorporarlo en una aplicacion web. la investigacion arrojo resultados significativos: donde el modelo vgg16 se destaco al lograr un impresionante accuracy global del 96%, mientras que los modelos de inceptionresnetv2 y densenet201 demostraron un rendimiento satisfactorio con una accuracy del 95 y 94% respectivamente. en contraste, los modelos resnet50 y resnet101 exhibieron un rendimiento mas moderado, alcanzando un accuracy de entre 84% y 61% respectivamente. la variedad de arquitecturas y configuraciones estudiadas permitio un analisis profundo de las redes neuronales convolucionales en la deteccion de tumores cerebrales, por lo que este estudio aporta una valiosa perspectiva para futuras investigaciones en el campo.","La detección temprana y precisa de tumores cerebrales reviste de una importancia crítica debido a su alta tasa de mortalidad y a la necesidad de tratamientos específicos para cada caso. Sin embargo, el diagnóstico manual realizado por profesionales de la salud a menudo presenta limitaciones e imprecisiones debido a la complejidad que esta tarea implica. Además, la escasez de expertos en este campo agrava la situación al prolongar el tiempo necesario para diagnosticar tumores, lo que pone en riesgo la salud y la vida del paciente. En este contexto, se identificó el conjunto de datos ""Brain Tumor MRI Dataset"" en la plataforma Kaggle como un reto predictivo. Estos datos contienen imágenes de resonancia magnética de cuatro condiciones cerebrales: meningioma, glioma, tumor de la glándula pituitaria y cerebro sin tumor. A través de la metodología de minería de datos CRISP-DM, este proyecto se enfocó en explorar algoritmos de aprendizaje automático, en especial, las redes neuronales convolucionales como InceptionV3, VGG, ResNet, DenseNet e InceptionResNet V2. El objetivo era desarrollar un modelo óptimo que detecte estas patologías cerebrales en las imágenes de resonancia magnética, para posteriormente incorporarlo en una aplicación web. La investigación arrojó resultados significativos: donde el modelo VGG16 se destacó al lograr un impresionante Accuracy global del 96%, mientras que los modelos de InceptionResNetV2 y Densenet201 demostraron un rendimiento satisfactorio con una Accuracy del 95 y 94% respectivamente. En contraste, los modelos ResNet50 y ResNet101 exhibieron un rendimiento más moderado, alcanzando un Accuracy de entre 84% y 61% respectivamente. La variedad de arquitecturas y configuraciones estudiadas permitió un análisis profundo de las redes neuronales convolucionales en la detección de tumores cerebrales, por lo que este estudio aporta una valiosa perspectiva para futuras investigaciones en el campo.","https://www.dspace.uce.edu.ec/handle/25000/32832","https://www.dspace.uce.edu.ec/server/api/core/bitstreams/d1f8bc52-a854-4377-b21f-01a47f5d1d26/content","2024-01-01","2024-02-06","2024-02-06","173 páginas","Universidad Central del Ecuador",,,"Trabajo de grado - Pregrado","Publication",,"2026-07-15 00:55:06.402943+00"
60,"76e49329-b813-42e3-bf8f-b669d95e4f3a","Desarrollo de una aplicación para detección de patrones en imágenes mediante el uso de aprendizaje profundo","en los ultimos anos las aplicaciones relacionadas con el machine learning, puntualmente hablando de las aplicaciones de deep learning se estan volviendo de gran importancia en la vida cotidiana y en la investigacion, por lo que el presente trabajo tiene como finalidad dar un punto de partida para la comprension de modelos de deep learning que ayudan a efectuar una clasificacion de videos. estos modelos fueron tratados en las tres etapas fundamentales del machine learning que son la etapa de entrenamiento, la etapa de validacion y la etapa de test. para ejecutar dichas etapas se utilizo una libreria de google llamada tensorflow y el dataset youtube8m","En los últimos años las aplicaciones relacionadas con el Machine Learning, puntualmente hablando de las aplicaciones de Deep Learning se están volviendo de gran importancia en la vida cotidiana y en la investigación, por lo que el presente trabajo tiene como finalidad dar un punto de partida para la comprensión de modelos de Deep Learning que ayudan a efectuar una clasificación de videos. Estos modelos fueron tratados en las tres etapas fundamentales del Machine Learning que son la Etapa de Entrenamiento, la Etapa de Validación y la Etapa de Test. Para ejecutar dichas etapas se utilizó una librería de Google llamada Tensorflow y el dataset Youtube8M","https://www.dspace.uce.edu.ec/handle/25000/17551","https://www.dspace.uce.edu.ec/server/api/core/bitstreams/381dde91-6ed9-4535-97fd-c33bdde6e0d6/content","2019-01-01","2019-02-12","2019-02-12",,"Universidad Central del Ecuador","openAccess","http://creativecommons.org/licenses/by-nc-sa/3.0/ec/","bachelorThesis","Publication",,"2026-07-15 00:55:06.402943+00"
61,"649d2b31-df55-4d7f-a57f-0babc45af781","Análisis comparativo del tabú en la descarga de datos, ante la limitación de las redes sociales: Instagram y X(Twitter).","las redes sociales se han convertido en el medio tecnologico que revoluciono la manera de comunicarse entre personas, y permitir que estas expresen sus ideas. el flujo de informacion presente en todas ellas representa millones de posts y comentarios realizados cada dia, lo que a su vez los convierte en una valiosa fuente de informacion para multiples propositos. la presente investigacion, tuvo como objetivo el realizar una comparacion entre los metodos disponibles para extraer datos de las redes sociales: instagram y x (anteriormente twitter). para esta finalidad se empleo una metodologia de analisis comparativo que permitio evaluar los diferentes metodos propuestos: api y web scraping (requests, scrapy y selenium), definir una arquitectura base, desarrollo de las herramientas de extraccion de datos, despliegue de estas y posterior recopilacion de resultados. las conclusiones muestran que el mejor enfoque no es usar un solo metodo, sino emplear ambos a modo hibrido aprovechando las ventajas de cada uno, a la vez que se minimiza el impacto de sus debilidades. finalmente se proponen enfoques para continuar esta investigacion contando con mas recursos o creando nuevas lineas de investigacion que esten fuera del marco del presente trabajo.","Las redes sociales se han convertido en el medio tecnológico que revolucionó la manera de comunicarse entre personas, y permitir que éstas expresen sus ideas. El flujo de información presente en todas ellas representa millones de posts y comentarios realizados cada día, lo que a su vez los convierte en una valiosa fuente de información para múltiples propósitos. La presente investigación, tuvo como objetivo el realizar una comparación entre los métodos disponibles para extraer datos de las redes sociales: Instagram y X (anteriormente Twitter). Para esta finalidad se empleó una metodología de análisis comparativo que permitió evaluar los diferentes métodos propuestos: API y web scraping (Requests, Scrapy y Selenium), definir una arquitectura base, desarrollo de las herramientas de extracción de datos, despliegue de estas y posterior recopilación de resultados. Las conclusiones muestran que el mejor enfoque no es usar un solo método, sino emplear ambos a modo híbrido aprovechando las ventajas de cada uno, a la vez que se minimiza el impacto de sus debilidades. Finalmente se proponen enfoques para continuar esta investigación contando con más recursos o creando nuevas líneas de investigación que estén fuera del marco del presente trabajo.","https://www.dspace.uce.edu.ec/handle/25000/33685","https://www.dspace.uce.edu.ec/server/api/core/bitstreams/0732bf82-b535-464a-975e-8226efec8944/content","2024-01-01","2024-05-23","2024-05-23","88 páginas","Universidad Central del Ecuador",,,"Trabajo de grado - Pregrado","Publication",,"2026-07-15 00:55:06.402943+00"
62,"727e75ad-b0e6-48cb-b84f-e47e56b05a29","Salud laboral sostenible: Detección de mala higiene postural en trabajadores de oficina mediante el empleo de Redes Neuronales Convolucionales (CNN).","en un contexto donde la tecnologia avanza rapidamente, extendiendo los horarios de trabajo de oficina y consolidando el teletrabajo como una modalidad significativa, es fundamental considerar los riesgos asociados a estas practicas. la presente investigacion, titulada salud laboral sostenible: deteccion de mala higiene postural en trabajadores de oficina mediante el empleo de redes neuronales convolucionales (cnn), analiza los peligros de mantener una mala postura en el ambito laboral, tanto en entornos presenciales como remotos, y propone una solucion innovadora basada en el uso de redes neuronales convolucionales. esta solucion permite a los usuarios monitorear y mejorar su higiene postural, contribuyendo asi al cuidado de su salud. la investigacion detalla las tecnologias empleadas en el desarrollo de una aplicacion demo disenada para este fin, y presenta los resultados obtenidos. ademas, subraya la importancia de adaptarnos a las nuevas tecnologias para el bienestar humano, destacando como la comunidad informatica puede aprovechar sus conocimientos y herramientas para crear aplicaciones que promuevan la salud, buscando incentivar a los profesionales del sector a implementar innovaciones que mejoren la calidad de vida de las personas.","En un contexto donde la tecnología avanza rápidamente, extendiendo los horarios de trabajo de oficina y consolidando el teletrabajo como una modalidad significativa, es fundamental considerar los riesgos asociados a estas prácticas. La presente investigación, titulada “Salud laboral sostenible: Detección de mala higiene postural en trabajadores de oficina mediante el empleo de Redes Neuronales Convolucionales (CNN)”, analiza los peligros de mantener una mala postura en el ámbito laboral, tanto en entornos presenciales como remotos, y propone una solución innovadora basada en el uso de redes neuronales convolucionales. Esta solución permite a los usuarios monitorear y mejorar su higiene postural, contribuyendo así al cuidado de su salud. La investigación detalla las tecnologías empleadas en el desarrollo de una aplicación demo diseñada para este fin, y presenta los resultados obtenidos. Además, subraya la importancia de adaptarnos a las nuevas tecnologías para el bienestar humano, destacando cómo la comunidad informática puede aprovechar sus conocimientos y herramientas para crear aplicaciones que promuevan la salud, buscando incentivar a los profesionales del sector a implementar innovaciones que mejoren la calidad de vida de las personas.","https://www.dspace.uce.edu.ec/handle/25000/37830","https://www.dspace.uce.edu.ec/server/api/core/bitstreams/5eaecc49-bf70-42f4-aaa8-33bcddeee293/content","2025-01-01","2025-07-31","2025-07-31","99 páginas","Universidad Central del Ecuador",,,"Trabajo de grado - Pregrado","Publication",,"2026-07-15 00:55:06.402943+00"
87,"a6737bae-0537-488e-a4dc-f20b2847fe37","Análisis de datos usando modelos estadísticos sobre un Datawarenhouse Académico para la Facultad de Ingeniería, Ciencias Físicas y Matemática.","en las organizaciones los procesos administrativos, indistintamente del sector al que pertenecen, cada dia son mas complejos y manejarlos es aun dificil. en tanto las tecnologias de informacion permiten ayudar en la parte de sistemas de informacion desde la parte operativa hasta la direccion estrategica y gerencial en el manejo de la informacion para la toma de decisiones estrategicas, a traves de la tecnologia inteligencia de negocios especificamente en el tratamiento de la informacion proceso etl usando herramientas libres como kettle para este fin. este proyecto de grado pretenden dar una vision general de las tecnicas de analisis de datos y de las aplicaciones que las implementan usando herramientas libres como es weka, permitiendo entender los conceptos y algoritmos sobre los que se basan las tecnicas asi como el resultado de su aplicacion sobre la informacion del sistema academico de la facultad de ingenieria, ciencias fisicas y matematica.","En las organizaciones los procesos administrativos, indistintamente del sector al que pertenecen, cada día son más complejos y manejarlos es aún difícil. En tanto las tecnologías de información permiten ayudar en la parte de sistemas de información desde la parte operativa hasta la dirección estratégica y gerencial en el manejo de la información para la toma de decisiones estratégicas, a través de la tecnología Inteligencia de Negocios específicamente en el tratamiento de la información proceso ETL usando herramientas libres como Kettle para este fin. Este proyecto de grado pretenden dar una visión general de las técnicas de Análisis de Datos y de las aplicaciones que las implementan usando herramientas libres como es WEKA, permitiendo entender los conceptos y algoritmos sobre los que se basan las técnicas así como el resultado de su aplicación sobre la información del Sistema Académico de la Facultad de Ingeniería, Ciencias Físicas y Matemática.","https://www.dspace.uce.edu.ec/handle/25000/955","https://www.dspace.uce.edu.ec/server/api/core/bitstreams/dec463b5-278d-4481-a44f-a1db4803a004/content","2013-01-01","2013-03-26","2013-03-26",,"Universidad Central del Ecuador","openAccess","http://creativecommons.org/licenses/by-nc-sa/3.0/ec/","Tesis","Publication",,"2026-07-15 00:55:06.402943+00"
63,"6d8c9968-faf9-46ef-bf7f-5a35e18fc195","Desarrollo de un prototipo de monitoreo de servidor usando una raspberry pi, basado en una plataforma de internet de las cosas","la presente investigacion que permita obtener, registrar y presentar la informacion de la temperatura del centro de computo obtenido mediante sensores iot y las lecturas de la carga del cpu, memoria, disco, procesos, temperatura del servidor y emita las senales de alerta temprana mediante la utilizacion de servicios de telefonia en la nube para los mensajes sms, en base al analisis en tiempo real de la informacion. en el capitulo uno se describe los principales puntos de la metodologia de la investigacion. en el capitulo dos es interesante notar el adecuado, marco teorico, la fundamentacion legal y el estado del arte. en el capitulo tres, se realiza el levantamiento de la informacion mediante el adecuado marco metodologico utilizando principalmente scrum master y eventos scrum. en el capitulo cuatro se describe la intervencion de la metodologia, especialmente en la fase no.1 y fase no.2 por ultimo en la parte quinta y sexta se realizan las principales conclusiones y recomendaciones de la presente investigacion","La presente investigación que permita obtener, registrar y presentar la información de la Temperatura del centro de cómputo obtenido mediante sensores iot y las lecturas de la carga del Cpu, Memoria, Disco, Procesos, Temperatura del servidor y emita las señales de alerta temprana mediante la utilización de servicios de telefonía en la nube para los mensajes sms, en base al análisis en tiempo real de la información. En el capítulo uno se describe los principales puntos de la metodología de la investigación. En el capítulo dos es interesante notar el adecuado, Marco Teórico, la fundamentación legal y el estado del arte. En el capítulo tres, se realiza el levantamiento de la información mediante el adecuado Marco Metodológico utilizando principalmente scrum master y eventos scrum. En el capítulo cuatro se describe la intervención de la metodología, especialmente en la fase No.1 y fase No.2 Por último en la parte quinta y sexta se realizan las principales conclusiones y recomendaciones de la presente investigación","https://www.dspace.uce.edu.ec/handle/25000/16664","https://www.dspace.uce.edu.ec/server/api/core/bitstreams/855d8083-121e-4cd1-8413-a77cdfd753c9/content","2018-01-01","2018-10-17","2018-10-17",,"Universidad Central del Ecuador","openAccess","http://creativecommons.org/licenses/by-nc-sa/3.0/ec/","bachelorThesis","Publication",,"2026-07-15 00:55:06.402943+00"
64,"6f0683a9-d586-408b-86a0-6b5918201684","Análisis de Modelos de Redes Neuronales Convolucionales para el Diagnóstico de Enfermedades en las Gallinas Mediante Imágenes Fotográficas.","el presente estudio investiga como los modelos de redes neuronales convolucionales (cnn)
pueden usarse para diagnosticar enfermedades en gallinas utilizando imagenes fotograficas. el
objetivo del proyecto es identificar enfermedades avicolas comunes en la provincia de pichincha,
ecuador, para brindar diagnosticos oportunos y reducir la propagacion de enfermedades en granjas
rurales con acceso limitado a veterinarios. se realizaron evaluaciones detalladas sobre la eficiencia
y precision de varios modelos de cnn, y se llego a la conclusion de que mobilenetv2 es el modelo
de cnn mas adecuado para este estudio porque combina la rapidez y la precision. en este estudio,
mobilenetv2 demostro ser una buena solucion para el diagnostico en tiempo real con una
precision del 98.02%. este estudio tambien incluyo el desarrollo de un prototipo de aplicacion
movil que permite a los usuarios capturar imagenes de las gallinas y recibir un diagnostico
automatico de las enfermedades detectadas. esta aplicacion mejora la capacidad de los productores
avicolas para gestionar brotes de enfermedades y reducir la mortalidad aviar, demostrando la
viabilidad de la inteligencia artificial en el sector avicola.","El presente estudio investiga cómo los modelos de redes neuronales convolucionales (CNN)
pueden usarse para diagnosticar enfermedades en gallinas utilizando imágenes fotográficas. El
objetivo del proyecto es identificar enfermedades avícolas comunes en la provincia de Pichincha,
Ecuador, para brindar diagnósticos oportunos y reducir la propagación de enfermedades en granjas
rurales con acceso limitado a veterinarios. Se realizaron evaluaciones detalladas sobre la eficiencia
y precisión de varios modelos de CNN, y se llegó a la conclusión de que MobileNetV2 es el modelo
de CNN más adecuado para este estudio porque combina la rapidez y la precisión. En este estudio,
MobileNetV2 demostró ser una buena solución para el diagnóstico en tiempo real con una
precisión del 98.02%. Este estudio también incluyó el desarrollo de un prototipo de aplicación
móvil que permite a los usuarios capturar imágenes de las gallinas y recibir un diagnóstico
automático de las enfermedades detectadas. Esta aplicación mejora la capacidad de los productores
avícolas para gestionar brotes de enfermedades y reducir la mortalidad aviar, demostrando la
viabilidad de la inteligencia artificial en el sector avícola.","https://www.dspace.uce.edu.ec/handle/25000/37281","https://www.dspace.uce.edu.ec/server/api/core/bitstreams/9dab94a3-2be1-4143-8016-2412ff57e408/content","2025-01-01","2025-06-13","2025-06-13","95 páginas","Universidad Central del Ecuador",,,"Trabajo de grado - Pregrado","Publication",,"2026-07-15 00:55:06.402943+00"
65,"4633ac2e-c615-49ac-aaf9-07633a427b41","Predicciones electorales gubernamentales en Ecuador al 2025, Usando métricas en redes sociales Facebook, Instagram y TikTok","con el auge de las redes sociales como espacios de expresion politica, esta tesis explora la huella
digital de los 3 principales candidatos presidenciales en facebook, instagram y tiktok, mediante
tecnicas de analitica avanzada y enriquecimiento de datos basadas en transformadores. la
informacion fue recolectada a traves de descargas oficiales y web scraping, abarcando la primera y
segunda vuelta electoral en ecuador, con el fin de analizar patrones de interaccion y
comportamiento electoral. la investigacion se enfoca en una metodologia para predecir resultados
electorales mediante el analisis de interacciones en redes sociales (comentarios, reacciones, etc.).
se aplica un sistema de pesos multiplicativos normalizados para asignar una relevancia cuantitativa
a cada interaccion y estimar la intencion de voto; los pesos globales se calculan en funcion de la
frecuencia relativa de cada tipo de interaccion en la muestra. para asegurar una interpretacion
adecuada, los pesos se normalizan de manera que la sumatoria sea igual a uno, con el fin de
garantizar la comparabilidad y coherencia del modelo predictivo. desde el punto de vista etico y
legal, esta investigacion considera las implicaciones del uso de datos publicos extraidos de redes
sociales. se subraya la importancia del cumplimiento de normativas como la ley organica de
proteccion de datos personales de ecuador y el reglamento general de proteccion de datos de
la union europea. asimismo, se aborda el tema de los acuerdos de privacidad de las plataformas
y el uso de informacion por terceros con fines de marketing. esta investigacion concluye que el
analisis de redes sociales ofrece una herramienta valiosa para comprender el comportamiento
electoral, pero requiere un manejo riguroso que respete la privacidad y la transparencia. ademas,
deben considerarse las limitaciones metodologicas propias del trabajo con datos de redes sociales","Con el auge de las redes sociales como espacios de expresión política, esta tesis explora la huella
digital de los 3 principales candidatos presidenciales en Facebook, Instagram y TikTok, mediante
técnicas de analítica avanzada y enriquecimiento de datos basadas en Transformadores. La
información fue recolectada a través de descargas oficiales y web scraping, abarcando la primera y
segunda vuelta electoral en Ecuador, con el fin de analizar patrones de interacción y
comportamiento electoral. La investigación se enfoca en una metodología para predecir resultados
electorales mediante el análisis de interacciones en redes sociales (comentarios, reacciones, etc.).
Se aplica un sistema de pesos multiplicativos normalizados para asignar una relevancia cuantitativa
a cada interacción y estimar la intención de voto; los pesos globales se calculan en función de la
frecuencia relativa de cada tipo de interacción en la muestra. Para asegurar una interpretación
adecuada, los pesos se normalizan de manera que la sumatoria sea igual a uno, con el fin de
garantizar la comparabilidad y coherencia del modelo predictivo. Desde el punto de vista ético y
legal, esta investigación considera las implicaciones del uso de datos públicos extraídos de redes
sociales. Se subraya la importancia del cumplimiento de normativas como la Ley Orgánica de
Protección de Datos Personales de Ecuador y el Reglamento General de Protección de Datos de
la Unión Europea. Asimismo, se aborda el tema de los acuerdos de privacidad de las plataformas
y el uso de información por terceros con fines de marketing. Esta investigación concluye que el
análisis de redes sociales ofrece una herramienta valiosa para comprender el comportamiento
electoral, pero requiere un manejo riguroso que respete la privacidad y la transparencia. Además,
deben considerarse las limitaciones metodológicas propias del trabajo con datos de redes sociales","https://www.dspace.uce.edu.ec/handle/25000/39259","https://www.dspace.uce.edu.ec/server/api/core/bitstreams/1e612efe-78a9-477b-abf8-e9c4a183d428/content","2025-01-01","2025-12-17","2025-12-17",,"Universidad Central del Ecuador",,,"Trabajo de grado - Pregrado","Publication",,"2026-07-15 00:55:06.402943+00"
66,"57960b28-bcc7-465f-9744-93dd1eaab7a5","Diseño e implementación de una aplicación de minería de datos que permita sugerir personas con intereses afines mediante el análisis de sus preferencias en medios sociales.","con el objetivo de aprovechar los datos introducidos por millones de usuarios en redes sociales y convertirlos en graficos reveladores de informacion, se analizo, diseno, desarrollo e implemento una aplicacion de mineria de datos que permita, una vez analizadas las preferencias de las personas en twitter, recomendarle usuarios afines a sus gustos. para el desarrollo de esta aplicacion, como primer paso se realizo una recopilacion de las publicaciones generadas por una muestra de usuarios, la misma que fue sometida a un analisis de sentimientos para determinar la polaridad y las emociones expresadas en las publicaciones, luego se procedio a identificar las relaciones de afinidad entre los usuarios formando una red, para el desarrollo del proyecto se utilizo la metodologia de proyectos de mineria de datos crisp-dm, como un entorno y lenguaje de programacion con un enfoque estadistico se utilizo r ademas de su ide rstudio y para la visualizacion de la aplicacion se uso shinyr. con la implementacion de la aplicacion se logro mostrar resultados de un estudio, que muestran una nueva forma de establecer contacto con personas relacionandolas entre ellas mediante la manifestacion de sus gustos.","Con el objetivo de aprovechar los datos introducidos por millones de usuarios en redes sociales y convertirlos en gráficos reveladores de información, se analizó, diseñó, desarrolló e implementó una aplicación de minería de datos que permita, una vez analizadas las preferencias de las personas en Twitter, recomendarle usuarios afines a sus gustos. Para el desarrollo de esta aplicación, como primer paso se realizó una recopilación de las publicaciones generadas por una muestra de usuarios, la misma que fue sometida a un Análisis de Sentimientos para determinar la polaridad y las emociones expresadas en las publicaciones, luego se procedió a identificar las relaciones de afinidad entre los usuarios formando una red, para el desarrollo del proyecto se utilizó la metodología de proyectos de minería de datos CRISP-DM, como un entorno y lenguaje de programación con un enfoque estadístico se utilizó R además de su IDE RStudio y para la visualización de la aplicación se usó ShinyR. Con la implementación de la aplicación se logró mostrar resultados de un estudio, que muestran una nueva forma de establecer contacto con personas relacionándolas entre ellas mediante la manifestación de sus gustos.","https://www.dspace.uce.edu.ec/handle/25000/7371","https://www.dspace.uce.edu.ec/server/api/core/bitstreams/d4ab6d2e-0e6a-4f88-8b70-de765e555262/content","2016-09-20","2016-10-31","2016-10-31",,"Universidad Central del Ecuador","openAccess","http://creativecommons.org/licenses/by-nc-sa/3.0/ec/","bachelorThesis","Publication",,"2026-07-15 00:55:06.402943+00"
68,"49aa75c2-279c-472a-9dd9-383d3cb79caa","Aplicativo para detectar conductas violentas en Twitter, a través de análisis de sentimientos","hoy en dia existen multiples maneras de comunicarnos, y mas aun con la aparicion de las redes sociales, que son herramientas para expresar publicamente nuestras ideas y sentimientos. el inconveniente radica cuando el contenido presenta indicios de violencia, ya que muchas personas prefieren evitar este tipo de informacion. por esta razon el presente proyecto utiliza la red social twitter como instrumento para realizar un aplicativo capaz de detectar, clasificar, analizar y predecir textos que contengan en ellos signos de violencia a traves de la mineria de datos y el procesamiento del lenguaje. el estudio se enfoca principalmente en contenidos emitidos en ecuador que esten relacionados con la violencia de genero y la xenofobia","Hoy en día existen múltiples maneras de comunicarnos, y más aun con la aparición de las redes sociales, que son herramientas para expresar públicamente nuestras ideas y sentimientos. El inconveniente radica cuando el contenido presenta indicios de violencia, ya que muchas personas prefieren evitar este tipo de información. Por esta razón el presente proyecto utiliza la red social Twitter como instrumento para realizar un aplicativo capaz de detectar, clasificar, analizar y predecir textos que contengan en ellos signos de violencia a través de la minería de datos y el procesamiento del lenguaje. El estudio se enfoca principalmente en contenidos emitidos en Ecuador que estén relacionados con la violencia de género y la xenofobia","https://www.dspace.uce.edu.ec/handle/25000/20926","https://www.dspace.uce.edu.ec/server/api/core/bitstreams/834c536d-8864-426b-9a53-672aeddc1116/content","2020-01-01","2020-03-11","2020-03-11",,"Universidad Central del Ecuador","openAccess","http://creativecommons.org/licenses/by-nc-sa/3.0/ec/","bachelorThesis","Publication",,"2026-07-15 00:55:06.402943+00"
69,"03b2ff30-801d-4aac-b935-d086ccb9b334","Minería de texto en noticias sobre movilización social en el Ecuador","el presente proyecto tiene como objetivo realizar en prensa y digital un analisis comparativo de titulos, y en las primeras lineas de noticias conocidas como entradillas o leads. este estudio se realizo sobre noticias enfocadas en movilizaciones sociales en el ecuador entre los anos 1990 al 2005, con tecnicas de procesamiento del lenguaje natural (pln) enmarcando la mineria de texto y metodos de riqueza lexica. el proyecto parte con la obtencion de noticias del diario el universo y el hoy, transcritas en archivos digitales por estudiantes de pregrado de la facultad de comunicacion social de la universidad central del ecuador. luego como parte de la metodologia en esta tesis se hace uso de las tecnicas de pln para la respectiva limpieza del texto, y por medio de la mineria de opinion determinar el sentimiento expresado en dichos textos, basados en la creacion de un corpus textual y especializado en el dominio periodistico. se implemento los algoritmos de aprendizaje supervisado, eligiendo el mejor modelo a random forest para titulos y leads. posteriormente, en el analisis a los textos se visualizo mediante la nube de palabras y el reconocimiento de entidades nombradas, luego el procesamiento a profundidad con la tecnica de bigramas. ademas, el calculo del indice de riqueza lexica ttr (type-token ratio) y los hapax legomena hacia las frecuencias de palabras, mostrando factores, localidades, actores mas mencionados y la diversidad lexica en los textos. para el desarrollo de esta tesis se emplea la metodologia crisp-dm y el lenguaje de programacion python.","El presente proyecto tiene como objetivo realizar en prensa y digital un análisis comparativo de títulos, y en las primeras líneas de noticias conocidas como entradillas o leads. Este estudio se realizó sobre noticias enfocadas en movilizaciones sociales en el Ecuador entre los años 1990 al 2005, con técnicas de procesamiento del lenguaje natural (PLN) enmarcando la minería de texto y métodos de riqueza léxica. El proyecto parte con la obtención de noticias del diario el Universo y El Hoy, transcritas en archivos digitales por estudiantes de pregrado de la Facultad de Comunicación Social de la Universidad Central del Ecuador. Luego como parte de la metodología en esta tesis se hace uso de las técnicas de PLN para la respectiva limpieza del texto, y por medio de la minería de opinión determinar el sentimiento expresado en dichos textos, basados en la creación de un CORPUS textual y especializado en el dominio periodístico. Se implementó los algoritmos de aprendizaje supervisado, eligiendo el mejor modelo a Random Forest para títulos y leads. Posteriormente, en el análisis a los textos se visualizó mediante la nube de palabras y el reconocimiento de entidades nombradas, luego el procesamiento a profundidad con la técnica de bigramas. Además, el cálculo del índice de riqueza léxica TTR (Type-Token Ratio) y los hápax legomena hacia las frecuencias de palabras, mostrando factores, localidades, actores más mencionados y la diversidad léxica en los textos. Para el desarrollo de esta tesis se emplea la metodología CRISP-DM y el lenguaje de programación Python.","https://www.dspace.uce.edu.ec/handle/25000/25068","https://www.dspace.uce.edu.ec/server/api/core/bitstreams/85b69dab-a90c-4b8b-89e5-14864b848a0d/content","2021-01-01","2021-12-07","2021-12-07","111 páginas","Universidad Central del Ecuador","openAccess","http://creativecommons.org/licenses/by-nc-sa/3.0/ec/","bachelorThesis","Publication",,"2026-07-15 00:55:06.402943+00"
70,"0512b59d-0c66-4eee-987b-271459749d6e","Análisis comparativo de algoritmos de Machine Learning para la detección de plagas en los cultivos representativos de la sierra ecuatoriana","el presente trabajo ha sido efectuado para identificar algunas de las plagas que afectan a cultivos de maiz, papa, tomate rinon y manzana, endemicos de la serrania ecuatoriana; a traves de la comparacion de distintos algoritmos de machine y deep learning, como svm, bosques aleatorios, regresion logistica y dos arquitecturas de redes neuronales convolucionales inceptionv3 y vgg-19. con el fin de determinar cual ofrece mejores resultados en distintas metricas analizadas, exactitud, precision, exhaustividad y f1. para obtener los mejores resultados posibles en este analisis comparativo, se aplico la metodologia crisp - dm, misma que cubre cada aspecto de la mineria de datos, como el planteamiento de objetivos de negocio, la obtencion y comprension del conjunto de datos, la limpieza y preparacion datasets, la construccion de los modelos de mineria, ademas de la evaluacion, discusion e implantacion de los resultados obtenidos. finalmente, de acuerdo con el estudio realizado se aplico el mejor modelo para la construccion de un prototipo el cual fue la red neuronal convolucional inceptionv3; el prototipo realizado, permite al usuario enviar imagenes para ser procesadas por el modelo y este a su vez reciba una prediccion he informacion de los sintomas, ademas de una sugerencia de un posible tratamiento.","El presente trabajo ha sido efectuado para identificar algunas de las plagas que afectan a cultivos de maíz, papa, tomate riñón y manzana, endémicos de la serranía ecuatoriana; a través de la comparación de distintos algoritmos de machine y deep learning, como SVM, Bosques Aleatorios, Regresión Logística y dos arquitecturas de redes neuronales convolucionales InceptionV3 y VGG-19. Con el fin de determinar cuál ofrece mejores resultados en distintas métricas analizadas, exactitud, precisión, exhaustividad y F1. Para obtener los mejores resultados posibles en este análisis comparativo, se aplicó la metodología CRISP - DM, misma que cubre cada aspecto de la minería de datos, como el planteamiento de objetivos de negocio, la obtención y comprensión del conjunto de datos, la limpieza y preparación datasets, la construcción de los modelos de minería, además de la evaluación, discusión e implantación de los resultados obtenidos. Finalmente, de acuerdo con el estudio realizado se aplicó el mejor modelo para la construcción de un prototipo el cual fue la red neuronal convolucional InceptionV3; el prototipo realizado, permite al usuario enviar imágenes para ser procesadas por el modelo y este a su vez reciba una predicción he información de los síntomas, además de una sugerencia de un posible tratamiento.","https://www.dspace.uce.edu.ec/handle/25000/24228","https://www.dspace.uce.edu.ec/server/api/core/bitstreams/78b0f9b8-3500-47d3-b8e9-57dc379fa01b/content","2021-01-01","2021-08-31","2021-08-31","134 páginas","Universidad Central del Ecuador","openAccess","http://creativecommons.org/licenses/by-nc-sa/3.0/ec/","bachelorThesis","Publication",,"2026-07-15 00:55:06.402943+00"
71,"c3bd998e-34d4-4483-8bed-892a09c790c1","Propuesta de una herramienta basada en aprendizaje profundo para soportar la detección de retinopatía diabética","la presente investigacion se enfoca en el desarrollo de un prototipo movil para la deteccion
temprana de retinopatia diabetica utilizando modelos de aprendizaje profundo. la retinopatia
diabetica es una complicacion grave de la diabetes que puede llevar a la ceguera si no se detecta a
tiempo, por esta razon el objetivo principal del estudio es identificar el modelo de red neuronal
convolucional (cnn) mas eficaz para clasificar imagenes de retina en cinco niveles de severidad:
no_dr, mild, moderate, severe y proliferate_dr. se emplea la metodologia crisp-dm para abordar
el problema, desde la comprension del negocio hasta la construccion del prototipo, para ello se
evaluaron varios modelos preentrenados, incluidos alexnet, vgg-16, vgg-19, densenet y
efficientnetb0. el analisis muestra que densenet sobresale en precision, especificidad, sensibilidad,
puntuacion f1 y precision global, con una exactitud del 98.32%, superior a efficientnetb0 con
93.57%, por ello densenet destaca por su capacidad para manejar eficazmente las imagenes de
retina y clasificar los distintos niveles de retinopatia diabetica con alta exactitud. el prototipo de la
aplicacion movil se desarrolla siguiendo una metodologia en cascada, que incluye fases de analisis,
diseno, construccion y verificacion; obteniendo un prototipo que se basa en una arquitectura
cliente-servidor, donde el servidor esta desarrollado en flask y el cliente en flutter, la aplicacion
permite a los usuarios cargar imagenes de la retina y proporciona una prediccion sobre el grado de
retinopatia. los resultados evidencian el potencial de los modelos de aprendizaje profundo para
mejorar la deteccion temprana de enfermedades oculares, ademas ofrecen una herramienta valiosa
para la gestion de la salud visual en entornos con recursos limitados.","La presente investigación se enfoca en el desarrollo de un prototipo móvil para la detección
temprana de retinopatía diabética utilizando modelos de aprendizaje profundo. La retinopatía
diabética es una complicación grave de la diabetes que puede llevar a la ceguera si no se detecta a
tiempo, por esta razón el objetivo principal del estudio es identificar el modelo de red neuronal
convolucional (CNN) más eficaz para clasificar imágenes de retina en cinco niveles de severidad:
No_DR, Mild, Moderate, Severe y Proliferate_DR. Se emplea la metodología CRISP-DM para abordar
el problema, desde la comprensión del negocio hasta la construcción del prototipo, para ello se
evaluaron varios modelos preentrenados, incluidos AlexNet, VGG-16, VGG-19, DenseNet y
EfficientNetB0. El análisis muestra que DenseNet sobresale en precisión, especificidad, sensibilidad,
puntuación F1 y precisión global, con una exactitud del 98.32%, superior a EfficientNetB0 con
93.57%, por ello DenseNet destaca por su capacidad para manejar eficazmente las imágenes de
retina y clasificar los distintos niveles de retinopatía diabética con alta exactitud. El prototipo de la
aplicación móvil se desarrolla siguiendo una metodología en cascada, que incluye fases de análisis,
diseño, construcción y verificación; obteniendo un prototipo que se basa en una arquitectura
cliente-servidor, donde el servidor esta desarrollado en Flask y el cliente en Flutter, la aplicación
permite a los usuarios cargar imágenes de la retina y proporciona una predicción sobre el grado de
retinopatía. Los resultados evidencian el potencial de los modelos de aprendizaje profundo para
mejorar la detección temprana de enfermedades oculares, además ofrecen una herramienta valiosa
para la gestión de la salud visual en entornos con recursos limitados.","https://www.dspace.uce.edu.ec/handle/25000/39256","https://www.dspace.uce.edu.ec/server/api/core/bitstreams/e42d0d2a-66b8-4d8f-9694-a13924f78ea3/content","2025-01-01","2025-12-17","2025-12-17","103 páginas","Universidad Central del Ecuador",,,"Trabajo de grado - Pregrado","Publication",,"2026-07-15 00:55:06.402943+00"
73,"87f97445-95cd-4a06-ad8d-fdeb56d719b6","Análisis de algoritmos de Deep learning para la detección de degradación de vegetales en refrigeración mediante un prototipo de detección.","actualmente, uno de los grandes problemas que afectan el mundo es el desperdicio de alimentos. ano tras ano se desaprovechan cientos de toneladas de comida debido a exceso de produccion, mal manejo de los alimentos durante la cadena de suministro alimenticia o muchas veces por una falta de planificacion por parte de los consumidores. es por ello que el presente trabajo de investigacion tuvo como objetivo realizar una comparativa entre varios modelos de redes neuronales convolucionales (cnn) que detectan la fase de degradacion en ambiente de refrigeracion para alimentos de origen vegetal, y se obtuvo como resultado que la mas adecuada para esta funcion fue faster rcnn, la cual presento una precision de un 76.9%. para poder elaborar una implementacion practica de este modelo, se elaboro un dispositivo electronico casero basado en la placa programable esp32-cam, y un aplicativo movil mediante la metodologia model d que se conecta al dispositivo dentro del refrigerador y les presenta a los usuarios la fase de degradacion de sus alimentos.","Actualmente, uno de los grandes problemas que afectan el mundo es el desperdicio de alimentos. Año tras año se desaprovechan cientos de toneladas de comida debido a exceso de producción, mal manejo de los alimentos durante la cadena de suministro alimenticia o muchas veces por una falta de planificación por parte de los consumidores. Es por ello que el presente trabajo de investigación tuvo como objetivo realizar una comparativa entre varios modelos de redes neuronales convolucionales (CNN) que detectan la fase de degradación en ambiente de refrigeración para alimentos de origen vegetal, y se obtuvo como resultado que la más adecuada para esta función fue Faster RCNN, la cual presento una precisión de un 76.9%. Para poder elaborar una implementación práctica de este modelo, se elaboró un dispositivo electrónico casero basado en la placa programable ESP32-CAM, y un aplicativo móvil mediante la metodología Model D que se conecta al dispositivo dentro del refrigerador y les presenta a los usuarios la fase de degradación de sus alimentos.","https://www.dspace.uce.edu.ec/handle/25000/34873","https://www.dspace.uce.edu.ec/server/api/core/bitstreams/39927761-649a-4706-acc1-cfa14d123e03/content","2024-01-01","2024-09-26","2024-09-26","65 páginas.","Universidad Central del Ecuador",,,"Trabajo de grado - Pregrado","Publication",,"2026-07-15 00:55:06.402943+00"
74,"962b87cc-2c16-4378-ba39-733a1c483e38","Reconocimiento de placas vehiculares en tiempo real por medio de visión artificial caso: Universidad Central del Ecuador.","tomando en cuenta el sistema actual de la universidad central del ecuador para el control de acceso vehicular el presente trabajo; aborda la investigacion de la disciplina de vision artificial que se aplica con el objetivo de adquirir, procesar y analizar imagenes que surgen constantemente en el mundo real, obteniendo un funcionamiento similar al sentido de la vista del ser humano; y el diseno de un prototipo aplicado al reconocimiento de placas vehiculares
con formato xxx-### o xxx-####, haciendo uso del lenguaje de programacion python, la libreria opencv y tambien conjuntos de imagenes de distintas fuentes para evaluar el modelo propuesto en el prototipo.","Tomando en cuenta el sistema actual de la Universidad Central del Ecuador para el control de acceso vehicular el presente trabajo; aborda la investigación de la disciplina de Visión Artificial que se aplica con el objetivo de adquirir, procesar y analizar imágenes que surgen constantemente en el mundo real, obteniendo un funcionamiento similar al sentido de la vista del ser humano; y el diseño de un prototipo aplicado al reconocimiento de placas vehiculares
con formato XXX-### o XXX-####, haciendo uso del lenguaje de programación Python, la librería OpenCV y también conjuntos de imágenes de distintas fuentes para evaluar el modelo propuesto en el prototipo.","https://www.dspace.uce.edu.ec/handle/25000/11755","https://www.dspace.uce.edu.ec/server/api/core/bitstreams/a6f2b79f-f850-4da8-9f37-2fc1c510bcf5/content","2017-07-25","2017-08-22","2017-08-22",,"Universidad Central del Ecuador","openAccess","http://creativecommons.org/licenses/by-nc-sa/3.0/ec/","bachelorThesis","Publication",,"2026-07-15 00:55:06.402943+00"
75,"872143f2-e11e-4073-aa01-cb46a55c8c32","Análisis del funcionamiento y uso del ChatGPT para la generación de respuestas en el procesamiento del lenguaje natural en el contexto educativo superior informático.","el presente proyecto se enfoco en explorar la dinamica y las repercusiones del uso de chatgpt en el contexto de la educacion superior informatica. a traves de una encuesta e investigacion bibliografica y documentales, se evaluo la capacidad de esta herramienta de inteligencia artificial para enriquecer los procesos educativos, facilitando la comprension de conceptos complejos y optimizando la eficiencia en la resolucion de consultas academicas. sin embargo, se abordo tambien una faceta critica, reconociendo que el uso frecuente en chatgpt podria fomentar un enfoque pasivo hacia el aprendizaje, limitando el desarrollo del pensamiento critico y la iniciativa personal en los estudiantes. este estudio busca equilibrar la vision sobre chatgpt, destacando su potencial transformador en la educacion informatica, al tiempo que se subraya la importancia de su uso consciente y moderado para preservar la esencia del proceso educativo.","El presente proyecto se enfocó en explorar la dinámica y las repercusiones del uso de ChatGPT en el contexto de la educación superior informática. A través de una encuesta e investigación bibliográfica y documentales, se evaluó la capacidad de esta herramienta de inteligencia artificial para enriquecer los procesos educativos, facilitando la comprensión de conceptos complejos y optimizando la eficiencia en la resolución de consultas académicas. Sin embargo, se abordó también una faceta crítica, reconociendo que el uso frecuente en ChatGPT podría fomentar un enfoque pasivo hacia el aprendizaje, limitando el desarrollo del pensamiento crítico y la iniciativa personal en los estudiantes. Este estudio busca equilibrar la visión sobre ChatGPT, destacando su potencial transformador en la educación informática, al tiempo que se subraya la importancia de su uso consciente y moderado para preservar la esencia del proceso educativo.","https://www.dspace.uce.edu.ec/handle/25000/34133","https://www.dspace.uce.edu.ec/server/api/core/bitstreams/70538fd9-2abf-44b8-bd5c-02f5ade83055/content","2024-01-01","2024-07-11","2024-07-11","113 páginas","Universidad Central del Ecuador",,,"Trabajo de grado - Pregrado","Publication",,"2026-07-15 00:55:06.402943+00"
76,"c035e4d7-ebc8-45f9-a37e-b9af83432cb9","Análisis comparativo de modelos de lenguaje preentrenados en la clasificación de sentimientos en la red social X durante las elecciones presidenciales de Ecuador 2025","este estudio se centro en el analisis comparativo de modelos de lenguaje preentrenados para la
clasificacion de sentimientos en publicaciones de la red social x durante el proceso electoral
presidencial ecuatoriano del 2025. para ello, se desarrollo un sistema de scraping automatizado que
recolecto publicaciones entre el 2 de febrero y el 2 de abril, empleando terminos clave definidos a
partir de fuentes mediaticas y discursos politicos. una vez obtenido el corpus, se aplicaron
procesos de limpieza, normalizacion textual y etiquetado semiautomatico mediante un enfoque
basado en diccionarios (lexicon-based), con el objetivo de construir un conjunto de datos
etiquetados y adecuados para la evaluacion. posteriormente, se evaluo el rendimiento de tres
modelos preentrenados: bert (modelo multilingue de hugging face), gpt (a traves de la api de
openai) y deepseek (mediante la plataforma openrouter). cada modelo fue analizado, utilizando
metricas macro: precision, recall y f1-score, segun la concordancia entre sus predicciones y las
etiquetas reales. la investigacion permitio valorar la eficacia de estos modelos en la clasificacion
de sentimientos (positivo, neutral y negativo) dentro del contexto del espanol ecuatoriano,
destacando tanto sus capacidades como sus limitaciones frente a la variabilidad y complejidad del
lenguaje usado en redes sociales. entre los modelos evaluados, bert presento el mejor
desempeno, al ofrecer la mejor compensacion entre exactitud y capacidad de recuperacion segun
las metricas aplicadas. los resultados ofrecen una base solida para futuras aplicaciones de
procesamiento de lenguaje natural en entornos sociopoliticos hispanohablantes.","Este estudio se centró en el análisis comparativo de modelos de lenguaje preentrenados para la
clasificación de sentimientos en publicaciones de la red social X durante el proceso electoral
presidencial ecuatoriano del 2025. Para ello, se desarrolló un sistema de scraping automatizado que
recolectó publicaciones entre el 2 de febrero y el 2 de abril, empleando términos clave definidos a
partir de fuentes mediáticas y discursos políticos. Una vez obtenido el corpus, se aplicaron
procesos de limpieza, normalización textual y etiquetado semiautomático mediante un enfoque
basado en diccionarios (lexicón-based), con el objetivo de construir un conjunto de datos
etiquetados y adecuados para la evaluación. Posteriormente, se evaluó el rendimiento de tres
modelos preentrenados: BERT (modelo multilingüe de Hugging Face), GPT (a través de la API de
OpenAI) y DeepSeek (mediante la plataforma OpenRouter). Cada modelo fue analizado, utilizando
métricas macro: precisión, recall y F1-score, según la concordancia entre sus predicciones y las
etiquetas reales. La investigación permitió valorar la eficacia de estos modelos en la clasificación
de sentimientos (positivo, neutral y negativo) dentro del contexto del español ecuatoriano,
destacando tanto sus capacidades como sus limitaciones frente a la variabilidad y complejidad del
lenguaje usado en redes sociales. Entre los modelos evaluados, BERT presentó el mejor
desempeño, al ofrecer la mejor compensación entre exactitud y capacidad de recuperación según
las métricas aplicadas. Los resultados ofrecen una base sólida para futuras aplicaciones de
procesamiento de lenguaje natural en entornos sociopolíticos hispanohablantes.","https://www.dspace.uce.edu.ec/handle/25000/39222","https://www.dspace.uce.edu.ec/server/api/core/bitstreams/eccbe158-c833-4470-ae24-e6b9a40c5e88/content","2025-01-01","2025-12-16","2025-12-16","63 páginas","Universidad Central del Ecuador",,,"Trabajo de grado - Pregrado","Publication",,"2026-07-15 00:55:06.402943+00"
77,"bd5702c2-69b3-475c-b916-8250c84abee1","Análisis de los algoritmos de Deep learning para la detección de cáncer de mama mediante imágenes realizadas con resonancia magnética.","this work has been carried out to identify breast cancer by magnetic resonance imaging through the comparison of different deep learning algorithms, such as the following convolutional neural network architectures: residual neural network resnet-50, inceptionv3 and vgg-16 from which a comparative analysis was conducted with about 10,000 images where it was possible to extract different criteria that have allowed to learn the neural network in order to establish which algorithm offers the best results by analyzing its different metrics: accuracy, completeness and confusion matrix. the crisp-dm methodology was used to obtain favorable results in the comparative analysis, as well as to meet the business objectives, the extraction and understanding of the data together with the evaluation and implementation of the results achieved. subsequently, the best model for the construction of a prototype of the restnet-50 convolutional architecture was chosen through a process that allows loading medical images by magnetic resonance in .png format, and in turn performs the detection of breast cancer. this model will be a contribution in the field of medicine and oncology","This work has been carried out to identify breast cancer by magnetic resonance imaging through the comparison of different deep learning algorithms, such as the following convolutional neural network architectures: residual neural network ResNet-50, inceptionV3 and VGG-16 from which a comparative analysis was conducted with about 10,000 images where it was possible to extract different criteria that have allowed to learn the neural network in order to establish which algorithm offers the best results by analyzing its different metrics: accuracy, completeness and confusion matrix. The CRISP-DM methodology was used to obtain favorable results in the comparative analysis, as well as to meet the business objectives, the extraction and understanding of the data together with the evaluation and implementation of the results achieved. Subsequently, the best model for the construction of a prototype of the RestNet-50 convolutional architecture was chosen through a process that allows loading medical images by magnetic resonance in .png format, and in turn performs the detection of breast cancer. This model will be a contribution in the field of medicine and oncology","https://www.dspace.uce.edu.ec/handle/25000/30784","https://www.dspace.uce.edu.ec/server/api/core/bitstreams/b075ce10-1458-46dd-8d8b-7b7696a497b4/content","2023-01-01","2023-07-18","2023-07-18","90 páginas","Universidad Central del Ecuador","openAccess","http://creativecommons.org/licenses/by-nc-sa/3.0/ec/","bachelorThesis","Publication",,"2026-07-15 00:55:06.402943+00"
79,"bfb917b3-d9bc-4fbe-af88-6e90c9cbf837","Análisis comparativo de algoritmos Deep Learning para identificar emociones primarias en los seres humanos.","el presente trabajo de investigacion tuvo como objetivo: realizar un estudio comparativo de modelos empleados para detectar emociones tanto en el contenido del mensaje como en imagenes del rostro, para evaluar su rendimiento y evidenciar la precision en la identificacion de las emociones primarias. la investigacion siguio un enfoque cualitativo de alcance descriptivo, que involucra el analisis de emociones y sentimientos a traves de imagenes y audio, utilizando tecnologias de aprendizaje automatico y servicios cognitivos en la nube. se usaron redes neuronales convolucionales (cnns) preentrenadas y tecnicas avanzadas de procesamiento de imagenes para obtener una alta precision en la identificacion y verificacion usando la libreria deepface para identificar emociones en imagenes subidas o capturadas en tiempo real, mientras que, el procesamiento de audio emplea speech sdk de azure para transcripcion y analisis de sentimientos, utilizando redes neuronales recurrentes (rnns) entrenadas en grandes conjuntos de datos de audio para mapear las caracteristicas de audio a probabilidades foneticas. el estudio planteo la identificacion de las emociones mediante las apis en una interfaz, para que una vez obtenidos los resultados, puedan ser tratados mediante un analisis bimodal, utilizando una combinacion lineal ponderada, con una combinacion del 80%, se obtuvo un promedio de precision del 41,78% por audio y 96,52% con imagenes.","El presente trabajo de investigación tuvo como objetivo: Realizar un estudio comparativo de modelos empleados para detectar emociones tanto en el contenido del mensaje como en imágenes del rostro, para evaluar su rendimiento y evidenciar la precisión en la identificación de las emociones primarias. La investigación siguió un enfoque cualitativo de alcance descriptivo, que involucra el análisis de emociones y sentimientos a través de imágenes y audio, utilizando tecnologías de aprendizaje automático y servicios cognitivos en la nube. Se usaron Redes Neuronales Convolucionales (CNNs) preentrenadas y técnicas avanzadas de procesamiento de imágenes para obtener una alta precisión en la identificación y verificación usando la librería DeepFace para identificar emociones en imágenes subidas o capturadas en tiempo real, mientras que, el procesamiento de audio emplea Speech SDK de Azure para transcripción y análisis de sentimientos, utilizando Redes Neuronales Recurrentes (RNNs) entrenadas en grandes conjuntos de datos de audio para mapear las características de audio a probabilidades fonéticas. El estudio planteo la identificación de las emociones mediante las APIs en una interfaz, para que una vez obtenidos los resultados, puedan ser tratados mediante un análisis Bimodal, utilizando una combinación lineal ponderada, con una combinación del 80%, se obtuvo un promedio de precisión del 41,78% por audio y 96,52% con imágenes.","https://www.dspace.uce.edu.ec/handle/25000/35348","https://www.dspace.uce.edu.ec/server/api/core/bitstreams/5cfdc6f7-f4cc-4efe-b462-579c979b5fbf/content","2024-01-01","2024-11-25","2024-11-25","72 páginas.","Universidad Central del Ecuador",,,"Trabajo de grado - Pregrado","Publication",,"2026-07-15 00:55:06.402943+00"
80,"b2f77524-21b7-4c89-96cf-80844bf8ff62","Análisis, implementación y evaluación de modelos de aprendizaje automático relacional","en la actualidad, existe una descompensacion en cuanto a la cantidad y calidad de
herramientas de aprendizaje automatico relacional comparado con la cantidad y
calidad de herramientas de aprendizaje automatico no relacional existentes. el
aprendizaje automatico a partir de datos relacionales es un tema poco tratado debido a
su complejidad y desconocimiento, por ello los metodos de prediccion se centran en
aprender de propiedades inherentes a los objetos de estudio ignorando las relaciones en
las que estos participan. en la presente investigacion se analizan, implementan y
evaluan tecnicas de aprendizaje automatico relacional. partiremos de conceptos
basicos hasta llegar a la implementacion de estas tecnicas, con el objetivo de desarrollar
formalismos que permitan predecir de mejor manera el comportamiento de
determinados fenomenos relacionales. para ello, se parte de una idea general de
inteligencia artificial, aprendizaje automatico y conceptos basicos relacionados con la
teoria de grafos para aplicar tecnicas de aprendizaje profundo y modelado basado en
bases de datos en grafo.","En la actualidad, existe una descompensación en cuanto a la cantidad y calidad de
herramientas de Aprendizaje Automático relacional comparado con la cantidad y
calidad de herramientas de Aprendizaje Automático no relacional existentes. El
aprendizaje automático a partir de datos relacionales es un tema poco tratado debido a
su complejidad y desconocimiento, por ello los métodos de predicción se centran en
aprender de propiedades inherentes a los objetos de estudio ignorando las relaciones en
las que éstos participan. En la presente investigación se analizan, implementan y
evalúan técnicas de Aprendizaje Automático relacional. Partiremos de conceptos
básicos hasta llegar a la implementación de estas técnicas, con el objetivo de desarrollar
formalismos que permitan predecir de mejor manera el comportamiento de
determinados fenómenos relacionales. Para ello, se parte de una idea general de
Inteligencia Artificial, Aprendizaje Automático y conceptos básicos relacionados con la
Teoría de Grafos para aplicar técnicas de aprendizaje profundo y modelado basado en
bases de datos en grafo.","https://www.dspace.uce.edu.ec/handle/25000/19631","https://www.dspace.uce.edu.ec/server/api/core/bitstreams/8f6e618d-c814-44ca-ac0a-e68f66a1e1a4/content","2019-01-01","2019-10-19","2019-10-19",,"Universidad Central del Ecuador","openAccess","http://creativecommons.org/licenses/by-nc-sa/3.0/ec/","bachelorThesis","Publication",,"2026-07-15 00:55:06.402943+00"
81,"b52fb33e-d2a5-401e-8f5d-0c042b64dd6f","Diagnóstico automatizado de la inflamación crónica de las glándulas sebáceas en el rostro mediante redes neuronales convolucionales para la determinación de un tratamiento adecuado","el presente estudio propone un sistema automatizado de diagnostico de acne, basado en
redes neuronales convolucionales que se integran en un prototipo de aplicacion movil, el
cual facilita la autoevaluacion facial rapida y accesible. para el desarrollo de cada fase del
estudio se aplico la metodologia crisp-dm, desde la recoleccion y preparacion de datos
hasta el modelado, evaluacion y despliegue del sistema. el modelo se entreno con imagenes
clinicamente clasificadas en cuatro categorias: sin acne, acne leve, moderado y severo; y se
evaluaron tres arquitecturas de redes neuronales convolucionales: yolov8-cls, resnet50
y densenet121. los resultados obtenidos evidenciaron que densenet121 es el modelo
mas eficiente por su precision y capacidad de generalizacion entre clases, con una precision
global (92.35%), y resultados optimos en las categorias de acne leve (91.1%), moderado
(90.4%), severo (92.6%) y sin acne (93.3%). el prototipo movil no reemplaza la valoracion
medica profesional, pero ofrece recomendaciones basicas de cuidado facial permitiendo
una valoracion preliminar, es decir la deteccion temprana del acne desde cualquier lugar,
especialmente en zonas con acceso limitado a especialistas.","El presente estudio propone un sistema automatizado de diagnóstico de acné, basado en
redes neuronales convolucionales que se integran en un prototipo de aplicación móvil, el
cual facilita la autoevaluación facial rápida y accesible. Para el desarrollo de cada fase del
estudio se aplicó la metodología CRISP-DM, desde la recolección y preparación de datos
hasta el modelado, evaluación y despliegue del sistema. El modelo se entrenó con imágenes
clínicamente clasificadas en cuatro categorías: sin acné, acné leve, moderado y severo; y se
evaluaron tres arquitecturas de redes neuronales convolucionales: YOLOv8-cls, ResNet50
y DenseNet121. Los resultados obtenidos evidenciaron que DenseNet121 es el modelo
más eficiente por su precisión y capacidad de generalización entre clases, con una precisión
global (92.35%), y resultados óptimos en las categorías de acné leve (91.1%), moderado
(90.4%), severo (92.6%) y sin acné (93.3%). El prototipo móvil no reemplaza la valoración
médica profesional, pero ofrece recomendaciones básicas de cuidado facial permitiendo
una valoración preliminar, es decir la detección temprana del acné desde cualquier lugar,
especialmente en zonas con acceso limitado a especialistas.","https://www.dspace.uce.edu.ec/handle/25000/39262","https://www.dspace.uce.edu.ec/server/api/core/bitstreams/46c7274a-bfb7-4218-a670-686dde1dd87d/content","2025-01-01","2025-12-17","2025-12-17",,"Universidad Central del Ecuador",,,"Trabajo de grado - Pregrado","Publication",,"2026-07-15 00:55:06.402943+00"
104,"e839f0fd-1663-42f6-aa31-3e3fd31147c8","Rendimiento académico como problemática a la deserción estudiantil. Un enfoque desde la IA.","este proyecto de titulacion pretende demostrar como los modelos basados en inteligencia
artificial son viables para la prediccion del rendimiento academico de los estudiantes de una
institucion de educacion superior y como identificar factores asociados a la desercion. se
aplico la metodologia crisp-dm que consta de las fases de comprension del negocio,
comprension de los datos, modelado, evaluacion y despliegue del modelo, el cual tiene como
objetivo predecir el rendimiento academico en terminos cuantitativos para permitir a las
instituciones educativas tomar medidas preventivas y desarrollar estrategias de intervencion
oportunas para reducir la tasa de reprobacion y desercion estudiantil universitaria. los
resultados mostraron que factores socioeconomicos, demograficos y educativos influyen
significativamente en el rendimiento academico. a partir de la evaluacion de tres modelos de
aprendizaje automatico, se concluyo que el modelo de random forest presento el mejor
desempeno en la prediccion de la variable nota_final, superando a los modelos de knn y
redes neuronales. ademas, se confirmo que es posible identificar a los estudiantes con
riesgo de bajo rendimiento mediante modelos predictivos.","Este proyecto de titulación pretende demostrar como los modelos basados en inteligencia
artificial son viables para la predicción del rendimiento académico de los estudiantes de una
Institución de Educación Superior y como identificar factores asociados a la deserción. Se
aplicó la metodología CRISP-DM que consta de las fases de comprensión del negocio,
comprensión de los datos, modelado, evaluación y despliegue del modelo, el cual tiene como
objetivo predecir el rendimiento académico en términos cuantitativos para permitir a las
instituciones educativas tomar medidas preventivas y desarrollar estrategias de intervención
oportunas para reducir la tasa de reprobación y deserción estudiantil universitaria. Los
resultados mostraron que factores socioeconómicos, demográficos y educativos influyen
significativamente en el rendimiento académico. A partir de la evaluación de tres modelos de
aprendizaje automático, se concluyó que el modelo de Random Forest presentó el mejor
desempeño en la predicción de la variable Nota_Final, superando a los modelos de KNN y
Redes Neuronales. Además, se confirmó que es posible identificar a los estudiantes con
riesgo de bajo rendimiento mediante modelos predictivos.","https://www.dspace.uce.edu.ec/handle/25000/40548","https://www.dspace.uce.edu.ec/server/api/core/bitstreams/669ca9cd-efc8-4873-ae26-f59e45b5f290/content","2026-01-01","2026-05-20","2026-05-20","237 páginas","Universidad Central del Ecuador",,,"Trabajo de grado - Pregrado","Publication",,"2026-07-15 00:55:06.402943+00"
82,"90c4ff93-c20e-437f-95e4-10e9c01b290f","VTuber con IA: Solución para Automatizar Tareas y Mejorar la Interacción en Transmisiones en Vivo.","el presente trabajo de titulacion plantea un prototipo de vtuber con inteligencia artificial
orientado a mejorar la interaccion en transmisiones en vivo y optimizar el flujo de trabajo de
los creadores de contenido. la investigacion se enmarca en el contexto del crecimiento del
streaming y la popularidad de los vtubers, los cuales enfrentan desafios como la sobrecarga
de tareas, la necesidad de moderacion del chat y el agotamiento fisico y mental de los
streamers. para dar solucion, se propone una arquitectura de software basada en una
metodologia de prototipos y en los principios de arquitectura limpia, integrando tecnologias
como modelos de lenguaje grandes (llms), en particular gemini 2.0 flash, junto con
sistemas de reconocimiento y sintesis de voz. el sistema implementado permite a un vtuber
2d automatizar tareas de moderacion, generar respuestas en tiempo real y mantener una
interaccion coherente y dinamica con los espectadores. esta herramienta resulto un apoyo
para la generacion de contenido interactivo y sostenible, mostrando el potencial de los
vtubers con inteligencia artificial","El presente trabajo de titulación plantea un prototipo de VTuber con inteligencia artificial
orientado a mejorar la interacción en transmisiones en vivo y optimizar el flujo de trabajo de
los creadores de contenido. La investigación se enmarca en el contexto del crecimiento del
streaming y la popularidad de los VTubers, los cuales enfrentan desafíos como la sobrecarga
de tareas, la necesidad de moderación del chat y el agotamiento físico y mental de los
streamers. Para dar solución, se propone una arquitectura de software basada en una
metodología de prototipos y en los principios de arquitectura limpia, integrando tecnologías
como modelos de lenguaje grandes (LLMs), en particular Gemini 2.0 Flash, junto con
sistemas de reconocimiento y síntesis de voz. El sistema implementado permite a un VTuber
2D automatizar tareas de moderación, generar respuestas en tiempo real y mantener una
interacción coherente y dinámica con los espectadores. Esta herramienta resultó un apoyo
para la generación de contenido interactivo y sostenible, mostrando el potencial de los
VTubers con inteligencia artificial","https://www.dspace.uce.edu.ec/handle/25000/40000","https://www.dspace.uce.edu.ec/server/api/core/bitstreams/512b2030-0bbc-42e9-be3d-53079b818f9a/content","2026-01-01","2026-03-23","2026-03-23","80 páginas","Universidad Central del Ecuador",,,"Trabajo de grado - Pregrado","Publication",,"2026-07-15 00:55:06.402943+00"
83,"91a90190-8e71-451e-850c-ee592e333b8e","POC para la automatización de procesos en el ingreso de pagos bancarios de los clientes en la Fundación Espoir.","este proyecto de tesis aplica conocimientos de ingenieria en informatica para disenar un portal que capture datos no estructurados de la fundacion espoir mediante sistemas avanzados e inteligentes. la automatizacion de procesos permitira liberar recursos y optimizar su uso en distintas areas. el proyecto incluira el diseno de diagramas, la creacion de una base de datos, el consumo de servicios cognitivos de azure y la implementacion de metodologias agiles en su desarrollo. el portal facilitara la ingesta y procesamiento inteligente de datos no estructurados, reduciendo asi errores humanos y tiempos asociados a la captura manual. a continuacion, se detalla el aporte de cada capitulo para mejorar la navegabilidad y comprension del documento: en el capitulo i: generalidades, se expone la resena historica, planteamiento del problema, base legal, formulacion, objetivos, justificacion y alcance del proyecto; en el capitulo ii: marco referencial, se abordan la fundamentacion teorica, metodologia y herramientas a utilizar; en el capitulo iii: implementacion, se detallan los procesos involucrados en el desarrollo e implementacion del sistema, incluyendo planificacion, requerimientos, modelo entidad-relacion, pruebas e implementacion; finalmente, en el capitulo iv: conclusiones y recomendaciones, se complementa con conclusiones, recomendaciones, bibliografia, anexos y los manuales de usuario y desarrollo.","Este proyecto de tesis aplica conocimientos de Ingeniería en Informática para diseñar un portal que capture datos no estructurados de la Fundación Espoir mediante sistemas avanzados e inteligentes. La automatización de procesos permitirá liberar recursos y optimizar su uso en distintas áreas. El proyecto incluirá el diseño de diagramas, la creación de una base de datos, el consumo de servicios cognitivos de Azure y la implementación de metodologías ágiles en su desarrollo. El portal facilitará la ingesta y procesamiento inteligente de datos no estructurados, reduciendo así errores humanos y tiempos asociados a la captura manual. A continuación, se detalla el aporte de cada capítulo para mejorar la navegabilidad y comprensión del documento: en el Capítulo I: Generalidades, se expone la reseña histórica, planteamiento del problema, base legal, formulación, objetivos, justificación y alcance del proyecto; en el Capítulo II: Marco Referencial, se abordan la fundamentación teórica, metodología y herramientas a utilizar; en el Capítulo III: Implementación, se detallan los procesos involucrados en el desarrollo e implementación del sistema, incluyendo planificación, requerimientos, modelo entidad-relación, pruebas e implementación; finalmente, en el Capítulo IV: Conclusiones y Recomendaciones, se complementa con conclusiones, recomendaciones, bibliografía, anexos y los manuales de usuario y desarrollo.","https://www.dspace.uce.edu.ec/handle/25000/37234","https://www.dspace.uce.edu.ec/server/api/core/bitstreams/b80f2e31-91ea-44b6-b15a-0ff2bf3f156e/content","2025-01-01","2025-06-09","2025-06-09","112 páginas","Universidad Central del Ecuador",,,"Trabajo de grado - Pregrado","Publication",,"2026-07-15 00:55:06.402943+00"
84,"a80a9b24-3315-4611-9581-180338152e83","Propuesta de un modelo para mitigar noticias falsas en una red social basada en tecnología blockchain.","el siguiente trabajo de investigacion tiene como objetivo proponer un modelo para mitigar noticias falsas en redes sociales basadas en tecnologia blockchain a traves de contratos inteligentes. se definen teorias y conceptos elementales que abordan la problematica de la propagacion de noticias falsas en epocas y periodos determinados como, por ejemplo: procesos electorales, situaciones ambientales, etc. se construyen indicadores de relevancia que permiten calcular el prestigio de los usuarios a partir de las publicaciones que realizan y comparten en la red con el fin de que la propia comunidad se regule asi misma unicamente analizando su nivel de prestigio. se detalla el funcionamiento de los contratos inteligentes desde la codificacion hasta la interaccion con el contrato dentro de la red ethereum en un ambiente local de pruebas. igualmente se indican las herramientas utilizadas para la compilacion y el despliegue del contrato inteligente. finalmente, la contribucion del siguiente trabajo es obtener un nivel de prestigio para cada usuario
a traves de sus publicaciones y que esta sea el punto de partida donde se pueda integrar con la red social minds basada en blockchain.","El siguiente trabajo de investigación tiene como objetivo proponer un modelo para mitigar noticias falsas en redes sociales basadas en tecnología Blockchain a través de contratos inteligentes. Se definen teorías y conceptos elementales que abordan la problemática de la propagación de noticias falsas en épocas y periodos determinados como, por ejemplo: procesos electorales, situaciones ambientales, etc. Se construyen indicadores de relevancia que permiten calcular el prestigio de los usuarios a partir de las publicaciones que realizan y comparten en la red con el fin de que la propia comunidad se regule así misma únicamente analizando su nivel de prestigio. Se detalla el funcionamiento de los contratos inteligentes desde la codificación hasta la interacción con el contrato dentro de la red Ethereum en un ambiente local de pruebas. Igualmente se indican las herramientas utilizadas para la compilación y el despliegue del contrato inteligente. Finalmente, la contribución del siguiente trabajo es obtener un nivel de prestigio para cada usuario
a través de sus publicaciones y que esta sea el punto de partida donde se pueda integrar con la red social Minds basada en Blockchain.","https://www.dspace.uce.edu.ec/handle/25000/26450","https://www.dspace.uce.edu.ec/server/api/core/bitstreams/5eb6e30d-e611-4367-b1d3-1bc2e655b27d/content","2021-01-01","2022-05-05","2022-05-05","84 páginas","Universidad Central del Ecuador","openAccess","http://creativecommons.org/licenses/by-nc-sa/3.0/ec/","bachelorThesis","Publication",,"2026-07-15 00:55:06.402943+00"
85,"a80d258e-dde4-4eca-93af-14ae21ea7985","Análisis de algoritmos de aprendizaje para detectar distracciones y somnolencia en conductores.","en esta investigacion se propone un metodo de bajo costo y no invasivo para la reduccion de accidentes de transito utilizando inteligencia artificial. se utilizo reconocimiento de imagenes para detectar los distintos signos de somnolencia y distracciones unicamente con una camara que apunte al conductor desde el lado derecho en un angulo diagonal, simulando que el dispositivo se encuentra en el tablero del automovil. como parte de la investigacion, se compararon 4 modelos de aprendizaje profundo: vgg-16, resnet152, xception y mobilenet, se utilizo la metodologia crispdm y el conjunto de datos drowsiness_yololabels, se evaluaron: la matriz de confusion, precision, peso del modelo y tiempo que se demora en predecir para garantizar que el modelo seleccionado tenga un funcionamiento optimo en condiciones de carretera donde no necesariamente existe cobertura de internet. como resultado, se selecciono el modelo mobilenet con una precision del 89%, peso final de 9.4 mb y un tiempo de prediccion de 0.0906 segundos. finalmente, se implemento este modelo en un prototipo desarrollado para dispositivos moviles con sistema operativo android, la metodologia utilizada fue rad y se obtuvieron resultados favorables en la deteccion de distracciones y somnolencia al conducir.","En esta investigación se propone un método de bajo costo y no invasivo para la reducción de accidentes de tránsito utilizando inteligencia artificial. Se utilizó reconocimiento de imágenes para detectar los distintos signos de somnolencia y distracciones únicamente con una cámara que apunte al conductor desde el lado derecho en un ángulo diagonal, simulando que el dispositivo se encuentra en el tablero del automóvil. Como parte de la investigación, se compararon 4 modelos de aprendizaje profundo: VGG-16, Resnet152, Xception y MobileNet, se utilizó la metodología CRISPDM y el conjunto de datos Drowsiness_yololabels, se evaluaron: la matriz de confusión, precisión, peso del modelo y tiempo que se demora en predecir para garantizar que el modelo seleccionado tenga un funcionamiento óptimo en condiciones de carretera donde no necesariamente existe cobertura de internet. Como resultado, se seleccionó el modelo MobileNet con una precisión del 89%, peso final de 9.4 MB y un tiempo de predicción de 0.0906 segundos. Finalmente, se implementó este modelo en un prototipo desarrollado para dispositivos móviles con sistema operativo Android, la metodología utilizada fue RAD y se obtuvieron resultados favorables en la detección de distracciones y somnolencia al conducir.","https://www.dspace.uce.edu.ec/handle/25000/34006","https://www.dspace.uce.edu.ec/server/api/core/bitstreams/94d847d0-1109-436e-84ff-a804aff913b0/content","2024-01-01","2024-07-03","2024-07-03","82 páginas","Universidad Central del Ecuador",,,"Trabajo de grado - Pregrado","Publication",,"2026-07-15 00:55:06.402943+00"
86,"a94cba80-bede-4a72-8415-2a902f1da3a4","Análisis predictivo del estrés utilizando dispositivos wearables y algoritmos de aprendizaje profundo para el monitoreo de los niveles de estrés laboral","la presente investigacion se centra en evaluar la eficacia de los algoritmos de deep learning, incluyendo redes neuronales convolucionales (cnn), redes neuronales recurrentes (rnn) y redes lstm, para predecir niveles de estres laboral utilizando datos de dispositivos wearables. para ello, se empleo una base de datos de la plataforma dryad, asociada a publicaciones cientificas y medicas, basada en un estudio en un entorno laboral real. las variables consideradas incluyeron la frecuencia cardiaca, temperatura corporal, actividad electrodermica, entre otras, todas fundamentales para el desarrollo del modelo. ademas, se analizo el mercado de dispositivos wearables, evaluando los sensores que incorporan.
siguiendo la metodologia crisp-dm, se realizo un analisis exhaustivo de los datos, incluyendo la eliminacion de valores atipicos y la normalizacion de variables, optimizando asi los resultados. se llevaron a cabo dos evaluaciones: una con tecnica de balanceo de datos smote y otra sin aplicarla. los resultados mostraron que las cnn, sin smote, presentaron menos fluctuaciones durante el aprendizaje, debido a su arquitectura eficiente y elevado rendimiento. ajustando la estructura de las capas y los hiperparametros, se logro una precision del 97%. finalmente, para el desarrollo del prototipo de aplicacion movil, se utilizo la metodologia scrum. este prototipo se conecta con los datos recopilados por un dispositivo wearable e integra el modelo de prediccion, permitiendo al usuario observar, evaluar y comprender los resultados sobre los niveles de estres. la interfaz intuitiva del prototipo facilita la interaccion, proporcionando una herramienta practica para el manejo del estres laboral.","La presente investigación se centra en evaluar la eficacia de los algoritmos de Deep Learning, incluyendo Redes Neuronales Convolucionales (CNN), Redes Neuronales Recurrentes (RNN) y redes LSTM, para predecir niveles de estrés laboral utilizando datos de dispositivos wearables. Para ello, se empleó una base de datos de la plataforma DRYAD, asociada a publicaciones científicas y médicas, basada en un estudio en un entorno laboral real. Las variables consideradas incluyeron la frecuencia cardiaca, temperatura corporal, actividad electrodérmica, entre otras, todas fundamentales para el desarrollo del modelo. Además, se analizó el mercado de dispositivos wearables, evaluando los sensores que incorporan.
Siguiendo la metodología CRISP-DM, se realizó un análisis exhaustivo de los datos, incluyendo la eliminación de valores atípicos y la normalización de variables, optimizando así los resultados. Se llevaron a cabo dos evaluaciones: una con técnica de balanceo de datos SMOTE y otra sin aplicarla. Los resultados mostraron que las CNN, sin SMOTE, presentaron menos fluctuaciones durante el aprendizaje, debido a su arquitectura eficiente y elevado rendimiento. Ajustando la estructura de las capas y los hiperparámetros, se logró una precisión del 97%. Finalmente, para el desarrollo del prototipo de aplicación móvil, se utilizó la metodología SCRUM. Este prototipo se conecta con los datos recopilados por un dispositivo wearable e integra el modelo de predicción, permitiendo al usuario observar, evaluar y comprender los resultados sobre los niveles de estrés. La interfaz intuitiva del prototipo facilita la interacción, proporcionando una herramienta práctica para el manejo del estrés laboral.","https://www.dspace.uce.edu.ec/handle/25000/36592","https://www.dspace.uce.edu.ec/server/api/core/bitstreams/b49dcfdb-a6a9-493d-a119-e2a4807e4bf4/content","2025-01-01","2025-03-26","2025-03-26","122 páginas","Universidad Central del Ecuador",,,"Trabajo de grado - Pregrado","Publication",,"2026-07-15 00:55:06.402943+00"
88,"dbd7d224-12dc-4320-bea6-0181f5709571","Explorando GPT como herramienta de la enseñanza en el ámbito educativo superior en Ingeniería Informática para la materia Programación I.","el uso de inteligencia artificial generativa (iag) en el ambito de la ingenieria ha abierto nuevas posibilidades para mejorar los procesos de ensenanza y aprendizaje en areas tecnicas. este estudio analiza el impacto de los modelos de lenguaje a gran escala (llm) en la ensenanza de estructuras repetitivas en programacion, fundamentales en la formacion de ingenieros en sistemas y disciplinas afines. a traves de un enfoque metodologico mixto, se aplicaron encuestas y ejercicios experimentales para evaluar la comprension de conceptos algoritmicos mediante la interaccion con sistemas de iag. los resultados evidencian una mejora significativa en la asimilacion de conocimientos cuando se emplean tecnicas avanzadas de optimizacion de instrucciones y adaptacion de contenidos generados por ia. se discuten las implicaciones de la implementacion de estas tecnologias en la ingenieria educativa, su impacto en la formacion profesional y los retos asociados a su integracion en entornos academicos y de desarrollo de software.","El uso de inteligencia artificial generativa (IAG) en el ámbito de la ingeniería ha abierto nuevas posibilidades para mejorar los procesos de enseñanza y aprendizaje en áreas técnicas. Este estudio analiza el impacto de los modelos de lenguaje a gran escala (LLM) en la enseñanza de estructuras repetitivas en programación, fundamentales en la formación de ingenieros en sistemas y disciplinas afines. A través de un enfoque metodológico mixto, se aplicaron encuestas y ejercicios experimentales para evaluar la comprensión de conceptos algorítmicos mediante la interacción con sistemas de IAG. Los resultados evidencian una mejora significativa en la asimilación de conocimientos cuando se emplean técnicas avanzadas de optimización de instrucciones y adaptación de contenidos generados por IA. Se discuten las implicaciones de la implementación de estas tecnologías en la ingeniería educativa, su impacto en la formación profesional y los retos asociados a su integración en entornos académicos y de desarrollo de software.","https://www.dspace.uce.edu.ec/handle/25000/37249","https://www.dspace.uce.edu.ec/server/api/core/bitstreams/6f8960b4-4899-4940-b19e-3b1e2beb5737/content","2025-01-01","2025-06-12","2025-06-12","93 páginas","Universidad Central del Ecuador",,,"Trabajo de grado - Pregrado","Publication",,"2026-07-15 00:55:06.402943+00"
89,"dc620812-04d4-4096-9ca0-26cfc55d9dfb","Tecnología del lenguaje humano, modelado del lenguaje n-gramas al dominio ecuatoriano","el presente proyecto tiene como objetivo analizar el comportamiento de los sentimientos implementando algoritmos supervisados, y n-gramas (un-grama, bi-gramas, tri-gramas), comparando el analisis de sentimientos entre datos obtenidos mediante la red social twitter, y datos obtenidos mediante una encuesta realizada en la facultad de ingenieria ciencias fisicas y matematicas, de la universidad central del ecuador. posteriormente, se extrae los tweets de la cuenta de la universidad central, para someterlos a limpieza de texto y que esten listos para el analisis mediante mineria de opinion. para determinar la polaridad de los tweets se hizo una comparacion de algoritmos supervisados, de los cuales se opto el mejor random forest, tanto para los tweets y la encuesta utilizando r. el sistema aborda resultados para definir el nivel de aceptacion en los tweets y de la encuesta que presenta la cuenta, los mismos que pueden ser visualizados graficamente mediante la libreria shiny que permite realizar aplicaciones web. el proyecto emplea la metodologia crisp-dm para proyectos de mineria de datos y r como lenguaje de programacion que tiene un enfoque estadistico y es pertinente para este campo de estudio.","El presente proyecto tiene como objetivo analizar el comportamiento de los sentimientos implementando algoritmos supervisados, y n-gramas (un-grama, bi-gramas, tri-gramas), comparando el análisis de sentimientos entre datos obtenidos mediante la red social Twitter, y datos obtenidos mediante una encuesta realizada en la Facultad de Ingeniería Ciencias Físicas y Matemáticas, de la Universidad Central del Ecuador. Posteriormente, se extrae los tweets de la cuenta de la Universidad Central, para someterlos a limpieza de texto y que estén listos para el análisis mediante minería de opinión. Para determinar la polaridad de los tweets se hizo una comparación de algoritmos supervisados, de los cuales se optó el mejor Random Forest, tanto para los tweets y la encuesta utilizando R. El sistema aborda resultados para definir el nivel de aceptación en los tweets y de la encuesta que presenta la cuenta, los mismos que pueden ser visualizados gráficamente mediante la librería Shiny que permite realizar aplicaciones web. El proyecto emplea la metodología CRISP-DM para proyectos de minería de datos y R como lenguaje de programación que tiene un enfoque estadístico y es pertinente para este campo de estudio.","https://www.dspace.uce.edu.ec/handle/25000/17569","https://www.dspace.uce.edu.ec/server/api/core/bitstreams/c5c1de5e-03ac-4418-bfb9-20be3a7ffe91/content","2019-01-01","2019-02-13","2019-02-13",,"Universidad Central del Ecuador","openAccess","http://creativecommons.org/licenses/by-nc-sa/3.0/ec/","bachelorThesis","Publication",,"2026-07-15 00:55:06.402943+00"
90,"af7c4e58-cdf9-4a72-8790-be3419a05bf7","Uso de la metodología STEAM para motivar a niños y jóvenes el uso de Inteligencia Artificial","la educacion marca el desarrollo de la sociedad, por este motivo se ha buscado desarrollar metodologias de ensenanza-aprendizaje que ayuden a generar en los estudiantes un deseo de investigar, crear e innovar. la educacion steam surge como la opcion mas acertada para cumplir con esta necesidad. dentro de esta investigacion se estudia la aplicacion de esta metodologia por medio del uso de las tic, con la finalidad de poder determinar si en efecto el uso de steam puede generar en ninos y jovenes motivacion y curiosidad sobre el uso y aplicacion de inteligencia artificial como una herramienta util para su desarrollo academico y para su vida","La educación marca el desarrollo de la sociedad, por este motivo se ha buscado desarrollar metodologías de enseñanza-aprendizaje que ayuden a generar en los estudiantes un deseo de investigar, crear e innovar. La educación STEAM surge como la opción más acertada para cumplir con esta necesidad. Dentro de esta investigación se estudia la aplicación de esta metodología por medio del uso de las TIC, con la finalidad de poder determinar si en efecto el uso de STEAM puede generar en niños y jóvenes motivación y curiosidad sobre el uso y aplicación de Inteligencia Artificial como una herramienta útil para su desarrollo académico y para su vida","https://www.dspace.uce.edu.ec/handle/25000/21910","https://www.dspace.uce.edu.ec/server/api/core/bitstreams/bed8c257-cca2-492a-80ef-00d4404038bd/content","2020-01-01","2020-10-22","2020-10-22",,"Universidad Central del Ecuador","openAccess","http://creativecommons.org/licenses/by-nc-sa/3.0/ec/","bachelorThesis","Publication",,"2026-07-15 00:55:06.402943+00"
91,"e3db52ea-a579-47bc-a936-a6312895a261","Detección de Covid 19 a partir de radiografías torácicas mediante redes neuronales convolucionales.","la pandemia de covid-19 causada por el coronavirus ha tenido consecuencias devastadoras en la salud y el bienestar de la poblacion humana. por este motivo un paso
critico para la lucha contra el covid-19 es la deteccion eficaz y temprana de pacientes infectados, siendo uno de los enfoques de deteccion clave el examen radiologico mediante radiografia de torax por su alta efectividad en patologias respiratorias. se disena varios modelos de red neuronal convolucional que permite clasificar imagenes rodrigadas de torax en tres clases: normal, covid-19 y neumonia. para el entrenamiento del modelo se han utilizado imagenes de un conjunto de datos abiertos disponibles en kaggle y github. se realiza dos partes para el desarrollo del prototipo, primero la coleccion, tratamiento y preparacion del dataset, construccion de los modelos y evaluacion y en la segunda parte la aplicacion movil e implementacion del servicio. finalmente, de los diferentes modelos que se entrenaron cambiando tanto los parametros como las epocas se ha llegado a un modelo con una precision de 88% el cual se utiliza en el prototipo de la aplicacion movil permitiendo al usuario enviar imagenes para ser procesadas por el modelo y este a su vez reciba una prediccion de una de las tres clases mencionadas anteriormente.","La pandemia de COVID-19 causada por el coronavirus ha tenido consecuencias devastadoras en la salud y el bienestar de la población humana. Por este motivo un paso
crítico para la lucha contra el COVID-19 es la detección eficaz y temprana de pacientes infectados, siendo uno de los enfoques de detección clave el examen radiológico mediante radiografía de tórax por su alta efectividad en patologías respiratorias. Se diseña varios modelos de red neuronal convolucional que permite clasificar imágenes rodrigadas de tórax en tres clases: Normal, Covid-19 y Neumonía. Para el entrenamiento del modelo se han utilizado imágenes de un conjunto de datos abiertos disponibles en Kaggle y GitHub. Se realiza dos partes para el desarrollo del prototipo, primero la colección, tratamiento y preparación del dataset, construcción de los modelos y evaluación y en la segunda parte la aplicación móvil e implementación del servicio. Finalmente, de los diferentes modelos que se entrenaron cambiando tanto los parámetros como las épocas se ha llegado a un modelo con una precisión de 88% el cual se utiliza en el prototipo de la aplicación móvil permitiendo al usuario enviar imágenes para ser procesadas por el modelo y este a su vez reciba una predicción de una de las tres clases mencionadas anteriormente.","https://www.dspace.uce.edu.ec/handle/25000/29323","https://www.dspace.uce.edu.ec/server/api/core/bitstreams/f089de1e-a5fe-4d46-82f2-0daae92e2299/content","2023-01-01","2023-03-09","2023-03-09","117 páginas","Universidad Central del Ecuador","openAccess","http://creativecommons.org/licenses/by-nc-sa/3.0/ec/","bachelorThesis","Publication",,"2026-07-15 00:55:06.402943+00"
92,"e471193b-90c9-416e-9b19-9c314e26b417","Aplicación de inteligencia de negocios como estrategia para el análisis de contenidos web referente a marcas en redes sociales.","a medida que los usuarios han ido proporcionado contenidos en la web, se ha ido produciendo una progresiva, y siempre creciente, sobrecarga de informacion. los foros y en redes sociales, existe una mayor interaccion social, y ya que en sus contenidos estan presentes opiniones y sentimientos de usuarios sobre lo que ocurre en el mundo real. esta informacion puede llegar a ser muy relevante, pues un eficaz analisis de la misma puede dar lugar a mediciones y explotacion de la aceptacion o rechazo en la sociedad sobre temas, marcas y cuestiones concretas. esto es muy importante, por ejemplo en el area de los negocios para medir las fortalezas y debilidades de un determinado producto en el mercado. es aqui donde surge la problematica de la mineria de opinion, mediante la cual se persigue dar una valoracion cuantitativa a expresiones subjetivas asociadas a opiniones y sentimientos, y se busca identificar el grado de polaridad positivo, negativo o neutro en el que se califica a todo tipo de entidades. la ayuda de la tecnologia de inteligencia de negocios especificamente en el tratamiento de la informacion proceso etl permitiendo su manejo para la toma de decisiones empresariales estrategicas, la comprension y acogida de una determinada marca en el mercado. con estos precedentes se platea este proyecto de grado que pretende dar una vision general sobre el uso e implementacion de herramientas de inteligencia de negocios y mineria de textos eficaces, permitiendo entender los conceptos y algoritmos sobre los que se basan las tecnicas asi como el resultado de su aplicacion sobre informacion no estructurada acerca de una tematica concreta.","A medida que los usuarios han ido proporcionado contenidos en la Web, se ha ido produciendo una progresiva, y siempre creciente, sobrecarga de información. Los foros y en redes sociales, existe una mayor interacción social, y ya que en sus contenidos están presentes opiniones y sentimientos de usuarios sobre lo que ocurre en el mundo real. Esta información puede llegar a ser muy relevante, pues un eficaz análisis de la misma puede dar lugar a mediciones y explotación de la aceptación o rechazo en la sociedad sobre temas, marcas y cuestiones concretas. Esto es muy importante, por ejemplo en el área de los negocios para medir las fortalezas y debilidades de un determinado producto en el mercado. Es aquí donde surge la problemática de la minería de opinión, mediante la cual se persigue dar una valoración cuantitativa a expresiones subjetivas asociadas a opiniones y sentimientos, y se busca identificar el grado de polaridad –positivo, negativo o neutro– en el que se califica a todo tipo de entidades. La ayuda de la tecnología de Inteligencia de Negocios específicamente en el tratamiento de la información proceso ETL permitiendo su manejo para la toma de decisiones empresariales estratégicas, la comprensión y acogida de una determinada marca en el mercado. Con estos precedentes se platea este proyecto de grado que pretende dar una visión general sobre el uso e implementación de herramientas de Inteligencia de Negocios y minería de textos eficaces, permitiendo entender los conceptos y algoritmos sobre los que se basan las técnicas así como el resultado de su aplicación sobre información no estructurada acerca de una temática concreta.","https://www.dspace.uce.edu.ec/handle/25000/4179","https://www.dspace.uce.edu.ec/server/api/core/bitstreams/a1ea08f0-3e25-478b-a29d-00d2820f78d2/content","2015-01-01","2015-06-09","2015-06-09",,"Universidad Central del Ecuador","openAccess","http://creativecommons.org/licenses/by-nc-sa/3.0/ec/","bachelorThesis","Publication",,"2026-07-15 00:55:06.402943+00"
105,"ea6c6672-3b58-42c0-8452-17597edb69c9","Sistema inteligente para el diagnóstico de enfermedades.","el presente proyecto de investigacion consiste en el desarrollo de un sistema experto que se propone como herramienta informatica para dar asistencia a medicos en el diagnostico de enfermedades, el dominio general de conocimiento de esta aplicacion son enfermedades en la piel, para lo cual se fundamenta en la implementacion de modelos o algoritmos de mineria de datos con los cuales se obtienen patrones del comportamiento de cada una de las
enfermedades. los datos utilizados para la realizacion de este proyecto se obtuvieron por parte de una donacion de la universidad de bilkent, departamento de ingenieria informatica y ciencias de la informacion en turquia, quienes llegaron a la conclusion de que no existe diferencia entre un diagnostico realizado en base a analisis quimicos de las lesiones y otro en base a caracteristicas fisiologicas de las mismas. la herramienta utilizada para la definicion de los patrones de cada una de las enfermedades es weka, especificamente el algoritmo j48 de arboles de decision. el desarrollo del sistema se realizo aplicando fundamentos de la ingenieria de software, utilizando un modelo secuencial y desarrollado con las herramientas xampp y drupal. el resultado de esta investigacion es una aplicacion web orientada a la entrega de diagnosticos medicos, la cual ayuda a los medicos a entregar un diagnostico agil y de esta manera disminuir errores en los mismos.","El presente proyecto de investigación consiste en el desarrollo de un sistema experto que se propone como herramienta informática para dar asistencia a médicos en el diagnóstico de enfermedades, el dominio general de conocimiento de esta aplicación son enfermedades en la piel, para lo cual se fundamenta en la implementación de modelos o algoritmos de minería de datos con los cuales se obtienen patrones del comportamiento de cada una de las
enfermedades. Los datos utilizados para la realización de este proyecto se obtuvieron por parte de una donación de la Universidad de Bilkent, Departamento de Ingeniería Informática y ciencias de la Información en Turquía, quienes llegaron a la conclusión de que no existe diferencia entre un diagnóstico realizado en base a análisis químicos de las lesiones y otro en base a características fisiológicas de las mismas. La Herramienta utilizada para la definición de los patrones de cada una de las enfermedades es Weka, específicamente el algoritmo J48 de árboles de decisión. El desarrollo del sistema se realizó aplicando fundamentos de la ingeniería de software, utilizando un modelo secuencial y desarrollado con las herramientas Xampp y Drupal. El resultado de esta investigación es una aplicación web orientada a la entrega de diagnósticos médicos, la cual ayuda a los médicos a entregar un diagnóstico ágil y de esta manera disminuir errores en los mismos.","https://www.dspace.uce.edu.ec/handle/25000/7388","https://www.dspace.uce.edu.ec/server/api/core/bitstreams/27df85ad-21c0-4bc7-92dc-63ba09d165e4/content","2016-09-16","2016-11-07","2016-11-07",,"Universidad Central del Ecuador","openAccess","http://creativecommons.org/licenses/by-nc-sa/3.0/ec/","bachelorThesis","Publication",,"2026-07-15 00:55:06.402943+00"
93,"e21a4137-f6d1-49f5-95ab-84d9aafa56fd","Reconocimiento de tumores y patologías cerebrales mediante inteligencia artificial.","en la actualidad podemos evidenciar que en los ultimos anos el avance tecnologico ha tenido una gran importancia en el area de la medicina. los especialistas radiologos realizan el proceso de comportamiento interno del cuerpo por medio de tomografos. las mismas que por medio de imagenes o peliculas nos permiten detectar enfermedades y que avanzado se encuentra la enfermedad. el presente trabajo tiene como objetivo el desarrollo de la identificacion de tumores cerebrales,
se va a utilizar imagenes generadas por tomografos, permitiendo extraer una gran cantidad de informacion de pacientes atendidos en el hospital de especialidades eugenio espejo y que cada uno de ellos pueda tener su historial medico de forma electronica e informacion importante para su diagnostico. finalmente, de acuerdo con el estudio de modelos de machine learning, se realizara la construccion de una red neuronal convolucional con la arquitectura densenet, este algoritmo
es de vital importancia para el diagnostico del paciente determinando si este posee o no un tumor cerebral.","En la actualidad podemos evidenciar que en los últimos años el avance tecnológico ha tenido una gran importancia en el área de la medicina. Los especialistas radiólogos realizan el proceso de comportamiento interno del cuerpo por medio de tomógrafos. Las mismas que por medio de imágenes o películas nos permiten detectar enfermedades y que avanzado se encuentra la enfermedad. El presente trabajo tiene como objetivo el desarrollo de la identificación de tumores cerebrales,
se va a utilizar imágenes generadas por tomógrafos, permitiendo extraer una gran cantidad de información de pacientes atendidos en el Hospital de Especialidades Eugenio Espejo y que cada uno de ellos pueda tener su historial médico de forma electrónica e información importante para su diagnóstico. Finalmente, de acuerdo con el estudio de modelos de Machine Learning, se realizará la construcción de una red neuronal convolucional con la arquitectura DenseNet, este algoritmo
es de vital importancia para el diagnóstico del paciente determinando si este posee o no un tumor cerebral.","https://www.dspace.uce.edu.ec/handle/25000/27244","https://www.dspace.uce.edu.ec/server/api/core/bitstreams/9f016cde-3926-4676-8400-4088bd5ea2b2/content","2022-01-01","2022-08-16","2022-08-16","78 páginas","Universidad Central del Ecuador","openAccess","http://creativecommons.org/licenses/by-nc-sa/3.0/ec/","bachelorThesis","Publication",,"2026-07-15 00:55:06.402943+00"
94,"ded5c5ea-8d6b-424c-9d32-ca1ce004ffd6","Predicción electoral mediante el análisis de redes sociales. Caso: Elección de alcalde en el distrito metropolitano de Quito febrero/2023.","este estudio se centra en los mensajes presentes en plataformas de redes sociales como twitter, dado que estas son una fuente constante de informacion y debate. las opiniones varian significativamente, especialmente cuando se trata de temas politicos. un ejemplo de esto son los comicios seccionales celebrados el 5 de febrero de 2023 en ecuador, los cuales constituyen la base de este estudio. en este contexto, se diseno un analisis de datos utilizando modelos de inteligencia artificial como naive bayes, svm, random forest y redes neuronales, implementados en python. este sistema es capaz de categorizar los tweets descargados en positivo, negativo y neutro, en funcion de un candidato presidencial en particular. a partir de estos resultados, el sistema puede ofrecer una evaluacion de polarizacion para los usuarios de twitter, tratandolos como electores. de esta manera, el numero de electores que apoya a un candidato se traduce en un porcentaje de votos electorales a su favor, lo que permite determinar si es el ganador.","Este estudio se centra en los mensajes presentes en plataformas de redes sociales como Twitter, dado que estas son una fuente constante de información y debate. Las opiniones varían significativamente, especialmente cuando se trata de temas políticos. Un ejemplo de esto son los comicios seccionales celebrados el 5 de febrero de 2023 en Ecuador, los cuales constituyen la base de este estudio. En este contexto, se diseñó un análisis de datos utilizando modelos de Inteligencia Artificial como Naive Bayes, SVM, Random Forest y Redes Neuronales, implementados en Python. Este sistema es capaz de categorizar los tweets descargados en positivo, negativo y neutro, en función de un candidato presidencial en particular. A partir de estos resultados, el sistema puede ofrecer una evaluación de polarización para los usuarios de Twitter, tratándolos como electores. De esta manera, el número de electores que apoya a un candidato se traduce en un porcentaje de votos electorales a su favor, lo que permite determinar si es el ganador.","https://www.dspace.uce.edu.ec/handle/25000/35050","https://www.dspace.uce.edu.ec/server/api/core/bitstreams/5dfdb91e-a321-431b-a30e-ebc3a7165601/content","2024-01-01","2024-10-16","2024-10-16","39 páginas","Universidad Central del Ecuador",,,"Trabajo de grado - Pregrado","Publication",,"2026-07-15 00:55:06.402943+00"
95,"d1671978-5ff1-4ada-9f38-4e48357c5652","Determinar la mejor plataforma para diagnosticar el Covid-19 mediante el análisis de placas e imágenes DICOM con manejo de Machine Learning.","los especialistas en radiologia medica utilizan imagenes o peliculas para detectar enfermedades, por lo que gracias al avance de las tecnologias en la actualidad se dispone de un sistema de comunicacion y archivo de imagenes llamados pacs que permite almacenar, visualizar, diagnosticar y distribuir imagenes medicas, estos estudios para poder guardarlos deben ser digitales y cumplan con el formato dicom. por ello, para el presente trabajo de investigacion se determinara la mejor plataforma para visualizacion, interpretacion e informe y gestion de archivos de imagenes dicom, de estas imagenes se extraera una gran cantidad de informacion de ellas y que cada paciente tenga su historial medico de forma electronica e informacion importante para un diagnostico en este caso de covid-19. finalmente, mediante un proceso comparativo entre varios algoritmos de deep learning, se disenara el modelo a utilizar en el prototipo con la
arquitectura densenet y el algoritmo de redes neuronales convolucionales, por lo que este algoritmo sera de vital importancia en la presente investigacion ya que servira para detectar si un paciente tiene covid19 o no.","Los especialistas en radiología médica utilizan imágenes o películas para detectar enfermedades, por lo que gracias al avance de las tecnologías en la actualidad se dispone de un sistema de comunicación y archivo de imágenes llamados PACS que permite almacenar, visualizar, diagnosticar y distribuir imágenes médicas, estos estudios para poder guardarlos deben ser digitales y cumplan con el formato DICOM. Por ello, para el presente trabajo de investigación se determinará la mejor plataforma para visualización, interpretación e informe y gestión de archivos de imágenes DICOM, de estas imágenes se extraerá una gran cantidad de información de ellas y que cada paciente tenga su historial médico de forma electrónica e información importante para un diagnóstico en este caso de Covid-19. Finalmente, mediante un proceso comparativo entre varios algoritmos de Deep Learning, se diseñará el modelo a utilizar en el prototipo con la
arquitectura DenseNet y el algoritmo de Redes Neuronales Convolucionales, por lo que este algoritmo será de vital importancia en la presente investigación ya que servirá para detectar si un paciente tiene Covid19 o no.","https://www.dspace.uce.edu.ec/handle/25000/25713","https://www.dspace.uce.edu.ec/server/api/core/bitstreams/df3974b2-8be1-4c0e-803c-efb5421d4358/content","2022-01-01","2022-02-24","2022-02-24","120 páginas","Universidad Central del Ecuador","openAccess","http://creativecommons.org/licenses/by-nc-sa/3.0/ec/","bachelorThesis","Publication",,"2026-07-15 00:55:06.402943+00"
96,"ce2ab4a1-63ea-4673-9e02-b14591cbc2a3","Análisis de algoritmos de redes neuronales convolucionales para la identificación de billetes de algunos países latinoamericanos.","la presente investigacion se enfoca en evaluar la eficacia de los algoritmos convolucionales para la identificacion y valoracion precisa de la denominacion de billetes de ecuador, colombia, peru y venezuela. para lograr este objetivo, se han considerado caracteristicas y elementos distintivos como elementos visuales, iconos, imagenes, uso de colores presentes en cada moneda. buscando proporcionar una solucion efectiva para la identificacion de billetes, lo cual beneficiaria a personas con dificultades visuales, analfabetas o aquellas que no estan familiarizadas con las monedas extranjeras. los resultados obtenidos en este estudio indican que los algoritmos convolucionales demuestran una alta precision en la identificacion de billetes, sobresaliendo el modelo mobilenet por su arquitectura ligera y alto rendimiento que al ajustar la estructura en sus capas y en hiperparametros, resulto un nivel de precision de 98% demostrando su capacidad para realizar predicciones con una alta tasa de acierto, el cual fue incorporado en un prototipo movil disenado para su evaluacion.","La presente investigación se enfoca en evaluar la eficacia de los algoritmos convolucionales para la identificación y valoración precisa de la denominación de billetes de Ecuador, Colombia, Perú y Venezuela. Para lograr este objetivo, se han considerado características y elementos distintivos como elementos visuales, iconos, imágenes, uso de colores presentes en cada moneda. Buscando proporcionar una solución efectiva para la identificación de billetes, lo cual beneficiaría a personas con dificultades visuales, analfabetas o aquellas que no están familiarizadas con las monedas extranjeras. Los resultados obtenidos en este estudio indican que los algoritmos convolucionales demuestran una alta precisión en la identificación de billetes, sobresaliendo el modelo MobileNet por su arquitectura ligera y alto rendimiento que al ajustar la estructura en sus capas y en hiperparámetros, resulto un nivel de precisión de 98% demostrando su capacidad para realizar predicciones con una alta tasa de acierto, el cual fue incorporado en un prototipo móvil diseñado para su evaluación.","https://www.dspace.uce.edu.ec/handle/25000/33678","https://www.dspace.uce.edu.ec/server/api/core/bitstreams/4adcdd16-af87-447f-a102-f86cd11d1365/content","2024-01-01","2024-05-22","2024-05-22","93 páginas","Universidad Central del Ecuador",,,"Trabajo de grado - Pregrado","Publication",,"2026-07-15 00:55:06.402943+00"
97,"c4e69406-2e1b-4939-a1f3-123e1ca49cc2","Implementación de un Modelo de Credit Scoring para créditos de consumo aplicado para Entidades de la Economía Popular y Solidaria","cada dia se generan billones de transacciones alrededor del mundo, la ciencia de los datos, machine learning, deep learning, big data, mineria de datos, son ramas de la matematica e informatica que pueden generar necesidad en cualquier empresa de contratar a una persona que tenga esos conocimientos, existen muchas empresas comerciales o financieras que aun no miran el potencial que podrian tener si estudian sus bases de datos.
el presente trabajo esta enfocado a las entidades de la economia popular y solidaria, especificamente para la creacion de modelos de clasificacion que permitiran a tomar decisiones en cuanto a la concesion de creditos se refiere. hay entidades que no tienen un departamento de riesgos y por ende corre el riesgo de no tener liquidez si no se administra bien sus recursos, mediante la aplicacion se pretende darles un criterio y que los oficiales de credito asuman un riesgo menor, o tener un coste de oportunidad","Cada día se generan billones de transacciones alrededor del mundo, la Ciencia de los Datos, Machine Learning, Deep Learning, Big Data, Minería de datos, son ramas de la matemática e informática que pueden generar necesidad en cualquier empresa de contratar a una persona que tenga esos conocimientos, existen muchas empresas comerciales o financieras que aún no miran el potencial que podrían tener si estudian sus bases de datos.
El presente trabajo está enfocado a las Entidades de la Economía Popular y Solidaria, específicamente para la creación de modelos de clasificación que permitirán a tomar decisiones en cuanto a la concesión de créditos se refiere. Hay entidades que no tienen un departamento de riesgos y por ende corre el riesgo de no tener liquidez si no se administra bien sus recursos, mediante la aplicación se pretende darles un criterio y que los oficiales de crédito asuman un riesgo menor, o tener un coste de oportunidad","https://www.dspace.uce.edu.ec/handle/25000/19348","https://www.dspace.uce.edu.ec/server/api/core/bitstreams/afea8b59-7a49-4577-a435-afb1fe3a22df/content","2019-01-01","2019-09-04","2019-09-04",,"Universidad Central del Ecuador","openAccess","http://creativecommons.org/licenses/by-nc-sa/3.0/ec/","bachelorThesis","Publication",,"2026-07-15 00:55:06.402943+00"
98,"0a0ecf11-9ada-43db-a765-a9da0fd55ee7","Propuesta de una herramienta para soportar la detección de tumores en el colon mediante el uso de redes neuronales convolucionales.","este proyecto se centra en la investigacion de modelos de aprendizaje automatico basados
en redes neuronales convolucionales (cnn) para mejorar la clasificacion binaria de tipos
de cancer a partir de imagenes medicas. se emplearan tres redes preentrenadas de vanguardia
(densenet201, resnet152v2 y yolov8m), ademas de una red neuronal personalizada.
estas redes se compararan utilizando metricas clave de desempeno, como la precision,
sensibilidad, el valor f1, con el objetivo de identificar el modelo con el mejor rendimiento.
uno de los desafios principales en este proyecto es superar las limitaciones computacionales
que presentan los modelos de aprendizaje profundo, especialmente en procesamiento y la
eficiencia de los modelos en entornos con recursos limitados. la alta demanda
computacional de los modelos preentrenados puede dificultar su implementacion en
situaciones clinicas que requieren diagnosticos rapidos y precisos. por lo tanto, se
implementaran estrategias de optimizacion avanzadas que permitan reducir el tamano del
modelo y la carga computacional permitiendo que los modelos puedan ejecutarse de manera
eficiente en dispositivos con capacidades computacionales limitadas, facilitando su
implementacion en escenarios clinicos reales. ademas, se utilizara la matriz de confusion
para evaluar el rendimiento de los modelos en esta tarea de clasificacion binaria, y se ajustaran
los hiperparametros para maximizar la exactitud y la efectividad del sistema. el resultado final
de este proyecto sera el desarrollo de un prototipo web, implementado en flask, que permita
la integracion de los modelos seleccionados para la deteccion automatica del cancer
colorrectal. este prototipo proporcionara una herramienta accesible para los profesionales
medicos, permitiendoles cargar imagenes de pacientes y recibir diagnosticos de manera rapida
y confiable. a traves de esta solucion innovadora, el proyecto busca contribuir al avance de
la medicina digital, mejorando la exactitud y la eficiencia de los diagnosticos, y ofreciendo
una herramienta confiable y eficaz para la deteccion temprana del cancer colorrectal.","Este proyecto se centra en la investigación de modelos de aprendizaje automático basados
en Redes Neuronales Convolucionales (CNN) para mejorar la clasificación binaria de tipos
de cáncer a partir de imágenes médicas. Se emplearán tres redes preentrenadas de vanguardia
(DenseNet201, ResNet152v2 y YOLOv8m), además de una red neuronal personalizada.
Estas redes se compararán utilizando métricas clave de desempeño, como la precisión,
sensibilidad, el valor F1, con el objetivo de identificar el modelo con el mejor rendimiento.
Uno de los desafíos principales en este proyecto es superar las limitaciones computacionales
que presentan los modelos de aprendizaje profundo, especialmente en procesamiento y la
eficiencia de los modelos en entornos con recursos limitados. La alta demanda
computacional de los modelos preentrenados puede dificultar su implementación en
situaciones clínicas que requieren diagnósticos rápidos y precisos. Por lo tanto, se
implementarán estrategias de optimización avanzadas que permitan reducir el tamaño del
modelo y la carga computacional permitiendo que los modelos puedan ejecutarse de manera
eficiente en dispositivos con capacidades computacionales limitadas, facilitando su
implementación en escenarios clínicos reales. Además, se utilizará la matriz de confusión
para evaluar el rendimiento de los modelos en esta tarea de clasificación binaria, y se ajustarán
los hiperparámetros para maximizar la exactitud y la efectividad del sistema. El resultado final
de este proyecto será el desarrollo de un prototipo web, implementado en Flask, que permita
la integración de los modelos seleccionados para la detección automática del cáncer
colorrectal. Este prototipo proporcionará una herramienta accesible para los profesionales
médicos, permitiéndoles cargar imágenes de pacientes y recibir diagnósticos de manera rápida
y confiable. A través de esta solución innovadora, el proyecto busca contribuir al avance de
la medicina digital, mejorando la exactitud y la eficiencia de los diagnósticos, y ofreciendo
una herramienta confiable y eficaz para la detección temprana del cáncer colorrectal.","https://www.dspace.uce.edu.ec/handle/25000/40546","https://www.dspace.uce.edu.ec/server/api/core/bitstreams/18f66785-5b00-4175-b6d9-6e270c8e5630/content","2026-01-01","2026-05-20","2026-05-20","137 páginas","Universidad Central del Ecuador",,,"Trabajo de grado - Pregrado","Publication",,"2026-07-15 00:55:06.402943+00"
99,"2a989d6b-cad5-413b-8e3a-1077378abc7f","Propuesta de una herramienta basada en redes neuronales convolucionales para soportar la identificación de enfermedades de la retina de los ojos.","la deteccion precisa de enfermedades oculares es fundamental para preservar la salud visual,
sin embargo, la interpretacion manual de imagenes de tomografia de coherencia optica puede
resultar desafiante, especialmente en presencia de patologias con alta similitud visual. este
estudio tuvo como finalidad desarrollar y evaluar modelos de redes neuronales
convolucionales capaces de clasificar automaticamente imagenes oct correspondientes a
cuatro condiciones: retina normal, neovascularizacion coroidea, edema macular diabetico y
drusas. se utilizaron imagenes del conjunto de datos denominado retinal oct images (optical
coherence tomography) obtenido de la plataforma kaggle, y se aplico la metodologia crisp-dm
para el analisis y procesamiento de datos. se entrenaron y compararon siete modelos (cnn
basica, inception v3, vgg16, resnet 50, resnet 101, densenet121 y densenet169), se
ajustaron sus hiperparametros y se evaluo su desempeno mediante metricas como exactitud,
precision, recall y f1-score. el modelo vgg16 obtuvo el mejor rendimiento con una
exactitud del 95%, y valores superiores al 90% en todas las metricas evaluadas para cada una
de las clases. no obstante, se evidencio una mayor dificultad en la clasificacion de imagenes
pertenecientes a cnv y drusen por su alta similitud. este estudio evidencia el potencial
de los modelos basados en redes neuronales convolucionales para apoyar el diagnostico
clinico en oftalmologia y plantea futuras lineas de investigacion orientadas a mejorar el
rendimiento ante clases similares, ampliar la base de datos y aplicar estos modelos en
entornos reales mediante aplicaciones clinicas accesibles.","La detección precisa de enfermedades oculares es fundamental para preservar la salud visual,
sin embargo, la interpretación manual de imágenes de tomografía de coherencia óptica puede
resultar desafiante, especialmente en presencia de patologías con alta similitud visual. Este
estudio tuvo como finalidad desarrollar y evaluar modelos de redes neuronales
convolucionales capaces de clasificar automáticamente imágenes OCT correspondientes a
cuatro condiciones: retina normal, neovascularización coroidea, edema macular diabético y
drusas. Se utilizaron imágenes del conjunto de datos denominado Retinal OCT Images (optical
coherence tomography) obtenido de la plataforma Kaggle, y se aplicó la metodología CRISP-DM
para el análisis y procesamiento de datos. Se entrenaron y compararon siete modelos (CNN
Básica, Inception V3, VGG16, ResNet 50, ResNet 101, DenseNet121 y DenseNet169), se
ajustaron sus hiperparámetros y se evaluó su desempeño mediante métricas como exactitud,
precisión, recall y F1-score. El modelo VGG16 obtuvo el mejor rendimiento con una
exactitud del 95%, y valores superiores al 90% en todas las métricas evaluadas para cada una
de las clases. No obstante, se evidenció una mayor dificultad en la clasificación de imágenes
pertenecientes a CNV y DRUSEN por su alta similitud. Este estudio evidencia el potencial
de los modelos basados en redes neuronales convolucionales para apoyar el diagnóstico
clínico en oftalmología y plantea futuras líneas de investigación orientadas a mejorar el
rendimiento ante clases similares, ampliar la base de datos y aplicar estos modelos en
entornos reales mediante aplicaciones clínicas accesibles.","https://www.dspace.uce.edu.ec/handle/25000/40541","https://www.dspace.uce.edu.ec/server/api/core/bitstreams/0a854939-9d22-42b3-b472-4a47555eec76/content","2026-01-01","2026-05-20","2026-05-20","142 páginas","Universidad Central del Ecuador",,,"Trabajo de grado - Pregrado","Publication",,"2026-07-15 00:55:06.402943+00"
100,"f9143f47-4f94-48df-b27d-a76c5bba514f","Impacto de la inteligencia artificial en el aprendizaje, de las carreras de ingeniería en la Universidad Central del Ecuador.","la presente investigacion tiene como proposito examinar como el uso de herramientas de
inteligencia artificial influyen en el proceso de aprendizaje de los estudiantes de las carreras de
ingenieria en la universidad central del ecuador. se adopto un enfoque mixto, combinando
encuestas de tipo cuantitativo y cualitativo aplicadas a estudiantes de octavo, noveno y decimo
semestre, con el objetivo de identificar patrones de uso, beneficios, limitaciones y desafios eticos
relacionados con estas tecnologias. la metodologia empleada en el analisis de datos se sustento en
el modelo crisp-dm (cross-industry standard process for data mining), y en tecnicas propias
de la mineria de datos educativos (edm), incorporando modelos de clasificacion y metodos de
aprendizaje automatico no supervisado para la agrupacion de datos (clustering).respecto a la parte
tecnica, para el procesamiento de la encuesta cualitativa se utilizo api (interfaz de programacion
de aplicaciones) de gemini-2.0-flash-exp, que facilito el analisis de sentimiento, permitiendo de
esta manera procesar, categorizar y facilitar la interpretacion de las distintas opiniones obtenidas.
a su vez en el estudio cuantitativo se utilizo tecnicas de clustering, en especifico el algoritmo de
k-means, permitiendo segmentar a los estudiantes a traves de sus perfiles y niveles de adopcion
de la inteligencia artificial (ia), aportando una vision mas precisa de los patrones colectivos.esta
investigacion, evidencia que la mayoria de los estudiantes de todas las ingenierias de la universidad
central del ecuador usan la inteligencia artificial como una herramienta de apoyo en su actividad
academica, identificando que potencia la comprension de conceptos complejos, mejora su
eficiencia en la resolucion de problemas optimizando el tiempo de estudio. por otro lado, tambien
se identifico riesgos que involucran a la dependencia tecnologica, la perdida de pensamiento critico
y la vulneracion de la etica academica.","La presente investigación tiene como propósito examinar como el uso de herramientas de
inteligencia artificial influyen en el proceso de aprendizaje de los estudiantes de las carreras de
Ingeniería en la Universidad Central del Ecuador. Se adoptó un enfoque mixto, combinando
encuestas de tipo cuantitativo y cualitativo aplicadas a estudiantes de octavo, noveno y décimo
semestre, con el objetivo de identificar patrones de uso, beneficios, limitaciones y desafíos éticos
relacionados con estas tecnologías. La metodología empleada en el análisis de datos se sustentó en
el modelo CRISP-DM (Cross-Industry Standard Process for Data Mining), y en técnicas propias
de la minería de datos educativos (EDM), incorporando modelos de clasificación y métodos de
aprendizaje automático no supervisado para la agrupación de datos (clustering).Respecto a la parte
técnica, para el procesamiento de la encuesta cualitativa se utilizó API (Interfaz de Programación
de Aplicaciones) de gemini-2.0-flash-exp, que facilitó el análisis de sentimiento, permitiendo de
esta manera procesar, categorizar y facilitar la interpretación de las distintas opiniones obtenidas.
A su vez en el estudio cuantitativo se utilizó técnicas de clustering, en específico el algoritmo de
K-Means, permitiendo segmentar a los estudiantes a través de sus perfiles y niveles de adopción
de la Inteligencia Artificial (IA), aportando una visión más precisa de los patrones colectivos.Esta
investigación, evidencia que la mayoría de los estudiantes de todas las ingenierías de la Universidad
Central del Ecuador usan la inteligencia artificial como una herramienta de apoyo en su actividad
académica, identificando que potencia la comprensión de conceptos complejos, mejora su
eficiencia en la resolución de problemas optimizando el tiempo de estudio. Por otro lado, también
se identificó riesgos que involucran a la dependencia tecnológica, la pérdida de pensamiento crítico
y la vulneración de la ética académica.","https://www.dspace.uce.edu.ec/handle/25000/40540","https://www.dspace.uce.edu.ec/server/api/core/bitstreams/78be2fa2-8541-44c3-a9ba-cab1e53e2333/content","2026-01-01","2026-05-20","2026-05-20","159 páginas","Universidad Central del Ecuador",,,"Trabajo de grado - Pregrado","Publication",,"2026-07-15 00:55:06.402943+00"
101,"3080e9f7-21e9-4c7f-b0a6-79aee5353fbe","Ética en el uso de Algoritmos de Inteligencia Artificial para Diagnósticos Psicológicos Clínicos.","el presente trabajo de investigacion analizo los aspectos eticos y de transparencia vinculados
al uso de algoritmos de inteligencia artificial (ia) en diagnosticos psicologicos clinicos. a
traves de un enfoque metodologico mixto, se combinaron encuestas con escala de likert
dirigidas a psicologos clinicos y una revision bibliografica exhaustiva que permitio
contextualizar los hallazgos en el marco de la literatura cientifica disponible. los resultados
cuantitativos reflejaron una percepcion general positiva respecto a la utilidad de la ia en
salud mental, aunque persistieron preocupaciones sobre su transparencia, el impacto en la
relacion terapeutica y la preparacion profesional. por otro lado, el analisis cualitativo
evidencio que los profesionales consideraron fundamental la supervision humana y el
conocimiento sobre el funcionamiento de los algoritmos para garantizar una practica clinica
etica y responsable. la triangulacion de los hallazgos resalto una brecha entre el avance
tecnologico y las condiciones practicas y formativas en el contexto ecuatoriano. este estudio
concluyo con la necesidad urgente de establecer marcos eticos claros, fortalecer la formacion
en ia para psicologos y garantizar mecanismos de supervision que priorizaran el bienestar
del paciente en un entorno digitalizado.","El presente trabajo de investigación analizó los aspectos éticos y de transparencia vinculados
al uso de algoritmos de inteligencia artificial (IA) en diagnósticos psicológicos clínicos. A
través de un enfoque metodológico mixto, se combinaron encuestas con escala de Likert
dirigidas a psicólogos clínicos y una revisión bibliográfica exhaustiva que permitió
contextualizar los hallazgos en el marco de la literatura científica disponible. Los resultados
cuantitativos reflejaron una percepción general positiva respecto a la utilidad de la IA en
salud mental, aunque persistieron preocupaciones sobre su transparencia, el impacto en la
relación terapéutica y la preparación profesional. Por otro lado, el análisis cualitativo
evidenció que los profesionales consideraron fundamental la supervisión humana y el
conocimiento sobre el funcionamiento de los algoritmos para garantizar una práctica clínica
ética y responsable. La triangulación de los hallazgos resaltó una brecha entre el avance
tecnológico y las condiciones prácticas y formativas en el contexto ecuatoriano. Este estudio
concluyó con la necesidad urgente de establecer marcos éticos claros, fortalecer la formación
en IA para psicólogos y garantizar mecanismos de supervisión que priorizaran el bienestar
del paciente en un entorno digitalizado.","https://www.dspace.uce.edu.ec/handle/25000/40543","https://www.dspace.uce.edu.ec/server/api/core/bitstreams/8fda7639-6599-4be9-a7a0-d72dc77cd013/content","2026-01-01","2026-05-20","2026-05-20","82 páginas","Universidad Central del Ecuador",,,"Trabajo de grado - Pregrado","Publication",,"2026-07-15 00:55:06.402943+00"
102,"aec87043-4651-4e2d-8670-2fbba9d597b1","Análisis Comparativo de modelos de Machine Learning aplicado a la codificación de títulos profesionales del Instituto Nacional de Estadística y Censos.","la clasificacion automatica de titulos profesionales representa un desafio clave para instituciones
gubernamentales donde el procesamiento manual de miles de registros puede ser costoso, lento y
propenso a errores. el presente proyecto presenta un analisis comparativo de modelos de machine
learning aplicados a la codificacion de titulos profesionales del inec, con el objetivo de identificar
enfoques eficientes y escalables que optimicen este proceso crucial para la gestion estadistica del
pais. por la naturaleza de los datos se evaluaron modelos de aprendizaje automatico bajo dos
enfoques, supervisados y no supervisados, en la categoria supervisada se compararon algoritmos
como maquinas de soporte vectorial (svm), extreme gradient boosting (xgboost) y redes
neuronales (feedforward y lstm), mientras que en el dominio de no supervisados se aplicaron
tecnicas de agrupamiento como k-means, hdbscan y clustering jerarquico, usando embeddings
semanticos construidos y pre-entrenados como bert para representar los titulos en forma de
vectores numericos. los resultados mostraron que el modelo de redes neuronales lstm alcanzo
una exactitud del 93% como rendimiento general del modelo en un tiempo de 26.15 minutos en la
codificacion automatica, superando a los demas modelos supervisados; a su vez para el
agrupamiento no supervisado, k-means conjuntamente con la tecnica bert genero agrupaciones
mas coherentes tematicamente permitiendo identificar ramas profesionales similares con una
optimizacion del tiempo de 2.13 minutos muy superior en comparacion a los otros modelos
probados. los resultados cuantitativos evidencian el potencial de los modelos de aprendizaje
automatico para ser considerados en futuros proyectos e investigaciones del inec.","La clasificación automática de títulos profesionales representa un desafío clave para instituciones
gubernamentales donde el procesamiento manual de miles de registros puede ser costoso, lento y
propenso a errores. El presente proyecto presenta un Análisis Comparativo de Modelos de Machine
Learning aplicados a la Codificación de Títulos Profesionales del INEC, con el objetivo de identificar
enfoques eficientes y escalables que optimicen este proceso crucial para la gestión estadística del
país. Por la naturaleza de los datos se evaluaron modelos de aprendizaje automático bajo dos
enfoques, supervisados y no supervisados, en la categoría supervisada se compararon algoritmos
como Máquinas de Soporte Vectorial (SVM), Extreme Gradient Boosting (XGBoost) y Redes
Neuronales (Feedforward y LSTM), mientras que en el dominio de no supervisados se aplicaron
técnicas de agrupamiento como K-Means, HDBSCAN y Clustering Jerárquico, usando embeddings
semánticos construidos y pre-entrenados como BERT para representar los títulos en forma de
vectores numéricos. Los resultados mostraron que el modelo de redes neuronales LSTM alcanzó
una exactitud del 93% como rendimiento general del modelo en un tiempo de 26.15 minutos en la
codificación automática, superando a los demás modelos supervisados; a su vez para el
agrupamiento no supervisado, K-Means conjuntamente con la técnica BERT generó agrupaciones
más coherentes temáticamente permitiendo identificar ramas profesionales similares con una
optimización del tiempo de 2.13 minutos muy superior en comparación a los otros modelos
probados. Los resultados cuantitativos evidencian el potencial de los modelos de aprendizaje
automático para ser considerados en futuros proyectos e investigaciones del INEC.","https://www.dspace.uce.edu.ec/handle/25000/40542","https://www.dspace.uce.edu.ec/server/api/core/bitstreams/4a0c0dc3-3922-4ca6-9858-6c3e4e06a206/content","2026-01-01","2026-05-20","2026-05-20","104 páginas","Universidad Central del Ecuador",,,"Trabajo de grado - Pregrado","Publication",,"2026-07-15 00:55:06.402943+00"
106,"eaab0864-e763-4b4c-9ae7-ed683aab8dad","Análisis comparativo de algoritmos de Deep Learning para la implementación del estudio de la kinesia en entrevistas de trabajo","el presente estudio se centro en la identificacion de los gestos faciales mas cruciales para el proceso de reclutamiento y seleccion de personal en entornos organizacionales, a traves de la comparacion de diversos modelos de deep learning, entre los cuales se incluyeron, un modelo personalizado, yolo train, vgg-16 y vgg-19. el objetivo primordial consistio en determinar cual de estos modelos da los mejores resultados en precision, valores de perdida y confianza. para lograr resultados optimos, se hace uso de la metodologia crisp-dm, que abarca diferentes etapas como la comprension del negocio, la comprension de datos, el modelado, la evaluacion y el despliegue. esta metodologia facilito una discusion exhaustiva sobre los resultados obtenidos, proporcionando un marco estructurado para la interpretacion de los hallazgos. el modelo mas eficaz identificado fue yolo train, el cual se empleo para desarrollar un prototipo de sitio web que permita a diversas organizaciones realizar entrevistas, ya sean virtuales o presenciales, utilizando una camara web para capturar los gestos faciales mas relevantes. los datos recopilados se presentan en un informe resumido, lo que simplifica y mejora el proceso de toma de decisiones para la contratacion de personal, alineandolo con los objetivos especificos de cada empresa.","El presente estudio se centró en la identificación de los gestos faciales más cruciales para el proceso de reclutamiento y selección de personal en entornos organizacionales, a través de la comparación de diversos modelos de Deep Learning, entre los cuales se incluyeron, un modelo personalizado, YOLO train, VGG-16 y VGG-19. El objetivo primordial consistió en determinar cuál de estos modelos da los mejores resultados en precisión, valores de pérdida y confianza. Para lograr resultados óptimos, se hace uso de la metodología CRISP-DM, que abarca diferentes etapas como la comprensión del negocio, la comprensión de datos, el modelado, la evaluación y el despliegue. Esta metodología facilitó una discusión exhaustiva sobre los resultados obtenidos, proporcionando un marco estructurado para la interpretación de los hallazgos. El modelo más eficaz identificado fue YOLO train, el cual se empleó para desarrollar un prototipo de sitio web que permita a diversas organizaciones realizar entrevistas, ya sean virtuales o presenciales, utilizando una cámara web para capturar los gestos faciales más relevantes. Los datos recopilados se presentan en un informe resumido, lo que simplifica y mejora el proceso de toma de decisiones para la contratación de personal, alineándolo con los objetivos específicos de cada empresa.","https://www.dspace.uce.edu.ec/handle/25000/34424","https://www.dspace.uce.edu.ec/server/api/core/bitstreams/34365180-87ea-4e1d-9620-d1ab7c2f86ae/content","2024-01-01","2024-08-08","2024-08-08","56 páginas","Universidad Central del Ecuador",,,"Trabajo de grado - Pregrado","Publication",,"2026-07-15 00:55:06.402943+00"
107,"eab4b40c-340f-4b16-a898-64801af4b16d","Benchmarking con la potencialidad de redes sociales hacia la toma decisiones.","en el tiempo que vivimos grandes empresas invierten muchos recursos en la obtencion y manejo de informacion, ya que es de su conocimiento que sabiendo interpretar dichos datos se pueden tomar decisiones que mejoraren en diferentes aspectos a la organizacion. la explosion de datos existentes en el mundo proviene mayoritariamente sistemas transaccionales, documentos digitales en diferentes formatos y tambien de las redes sociales las cuales han crecido exponencialmente en los ultimos anos y principalmente a raiz de la pandemia y confinamiento generadas por el covid-19. el presente trabajo tiene como objetivo investigar, por medio de un benchmarking, distintas herramientas que interactuen entre ellas para lograr un ambiente el cual sea posible la descarga y tratamiento de datos de las diferentes social networks, y presentarlas de una forma que sea facil de interpretar ayudando de esta forma a la toma de decisiones
empresariales.","En el tiempo que vivimos grandes empresas invierten muchos recursos en la obtención y manejo de información, ya que es de su conocimiento que sabiendo interpretar dichos datos se pueden tomar decisiones que mejoraren en diferentes aspectos a la organización. La explosión de datos existentes en el mundo proviene mayoritariamente sistemas transaccionales, documentos digitales en diferentes formatos y también de las redes sociales las cuales han crecido exponencialmente en los últimos años y principalmente a raíz de la pandemia y confinamiento generadas por el covid-19. El presente trabajo tiene como objetivo investigar, por medio de un benchmarking, distintas herramientas que interactúen entre ellas para lograr un ambiente el cual sea posible la descarga y tratamiento de datos de las diferentes social networks, y presentarlas de una forma que sea fácil de interpretar ayudando de esta forma a la toma de decisiones
empresariales.","https://www.dspace.uce.edu.ec/handle/25000/25709","https://www.dspace.uce.edu.ec/server/api/core/bitstreams/c8c5c39a-29a6-416a-823d-4401386a6201/content","2022-01-01","2022-02-23","2022-02-23","55 páginas","Universidad Central del Ecuador","openAccess","http://creativecommons.org/licenses/by-nc-sa/3.0/ec/","bachelorThesis","Publication",,"2026-07-15 00:55:06.402943+00"
108,"eaf1cd53-5912-41a8-97bb-d1dc382fedcc","Investigación de cómo actúa la ética y responsabilidad en el uso de inteligencia artificial dentro de la Universidad Central del Ecuador","esta investigacion analiza el papel de la etica y la responsabilidad en el uso de la inteligencia
artificial (ia) dentro de la universidad central del ecuador. el objetivo general de dicha
investigacion fue comprender el impacto de la ia en la formacion de los estudiantes y
potenciar su utilizacion de manera responsable y orientada a la generacion de nuevo
conocimiento, para lo cual se aplico un enfoque metodologico mixto: se encuesto a 324
miembros de la comunidad universitaria y se realizaron entrevistas semiestructuradas a
docentes y estudiantes, complementadas con revision documental. los resultados
cuantitativos evidencian una adopcion casi universal de la ia (98,5 % de los encuestados la
ha utilizado) y un uso academico significativo (96,6 %). sin embargo, el 77,8 % no ha recibido
capacitacion etica y el 77,2 % desconoce como se protegen sus datos, lo que refleja brechas
de formacion y transparencia. el analisis cualitativo confirmo inquietudes sobre autoria,
integridad academica y privacidad, asi como la percepcion de que la ia puede afectar de
manera negativa al debilitar el pensamiento critico si no se regula adecuadamente. la
triangulacion de hallazgos muestra consenso en la necesidad de lineamientos y un codigo de
etica institucional, ademas de programas de capacitacion continua. las conclusiones subrayan
que la ia puede mejorar la eficiencia y personalizar el aprendizaje, pero su aprovechamiento
pleno exige politicas claras, supervision humana, sensibilizacion y socializacion permanente","Esta investigación analiza el papel de la ética y la responsabilidad en el uso de la inteligencia
artificial (IA) dentro de la Universidad Central del Ecuador. El objetivo general de dicha
investigación fue comprender el impacto de la IA en la formación de los estudiantes y
potenciar su utilización de manera responsable y orientada a la generación de nuevo
conocimiento, para lo cual se aplicó un enfoque metodológico mixto: se encuestó a 324
miembros de la comunidad universitaria y se realizaron entrevistas semiestructuradas a
docentes y estudiantes, complementadas con revisión documental. Los resultados
cuantitativos evidencian una adopción casi universal de la IA (98,5 % de los encuestados la
ha utilizado) y un uso académico significativo (96,6 %). Sin embargo, el 77,8 % no ha recibido
capacitación ética y el 77,2 % desconoce cómo se protegen sus datos, lo que refleja brechas
de formación y transparencia. El análisis cualitativo confirmó inquietudes sobre autoría,
integridad académica y privacidad, así como la percepción de que la IA puede afectar de
manera negativa al debilitar el pensamiento crítico si no se regula adecuadamente. La
triangulación de hallazgos muestra consenso en la necesidad de lineamientos y un código de
ética institucional, además de programas de capacitación continua. Las conclusiones subrayan
que la IA puede mejorar la eficiencia y personalizar el aprendizaje, pero su aprovechamiento
pleno exige políticas claras, supervisión humana, sensibilización y socialización permanente","https://www.dspace.uce.edu.ec/handle/25000/39197","https://www.dspace.uce.edu.ec/server/api/core/bitstreams/ae170cee-f53a-4499-ae34-853b73e8f22d/content","2025-01-01","2025-12-15","2025-12-15","71 páginas","Universidad Central del Ecuador",,,"Trabajo de grado - Pregrado","Publication",,"2026-07-15 00:55:06.402943+00"
109,"f799c229-7ac2-4a31-b6e9-6994ddcb9dbb","Modelos Predictivos en el Fútbol: Aplicación de Redes Neuronales para Pronósticos de Resultados y Rendimiento del Jugador","el presente proyecto se enfoco en el desarrollo e implementacion de un modelo predictivo
basado en redes neuronales para la prediccion de resultados de partidos y la evaluacion del
rendimiento individual de jugadores en el campeonato ecuatoriano de futbol. se utilizaron y
compararon varios modelos, incluyendo redes neuronales profundas (dnn), redes
neuronales convolucionales (cnn) y redes neuronales recurrentes (rnn). la metodologia
empleada permitio procesar los datos historicos de equipos y jugadores de la liga pro, con
el fin de desarrollar un sistema que predijera con precision las posiciones finales de los
equipos y los goles esperados (xg). el sistema desarrollado se implemento utilizando python
y herramientas de analisis de datos, lo que facilito la construccion de los modelos y la
evaluacion de su desempeno. uno de los aspectos mas destacados del proyecto fue la
capacidad del modelo dnn para ofrecer predicciones precisas sobre el rendimiento de los
jugadores y los equipos, evaluando metricas como goles, asistencias y minutos jugados. el
modelo mostro buenos resultados en terminos de precision, aunque se identificaron
limitaciones relacionadas con la capacidad de capturar factores externos como lesiones o
cambios tacticos. en respuesta a estos hallazgos, se recomendaron mejoras futuras que
incluyan un mayor numero de variables contextuales. este proyecto representa una
contribucion significativa al analisis del rendimiento deportivo mediante el uso de redes
neuronales en el futbol ecuatoriano.","El presente proyecto se enfocó en el desarrollo e implementación de un modelo predictivo
basado en redes neuronales para la predicción de resultados de partidos y la evaluación del
rendimiento individual de jugadores en el campeonato ecuatoriano de fútbol. Se utilizaron y
compararon varios modelos, incluyendo redes neuronales profundas (DNN), redes
neuronales convolucionales (CNN) y redes neuronales recurrentes (RNN). La metodología
empleada permitió procesar los datos históricos de equipos y jugadores de la Liga Pro, con
el fin de desarrollar un sistema que predijera con precisión las posiciones finales de los
equipos y los goles esperados (xG). El sistema desarrollado se implementó utilizando Python
y herramientas de análisis de datos, lo que facilitó la construcción de los modelos y la
evaluación de su desempeño. Uno de los aspectos más destacados del proyecto fue la
capacidad del modelo DNN para ofrecer predicciones precisas sobre el rendimiento de los
jugadores y los equipos, evaluando métricas como goles, asistencias y minutos jugados. El
modelo mostró buenos resultados en términos de precisión, aunque se identificaron
limitaciones relacionadas con la capacidad de capturar factores externos como lesiones o
cambios tácticos. En respuesta a estos hallazgos, se recomendaron mejoras futuras que
incluyan un mayor número de variables contextuales. Este proyecto representa una
contribución significativa al análisis del rendimiento deportivo mediante el uso de redes
neuronales en el fútbol ecuatoriano.","https://www.dspace.uce.edu.ec/handle/25000/39226","https://www.dspace.uce.edu.ec/server/api/core/bitstreams/c447ab6c-5a8e-40b5-96f0-28fdbea0f297/content","2025-01-01","2025-12-16","2025-12-16","64 páginas","Universidad Central del Ecuador",,,"Trabajo de grado - Pregrado","Publication",,"2026-07-15 00:55:06.402943+00"
